emoji	😀	grinning face	cheerful, cheery, face, grin, grinning, happy, laugh, nice, smile, smiling, teeth
emoji	😃	grinning face with big eyes	awesome, big, eyes, face, grin, grinning, happy, mouth, open, smile, smiling, teeth, yay
emoji	😄	grinning face with smiling eyes	eye, eyes, face, grin, grinning, happy, laugh, lol, mouth, open, smile, smiling
emoji	😁	beaming face with smiling eyes	beaming, eye, eyes, face, grin, grinning, happy, nice, smile, smiling, teeth
emoji	😆	grinning squinting face	closed, eyes, face, grinning, haha, hahaha, happy, laugh, lol, mouth, open, rofl, smile, smiling, squinting
emoji	😅	grinning face with sweat	cold, dejected, excited, face, grinning, mouth, nervous, open, smile, smiling, stress, stressed, sweat
emoji	🤣	rolling on the floor laughing	crying, face, floor, funny, haha, happy, hehe, hilarious, joy, laugh, lmao, lol, rofl, roflmao, rolling, tear
emoji	😂	face with tears of joy	crying, face, feels, funny, haha, happy, hehe, hilarious, joy, laugh, lmao, lol, rofl, roflmao, tear
emoji	🙂	slightly smiling face	face, happy, slightly, smile, smiling
emoji	🙃	upside-down face	face, hehe, smile, upside-down
emoji	🫠	melting face	disappear, dissolve, embarrassed, face, haha, heat, hot, liquid, lol, melt, melting, sarcasm, sarcastic
emoji	🫫	cracking face	breaking, crumbling, masking, resilience, reveal, tension, transformation
emoji	😉	winking face	face, flirt, heartbreaker, sexy, slide, tease, wink, winking, winks
emoji	😊	smiling face with smiling eyes	blush, eye, eyes, face, glad, satisfied, smile, smiling
emoji	😇	smiling face with halo	angel, angelic, angels, blessed, face, fairy, fairytale, fantasy, halo, happy, innocent, peaceful, smile, smiling, spirit, tale
emoji	🥰	smiling face with hearts	3, adore, crush, face, heart, hearts, ily, love, romance, smile, smiling, you
emoji	😍	smiling face with heart-eyes	143, bae, eye, face, feels, heart-eyes, hearts, ily, kisses, love, romance, romantic, smile, xoxo
emoji	🤩	star-struck	excited, eyes, face, grinning, smile, star, star-struck, starry-eyed, wow
emoji	😘	face blowing a kiss	adorbs, bae, blowing, face, flirt, heart, ily, kiss, love, lover, miss, muah, romantic, smooch, xoxo, you
emoji	😗	kissing face	143, date, dating, face, flirt, ily, kiss, love, smooch, smooches, xoxo, you
emoji	☺️	smiling face	face, happy, outlined, relaxed, smile, smiling
emoji	😚	kissing face with closed eyes	143, bae, blush, closed, date, dating, eye, eyes, face, flirt, ily, kisses, kissing, smooches, xoxo
emoji	😙	kissing face with smiling eyes	143, closed, date, dating, eye, eyes, face, flirt, ily, kiss, kisses, kissing, love, night, smile, smiling
emoji	🥲	smiling face with tear	face, glad, grateful, happy, joy, pain, proud, relieved, smile, smiley, smiling, tear, touched
emoji	😋	face savoring food	delicious, eat, face, food, full, hungry, savor, smile, smiling, tasty, um, yum, yummy
emoji	😛	face with tongue	awesome, cool, face, nice, party, stuck-out, sweet, tongue
emoji	😜	winking face with tongue	crazy, epic, eye, face, funny, joke, loopy, nutty, party, stuck-out, tongue, wacky, weirdo, wink, winking, yolo
emoji	🤪	zany face	crazy, eye, eyes, face, goofy, large, small, zany
emoji	😝	squinting face with tongue	closed, eye, eyes, face, gross, horrible, omg, squinting, stuck-out, taste, tongue, whatever, yolo
emoji	🤑	money-mouth face	face, money, money-mouth, mouth, paid
emoji	🤗	smiling face with open hands	face, hands, hug, hugging, open, smiling
emoji	🤭	face with hand over mouth	face, giggle, giggling, hand, mouth, oops, realization, secret, shock, sudden, surprise, whoops
emoji	🫢	face with open eyes and hand over mouth	amazement, awe, disbelief, embarrass, eyes, face, gasp, hand, mouth, omg, open, over, quiet, scared, shock, surprise
emoji	🫣	face with peeking eye	captivated, embarrass, eye, face, hide, hiding, peek, peeking, peep, scared, shy, stare
emoji	🤫	shushing face	face, quiet, shh, shush, shushing
emoji	🤔	thinking face	chin, consider, face, hmm, ponder, pondering, thinking, wondering
emoji	🫡	saluting face	face, good, luck, ma’am, OK, respect, salute, saluting, sir, troops, yes
emoji	🤐	zipper-mouth face	face, keep, mouth, quiet, secret, shut, zip, zipper, zipper-mouth
emoji	🤨	face with raised eyebrow	disapproval, disbelief, distrust, emoji, eyebrow, face, hmm, mild, raised, skeptic, skeptical, skepticism, surprise, what
emoji	😐	neutral face	awkward, blank, deadpan, expressionless, face, fine, jealous, meh, neutral, oh, shade, straight, unamused, unhappy, unimpressed, whatever
emoji	😑	expressionless face	awkward, dead, expressionless, face, fine, inexpressive, jealous, meh, not, oh, omg, straight, uh, unhappy, unimpressed, whatever
emoji	😶	face without mouth	awkward, blank, expressionless, face, mouth, mouthless, mute, quiet, secret, silence, silent, speechless
emoji	🫥	dotted line face	depressed, disappear, dotted, face, hidden, hide, introvert, invisible, line, meh, whatever, wtv
emoji	😶‍🌫️	face in clouds	absentminded, clouds, face, fog, head
emoji	😏	smirking face	boss, dapper, face, flirt, homie, kidding, leer, shade, slick, sly, smirk, smug, snicker, suave, suspicious, swag
emoji	😒	unamused face	..., bored, face, fine, jealous, jel, jelly, pissed, smh, ugh, uhh, unamused, unhappy, weird, whatever
emoji	🙄	face with rolling eyes	eyeroll, eyes, face, rolling, shade, ugh, whatever
emoji	😬	grimacing face	awk, awkward, dentist, face, grimace, grimacing, grinning, smile, smiling
emoji	😮‍💨	face exhaling	blow, blowing, exhale, exhaling, exhausted, face, gasp, groan, relief, sigh, smiley, smoke, whisper, whistle
emoji	🤥	lying face	face, liar, lie, lying, pinocchio
emoji	🫨	shaking face	crazy, daze, earthquake, face, omg, panic, shaking, shock, surprise, vibrate, whoa, wow
emoji	🙂‍↔️	head shaking horizontally	head, horizontally, no, shake, shaking
emoji	🙂‍↕️	head shaking vertically	head, nod, shaking, vertically, yes
emoji	😌	relieved face	calm, face, peace, relief, relieved, zen
emoji	😔	pensive face	awful, bored, dejected, died, disappointed, face, losing, lost, pensive, sad, sucks
emoji	😪	sleepy face	crying, face, good, night, sad, sleep, sleeping, sleepy, tired
emoji	🤤	drooling face	drooling, face
emoji	😴	sleeping face	bed, bedtime, face, good, goodnight, nap, night, sleep, sleeping, tired, whatever, yawn, zzz
emoji	🫩	face with bags under eyes	bags, bored, exhausted, eyes, face, fatigued, late, sleepy, tired, weary
emoji	😷	face with medical mask	cold, dentist, dermatologist, doctor, dr, face, germs, mask, medical, medicine, sick
emoji	🤒	face with thermometer	face, ill, sick, thermometer
emoji	🤕	face with head-bandage	bandage, face, head-bandage, hurt, injury, ouch
emoji	🤢	nauseated face	face, gross, nasty, nauseated, sick, vomit
emoji	🤮	face vomiting	barf, ew, face, gross, puke, sick, spew, throw, up, vomit, vomiting
emoji	🤧	sneezing face	face, fever, flu, gesundheit, sick, sneeze, sneezing
emoji	🥵	hot face	dying, face, feverish, heat, hot, panting, red-faced, stroke, sweating, tongue
emoji	🥶	cold face	blue, blue-faced, cold, face, freezing, frostbite, icicles, subzero, teeth
emoji	🥴	woozy face	dizzy, drunk, eyes, face, intoxicated, mouth, tipsy, uneven, wavy, woozy
emoji	😵	face with crossed-out eyes	crossed-out, dead, dizzy, eyes, face, feels, knocked, out, sick, tired
emoji	😵‍💫	face with spiral eyes	confused, dizzy, eyes, face, hypnotized, omg, smiley, spiral, trouble, whoa, woah, woozy
emoji	🤯	exploding head	blown, explode, exploding, head, mind, mindblown, no, shocked, way
emoji	🤠	cowboy hat face	cowboy, cowgirl, face, hat
emoji	🥳	partying face	bday, birthday, celebrate, celebration, excited, face, happy, hat, hooray, horn, party, partying
emoji	🥸	disguised face	disguise, eyebrow, face, glasses, incognito, moustache, mustache, nose, person, spy, tache, tash
emoji	😎	smiling face with sunglasses	awesome, beach, bright, bro, chilling, cool, face, rad, relaxed, shades, slay, smile, style, sunglasses, swag, win
emoji	🤓	nerd face	brainy, clever, expert, face, geek, gifted, glasses, intelligent, nerd, smart
emoji	🧐	face with monocle	classy, face, fancy, monocle, rich, stuffy, wealthy
emoji	😕	confused face	befuddled, confused, confusing, dunno, face, frown, hm, meh, not, sad, sorry, sure
emoji	🫤	face with diagonal mouth	confused, confusion, diagonal, disappointed, doubt, doubtful, face, frustrated, frustration, meh, mouth, skeptical, unsure, whatever, wtv
emoji	😟	worried face	anxious, butterflies, face, nerves, nervous, sad, stress, stressed, surprised, worried, worry
emoji	🙁	slightly frowning face	face, frown, frowning, sad, slightly
emoji	☹️	frowning face	face, frown, frowning, sad
emoji	😮	face with open mouth	believe, face, forgot, mouth, omg, open, shocked, surprised, sympathy, unbelievable, unreal, whoa, wow, you
emoji	😯	hushed face	epic, face, hushed, omg, stunned, surprised, whoa, woah
emoji	😲	astonished face	astonished, cost, face, no, omg, shocked, totally, way
emoji	😳	flushed face	amazed, awkward, crazy, dazed, dead, disbelief, embarrassed, face, flushed, geez, heat, hot, impressed, jeez, what, wow
emoji	🫪	distorted face	anxiety, bloated, panic, shocked, surprised, vulnerable
emoji	🥺	pleading face	begging, big, eyes, face, mercy, not, pleading, please, pretty, puppy, sad, why
emoji	🥹	face holding back tears	admiration, aww, back, cry, embarrassed, face, feelings, grateful, gratitude, holding, joy, please, proud, resist, sad, tears
emoji	😦	frowning face with open mouth	caught, face, frown, frowning, guard, mouth, open, scared, scary, surprise, what, wow
emoji	😧	anguished face	anguished, face, forgot, scared, scary, stressed, surprise, unhappy, what, wow
emoji	😨	fearful face	afraid, anxious, blame, face, fear, fearful, scared, worried
emoji	😰	anxious face with sweat	anxious, blue, cold, eek, face, mouth, nervous, open, rushed, scared, sweat, yikes
emoji	😥	sad but relieved face	anxious, call, close, complicated, disappointed, face, not, relieved, sad, sweat, time, whew
emoji	😢	crying face	awful, cry, crying, face, feels, miss, sad, tear, triste, unhappy
emoji	😭	loudly crying face	bawling, cry, crying, face, loudly, sad, sob, tear, tears, unhappy
emoji	😱	face screaming in fear	epic, face, fear, fearful, munch, scared, scream, screamer, screaming, shocked, surprised, woah
emoji	😖	confounded face	annoyed, confounded, confused, cringe, distraught, face, feels, frustrated, mad, sad
emoji	😣	persevering face	concentrate, concentration, face, focus, headache, persevere, persevering
emoji	😞	disappointed face	awful, blame, dejected, disappointed, face, fail, losing, sad, unhappy
emoji	😓	downcast face with sweat	close, cold, downcast, face, feels, headache, nervous, sad, scared, sweat, yikes
emoji	😩	weary face	crying, face, fail, feels, hungry, mad, nooo, sad, sleepy, tired, unhappy, weary
emoji	😫	tired face	cost, face, feels, nap, sad, sneeze, tired
emoji	🥱	yawning face	bedtime, bored, face, goodnight, nap, night, sleep, sleepy, tired, whatever, yawn, yawning, zzz
emoji	😤	face with steam from nose	anger, angry, face, feels, fume, fuming, furious, fury, mad, nose, steam, triumph, unhappy, won
emoji	😡	enraged face	anger, angry, enraged, face, feels, mad, maddening, pouting, rage, red, shade, unhappy, upset
emoji	😠	angry face	anger, angry, blame, face, feels, frustrated, mad, maddening, rage, shade, unhappy, upset
emoji	🤬	face with symbols on mouth	censor, cursing, cussing, face, mad, mouth, pissed, swearing, symbols
emoji	😈	smiling face with horns	demon, devil, evil, face, fairy, fairytale, fantasy, horns, purple, shade, smile, smiling, tale
emoji	👿	angry face with horns	angry, demon, devil, evil, face, fairy, fairytale, fantasy, horns, imp, mischievous, purple, shade, tale
emoji	💀	skull	body, dead, death, face, fairy, fairytale, i’m, lmao, monster, skull, tale, yolo
emoji	☠️	skull and crossbones	bone, crossbones, dead, death, face, monster, skull
emoji	💩	pile of poo	bs, comic, doo, dung, face, fml, monster, pile, poo, poop, smelly, smh, stink, stinks, stinky, turd
emoji	🤡	clown face	clown, face
emoji	👹	ogre	creature, devil, face, fairy, fairytale, fantasy, mask, monster, ogre, scary, tale
emoji	👺	goblin	angry, creature, face, fairy, fairytale, fantasy, goblin, mask, mean, monster, tale
emoji	👻	ghost	boo, creature, excited, face, fairy, fairytale, fantasy, ghost, halloween, haunting, monster, scary, silly, tale
emoji	👽	alien	alien, creature, extraterrestrial, face, fairy, fairytale, fantasy, monster, space, tale, ufo
emoji	👾	alien monster	alien, creature, extraterrestrial, face, fairy, fairytale, fantasy, game, gamer, games, monster, pixelated, space, tale, ufo
emoji	🤖	robot	face, monster, robot
emoji	😺	grinning cat	animal, cat, face, grinning, mouth, open, smile, smiling
emoji	😸	grinning cat with smiling eyes	animal, cat, eye, eyes, face, grin, grinning, smile, smiling
emoji	😹	cat with tears of joy	animal, cat, face, joy, laugh, laughing, lol, tear, tears
emoji	😻	smiling cat with heart-eyes	animal, cat, eye, face, heart, heart-eyes, love, smile, smiling
emoji	😼	cat with wry smile	animal, cat, face, ironic, smile, wry
emoji	😽	kissing cat	animal, cat, closed, eye, eyes, face, kiss, kissing
emoji	🙀	weary cat	animal, cat, face, oh, surprised, weary
emoji	😿	crying cat	animal, cat, cry, crying, face, sad, tear
emoji	😾	pouting cat	animal, cat, face, pouting
emoji	🙈	see-no-evil monkey	embarrassed, evil, face, forbidden, forgot, gesture, hide, monkey, no, omg, prohibited, scared, secret, smh, watch
emoji	🙉	hear-no-evil monkey	animal, ears, evil, face, forbidden, gesture, hear, listen, monkey, no, not, prohibited, secret, shh, tmi
emoji	🙊	speak-no-evil monkey	animal, evil, face, forbidden, gesture, monkey, no, not, oops, prohibited, quiet, secret, speak, stealth
emoji	💌	love letter	heart, letter, love, mail, romance, valentine
emoji	💘	heart with arrow	143, adorbs, arrow, cupid, date, emotion, heart, ily, love, romance, valentine
emoji	💝	heart with ribbon	143, anniversary, emotion, heart, ily, kisses, ribbon, valentine, xoxo
emoji	💖	sparkling heart	143, emotion, excited, good, heart, ily, kisses, morning, night, sparkle, sparkling, xoxo
emoji	💗	growing heart	143, emotion, excited, growing, heart, heartpulse, ily, kisses, muah, nervous, pulse, xoxo
emoji	💓	beating heart	143, beating, cardio, emotion, heart, heartbeat, ily, love, pulsating, pulse
emoji	💞	revolving hearts	143, adorbs, anniversary, emotion, heart, hearts, revolving
emoji	💕	two hearts	143, anniversary, date, dating, emotion, heart, hearts, ily, kisses, love, loving, two, xoxo
emoji	💟	heart decoration	143, decoration, emotion, heart, hearth, purple, white
emoji	❣️	heart exclamation	bang, exclamation, heart, heavy, mark, punctuation
emoji	💔	broken heart	break, broken, crushed, emotion, heart, heartbroken, lonely, sad
emoji	❤️‍🔥	heart on fire	burn, fire, heart, love, lust, sacred
emoji	❤️‍🩹	mending heart	healthier, heart, improving, mending, recovering, recuperating, well
emoji	❤️	red heart	emotion, heart, love, red
emoji	🩷	pink heart	143, adorable, cute, emotion, heart, ily, like, love, pink, special, sweet
emoji	🧡	orange heart	143, heart, orange
emoji	💛	yellow heart	143, cardiac, emotion, heart, ily, love, yellow
emoji	💚	green heart	143, emotion, green, heart, ily, love, romantic
emoji	💙	blue heart	143, blue, emotion, heart, ily, love, romance
emoji	🩵	light blue heart	143, blue, cute, cyan, emotion, heart, ily, light, like, love, sky, special, teal
emoji	💜	purple heart	143, bestest, emotion, heart, ily, love, purple
emoji	🤎	brown heart	143, brown, heart
emoji	🖤	black heart	black, evil, heart, wicked
emoji	🩶	grey heart	143, emotion, gray, grey, heart, ily, love, silver, slate, special
emoji	🤍	white heart	143, heart, white
emoji	💋	kiss mark	dating, emotion, heart, kiss, kissing, lips, mark, romance, sexy
emoji	💯	hundred points	100, a+, agree, clearly, definitely, faithful, fleek, full, hundred, keep, perfect, point, score, TRUE, truth, yup
emoji	💢	anger symbol	anger, angry, comic, mad, symbol, upset
emoji	🫯	fight cloud	argument, brawl, debate, disagreement, fight, ruckus, wrestle
emoji	💥	collision	bomb, boom, collide, collision, comic, explode
emoji	💫	dizzy	comic, dizzy, shining, shooting, star, stars
emoji	💦	sweat droplets	comic, drip, droplet, droplets, drops, splashing, squirt, sweat, water, wet, work, workout
emoji	💨	dashing away	away, cloud, comic, dash, dashing, fart, fast, go, gone, gotta, running, smoke
emoji	🕳️	hole	hole
emoji	💬	speech balloon	balloon, bubble, comic, dialog, message, sms, speech, talk, text, typing
emoji	👁️‍🗨️	eye in speech bubble	balloon, bubble, eye, speech, witness
emoji	🗨️	left speech bubble	balloon, bubble, dialog, left, speech
emoji	🗯️	right anger bubble	anger, angry, balloon, bubble, mad, right
emoji	💭	thought balloon	balloon, bubble, cartoon, cloud, comic, daydream, decisions, dream, idea, invent, invention, realize, think, thoughts, wonder
emoji	💤	ZZZ	comic, good, goodnight, night, sleep, sleeping, sleepy, tired, zzz
emoji	👋	waving hand	bye, cya, g2g, greetings, gtg, hand, hello, hey, hi, later, outtie, ttfn, ttyl, wave, yo, you
emoji	🤚	raised back of hand	back, backhand, hand, raised
emoji	🖐️	hand with fingers splayed	finger, fingers, hand, raised, splayed, stop
emoji	✋	raised hand	5, five, hand, high, raised, stop
emoji	🖖	vulcan salute	finger, hand, hands, salute, Vulcan
emoji	🫱	rightwards hand	hand, handshake, hold, reach, right, rightward, rightwards, shake
emoji	🫲	leftwards hand	hand, handshake, hold, left, leftward, leftwards, reach, shake
emoji	🫳	palm down hand	dismiss, down, drop, dropped, hand, palm, pick, shoo, up
emoji	🫴	palm up hand	beckon, catch, come, hand, hold, know, lift, me, offer, palm, tell
emoji	🫷	leftwards pushing hand	block, five, halt, hand, high, hold, leftward, leftwards, pause, push, pushing, refuse, slap, stop, wait
emoji	🫸	rightwards pushing hand	block, five, halt, hand, high, hold, pause, push, pushing, refuse, rightward, rightwards, slap, stop, wait
emoji	👌	OK hand	awesome, bet, dope, fleek, fosho, got, gotcha, hand, legit, OK, okay, pinch, rad, sure, sweet, three
emoji	🤌	pinched fingers	fingers, gesture, hand, hold, huh, interrogation, patience, pinched, relax, sarcastic, ugh, what, zip
emoji	🤏	pinching hand	amount, bit, fingers, hand, little, pinching, small, sort
emoji	✌️	victory hand	hand, peace, v, victory
emoji	🤞	crossed fingers	cross, crossed, finger, fingers, hand, luck
emoji	🫰	hand with index finger and thumb crossed	&lt;3, crossed, expensive, finger, hand, heart, index, love, money, snap, thumb
emoji	🤟	love-you gesture	fingers, gesture, hand, ILY, love, love-you, three, you
emoji	🤘	sign of the horns	finger, hand, horns, rock-on, sign
emoji	🤙	call me hand	call, hand, hang, loose, me, Shaka
emoji	👈	backhand index pointing left	backhand, finger, hand, index, left, point, pointing
emoji	👉	backhand index pointing right	backhand, finger, hand, index, point, pointing, right
emoji	👆	backhand index pointing up	backhand, finger, hand, index, point, pointing, up
emoji	🖕	middle finger	finger, hand, middle
emoji	👇	backhand index pointing down	backhand, down, finger, hand, index, point, pointing
emoji	☝️	index pointing up	finger, hand, index, point, pointing, this, up
emoji	🫵	index pointing at the viewer	at, finger, hand, index, pointing, poke, viewer, you
emoji	👍	thumbs up	+1, good, hand, like, thumb, up, yes
emoji	👎	thumbs down	-1, bad, dislike, down, good, hand, no, nope, thumb, thumbs
emoji	🫹	leftwards thumb sign	grip, left, neutral, point, that, this
emoji	🫺	rightwards thumb sign	grip, neutral, point, right, that, this
emoji	✊	raised fist	clenched, fist, hand, punch, raised, solidarity
emoji	👊	oncoming fist	absolutely, agree, boom, bro, bruh, bump, clenched, correct, fist, hand, knuckle, oncoming, pound, punch, rock, ttyl
emoji	🤛	left-facing fist	fist, left-facing, leftwards
emoji	🤜	right-facing fist	fist, right-facing, rightwards
emoji	👏	clapping hands	applause, approval, awesome, clap, congrats, congratulations, excited, good, great, hand, homie, job, nice, prayed, well, yay
emoji	🙌	raising hands	celebration, gesture, hand, hands, hooray, praise, raised, raising
emoji	🫶	heart hands	&lt;3, hands, heart, love, you
emoji	👐	open hands	hand, hands, hug, jazz, open, swerve
emoji	🤲	palms up together	cupped, dua, hands, palms, pray, prayer, together, up, wish
emoji	🤝	handshake	agreement, deal, hand, handshake, meeting, shake
emoji	🙏	folded hands	appreciate, ask, beg, blessed, bow, cmon, five, folded, gesture, hand, high, please, pray, thanks, thx
emoji	✍️	writing hand	hand, write, writing
emoji	💅	nail polish	bored, care, cosmetics, done, makeup, manicure, nail, polish, whatever
emoji	🤳	selfie	camera, phone, selfie
emoji	💪	flexed biceps	arm, beast, bench, biceps, bodybuilder, bro, curls, flex, gains, gym, jacked, muscle, press, ripped, strong, weightlift
emoji	🦾	mechanical arm	accessibility, arm, mechanical, prosthetic
emoji	🦿	mechanical leg	accessibility, leg, mechanical, prosthetic
emoji	🦵	leg	bent, foot, kick, knee, leg, limb
emoji	🦶	foot	ankle, feet, foot, kick, stomp
emoji	👂	ear	body, ear, ears, hear, hearing, listen, listening, sound
emoji	🦻	ear with hearing aid	accessibility, aid, ear, hard, hearing
emoji	👃	nose	body, nose, noses, nosey, odor, smell, smells
emoji	🧠	brain	brain, intelligent, smart
emoji	🫀	anatomical heart	anatomical, beat, cardiology, heart, heartbeat, organ, pulse, real, red
emoji	🫁	lungs	breath, breathe, exhalation, inhalation, lung, lungs, organ, respiration
emoji	🦷	tooth	dentist, pearly, teeth, tooth, white
emoji	🦴	bone	bone, bones, dog, skeleton, wishbone
emoji	👀	eyes	body, eye, eyes, face, googly, look, looking, omg, peep, see, seeing
emoji	👁️	eye	1, body, eye, one
emoji	👅	tongue	body, lick, slurp, tongue
emoji	👄	mouth	beauty, body, kiss, kissing, lips, lipstick, mouth
emoji	🫦	biting lip	anxious, bite, biting, fear, flirt, flirting, kiss, lip, lipstick, nervous, sexy, uncomfortable, worried, worry
emoji	👶	baby	babies, baby, children, goo, infant, newborn, pregnant, young
emoji	🧒	child	bright-eyed, child, grandchild, kid, young, younger
emoji	👦	boy	boy, bright-eyed, child, grandson, kid, son, young, younger
emoji	👧	girl	bright-eyed, child, daughter, girl, granddaughter, kid, Virgo, young, younger, zodiac
emoji	🧑	person	adult, person
emoji	👱	person: blond hair	blond, blond-haired, human, person
emoji	👨	man	adult, bro, man
emoji	🧔	person: beard	beard, bearded, person, whiskers
emoji	🧔‍♂️	man: beard	beard, bearded, man, whiskers
emoji	🧔‍♀️	woman: beard	beard, bearded, whiskers, woman
emoji	👨‍🦰	man: red hair	
emoji	👨‍🦱	man: curly hair	
emoji	👨‍🦳	man: white hair	
emoji	👨‍🦲	man: bald	
emoji	👩	woman	adult, lady, woman
emoji	👩‍🦰	woman: red hair	
emoji	🧑‍🦰	person: red hair	
emoji	👩‍🦱	woman: curly hair	
emoji	🧑‍🦱	person: curly hair	
emoji	👩‍🦳	woman: white hair	
emoji	🧑‍🦳	person: white hair	
emoji	👩‍🦲	woman: bald	
emoji	🧑‍🦲	person: bald	
emoji	👱‍♀️	woman: blond hair	blond, blond-haired, blonde, hair, woman
emoji	👱‍♂️	man: blond hair	blond, blond-haired, hair, man
emoji	🧓	older person	adult, elderly, grandparent, old, person, wise
emoji	👴	old man	adult, bald, elderly, gramps, grandfather, grandpa, man, old, wise
emoji	👵	old woman	adult, elderly, grandma, grandmother, granny, lady, old, wise, woman
emoji	🙍	person frowning	annoyed, disappointed, disgruntled, disturbed, frown, frowning, frustrated, gesture, irritated, person, upset
emoji	🙍‍♂️	man frowning	annoyed, disappointed, disgruntled, disturbed, frown, frowning, frustrated, gesture, irritated, man, upset
emoji	🙍‍♀️	woman frowning	annoyed, disappointed, disgruntled, disturbed, frown, frowning, frustrated, gesture, irritated, upset, woman
emoji	🙎	person pouting	disappointed, downtrodden, frown, grimace, person, pouting, scowl, sulk, upset, whine
emoji	🙎‍♂️	man pouting	disappointed, downtrodden, frown, grimace, man, pouting, scowl, sulk, upset, whine
emoji	🙎‍♀️	woman pouting	disappointed, downtrodden, frown, grimace, pouting, scowl, sulk, upset, whine, woman
emoji	🙅	person gesturing NO	forbidden, gesture, hand, NO, not, person, prohibit
emoji	🙅‍♂️	man gesturing NO	forbidden, gesture, hand, man, NO, not, prohibit
emoji	🙅‍♀️	woman gesturing NO	forbidden, gesture, hand, NO, not, prohibit, woman
emoji	🙆	person gesturing OK	exercise, gesture, gesturing, hand, OK, omg, person
emoji	🙆‍♂️	man gesturing OK	exercise, gesture, gesturing, hand, man, OK, omg
emoji	🙆‍♀️	woman gesturing OK	exercise, gesture, gesturing, hand, OK, omg, woman
emoji	💁	person tipping hand	fetch, flick, flip, gossip, hand, person, sarcasm, sarcastic, sassy, seriously, tipping, whatever
emoji	💁‍♂️	man tipping hand	fetch, flick, flip, gossip, hand, man, sarcasm, sarcastic, sassy, seriously, tipping, whatever
emoji	💁‍♀️	woman tipping hand	fetch, flick, flip, gossip, hand, sarcasm, sarcastic, sassy, seriously, tipping, whatever, woman
emoji	🙋	person raising hand	gesture, hand, here, know, me, person, pick, question, raise, raising
emoji	🙋‍♂️	man raising hand	gesture, hand, here, know, man, me, pick, question, raise, raising
emoji	🙋‍♀️	woman raising hand	gesture, hand, here, know, me, pick, question, raise, raising, woman
emoji	🧏	deaf person	accessibility, deaf, ear, gesture, hear, person
emoji	🧏‍♂️	deaf man	accessibility, deaf, ear, gesture, hear, man
emoji	🧏‍♀️	deaf woman	accessibility, deaf, ear, gesture, hear, woman
emoji	🙇	person bowing	apology, ask, beg, bow, bowing, favor, forgive, gesture, meditate, meditation, person, pity, regret, sorry
emoji	🙇‍♂️	man bowing	apology, ask, beg, bow, bowing, favor, forgive, gesture, man, meditate, meditation, pity, regret, sorry
emoji	🙇‍♀️	woman bowing	apology, ask, beg, bow, bowing, favor, forgive, gesture, meditate, meditation, pity, regret, sorry, woman
emoji	🤦	person facepalming	again, bewilder, disbelief, exasperation, facepalm, no, not, oh, omg, person, shock, smh
emoji	🤦‍♂️	man facepalming	again, bewilder, disbelief, exasperation, facepalm, man, no, not, oh, omg, shock, smh
emoji	🤦‍♀️	woman facepalming	again, bewilder, disbelief, exasperation, facepalm, no, not, oh, omg, shock, smh, woman
emoji	🤷	person shrugging	doubt, dunno, guess, idk, ignorance, indifference, knows, maybe, person, shrug, shrugging, whatever, who
emoji	🤷‍♂️	man shrugging	doubt, dunno, guess, idk, ignorance, indifference, knows, man, maybe, shrug, shrugging, whatever, who
emoji	🤷‍♀️	woman shrugging	doubt, dunno, guess, idk, ignorance, indifference, knows, maybe, shrug, shrugging, whatever, who, woman
emoji	🧑‍⚕️	health worker	doctor, health, healthcare, nurse, therapist, worker
emoji	👨‍⚕️	man health worker	doctor, health, healthcare, man, nurse, therapist, worker
emoji	👩‍⚕️	woman health worker	doctor, health, healthcare, nurse, therapist, woman, worker
emoji	🧑‍🎓	student	graduate, student
emoji	👨‍🎓	man student	graduate, man, student
emoji	👩‍🎓	woman student	graduate, student, woman
emoji	🧑‍🏫	teacher	instructor, lecturer, professor, teacher
emoji	👨‍🏫	man teacher	instructor, lecturer, man, professor, teacher
emoji	👩‍🏫	woman teacher	instructor, lecturer, professor, teacher, woman
emoji	🧑‍⚖️	judge	judge, justice, law, scales
emoji	👨‍⚖️	man judge	judge, justice, law, man, scales
emoji	👩‍⚖️	woman judge	judge, justice, law, scales, woman
emoji	🧑‍🌾	farmer	farmer, gardener, rancher
emoji	👨‍🌾	man farmer	farmer, gardener, man, rancher
emoji	👩‍🌾	woman farmer	farmer, gardener, rancher, woman
emoji	🧑‍🍳	cook	chef, cook
emoji	👨‍🍳	man cook	chef, cook, man
emoji	👩‍🍳	woman cook	chef, cook, woman
emoji	🧑‍🔧	mechanic	electrician, mechanic, plumber, tradesperson
emoji	👨‍🔧	man mechanic	electrician, man, mechanic, plumber, tradesperson
emoji	👩‍🔧	woman mechanic	electrician, mechanic, plumber, tradesperson, woman
emoji	🧑‍🏭	factory worker	assembly, factory, industrial, worker
emoji	👨‍🏭	man factory worker	assembly, factory, industrial, man, worker
emoji	👩‍🏭	woman factory worker	assembly, factory, industrial, woman, worker
emoji	🧑‍💼	office worker	architect, business, manager, office, white-collar, worker
emoji	👨‍💼	man office worker	architect, business, man, manager, office, white-collar, worker
emoji	👩‍💼	woman office worker	architect, business, manager, office, white-collar, woman, worker
emoji	🧑‍🔬	scientist	biologist, chemist, engineer, mathematician, physicist, scientist
emoji	👨‍🔬	man scientist	biologist, chemist, engineer, man, mathematician, physicist, scientist
emoji	👩‍🔬	woman scientist	biologist, chemist, engineer, mathematician, physicist, scientist, woman
emoji	🧑‍💻	technologist	coder, computer, developer, inventor, software, technologist
emoji	👨‍💻	man technologist	coder, computer, developer, inventor, man, software, technologist
emoji	👩‍💻	woman technologist	coder, computer, developer, inventor, software, technologist, woman
emoji	🧑‍🎤	singer	actor, entertainer, rock, rockstar, singer, star
emoji	👨‍🎤	man singer	actor, entertainer, man, rock, rockstar, singer, star
emoji	👩‍🎤	woman singer	actor, entertainer, rock, rockstar, singer, star, woman
emoji	🧑‍🎨	artist	artist, palette
emoji	👨‍🎨	man artist	artist, man, palette
emoji	👩‍🎨	woman artist	artist, palette, woman
emoji	🧑‍✈️	pilot	pilot, plane
emoji	👨‍✈️	man pilot	man, pilot, plane
emoji	👩‍✈️	woman pilot	pilot, plane, woman
emoji	🧑‍🚀	astronaut	astronaut, rocket, space
emoji	👨‍🚀	man astronaut	astronaut, man, rocket, space
emoji	👩‍🚀	woman astronaut	astronaut, rocket, space, woman
emoji	🧑‍🚒	firefighter	fire, firefighter, firetruck
emoji	👨‍🚒	man firefighter	fire, firefighter, firetruck, man
emoji	👩‍🚒	woman firefighter	fire, firefighter, firetruck, woman
emoji	👮	police officer	apprehend, arrest, citation, cop, law, officer, over, police, pulled, undercover
emoji	👮‍♂️	man police officer	apprehend, arrest, citation, cop, law, man, officer, over, police, pulled, undercover
emoji	👮‍♀️	woman police officer	apprehend, arrest, citation, cop, law, officer, over, police, pulled, undercover, woman
emoji	🕵️	detective	detective, sleuth, spy
emoji	🕵️‍♂️	man detective	detective, man, sleuth, spy
emoji	🕵️‍♀️	woman detective	detective, sleuth, spy, woman
emoji	💂	guard	buckingham, guard, helmet, london, palace
emoji	💂‍♂️	man guard	buckingham, guard, helmet, london, man, palace
emoji	💂‍♀️	woman guard	buckingham, guard, helmet, london, palace, woman
emoji	🥷	ninja	assassin, fight, fighter, hidden, ninja, person, secret, skills, sly, soldier, stealth, war
emoji	👷	construction worker	build, construction, fix, hardhat, hat, man, person, rebuild, remodel, repair, work, worker
emoji	👷‍♂️	man construction worker	build, construction, fix, hardhat, hat, man, rebuild, remodel, repair, work, worker
emoji	👷‍♀️	woman construction worker	build, construction, fix, hardhat, hat, man, rebuild, remodel, repair, woman, work, worker
emoji	🫅	person with crown	crown, monarch, noble, person, regal, royal, royalty
emoji	🤴	prince	crown, fairy, fairytale, fantasy, king, prince, royal, royalty, tale
emoji	👸	princess	crown, fairy, fairytale, fantasy, princess, queen, royal, royalty, tale
emoji	👳	person wearing turban	person, turban, wearing
emoji	👳‍♂️	man wearing turban	man, turban, wearing
emoji	👳‍♀️	woman wearing turban	turban, wearing, woman
emoji	👲	person with skullcap	cap, Chinese, gua, guapi, hat, mao, person, pi, skullcap
emoji	🧕	woman with headscarf	bandana, head, headscarf, hijab, kerchief, mantilla, tichel, woman
emoji	🤵	person in tuxedo	formal, person, tuxedo, wedding
emoji	🤵‍♂️	man in tuxedo	formal, groom, man, tuxedo, wedding
emoji	🤵‍♀️	woman in tuxedo	formal, tuxedo, wedding, woman
emoji	👰	person with veil	person, veil, wedding
emoji	👰‍♂️	man with veil	man, veil, wedding
emoji	👰‍♀️	woman with veil	bride, veil, wedding, woman
emoji	🤰	pregnant woman	pregnant, woman
emoji	🫃	pregnant man	belly, bloated, full, man, overeat, pregnant
emoji	🫄	pregnant person	belly, bloated, full, overeat, person, pregnant, stuffed
emoji	🤱	breast-feeding	baby, breast, breast-feeding, feeding, mom, mother, nursing, woman
emoji	👩‍🍼	woman feeding baby	baby, feed, feeding, mom, mother, nanny, newborn, nursing, woman
emoji	👨‍🍼	man feeding baby	baby, dad, father, feed, feeding, man, nanny, newborn, nursing
emoji	🧑‍🍼	person feeding baby	baby, feed, feeding, nanny, newborn, nursing, parent
emoji	👼	baby angel	angel, baby, church, face, fairy, fairytale, fantasy, tale
emoji	🎅	Santa Claus	celebration, Christmas, claus, fairy, fantasy, father, holiday, merry, santa, tale, xmas
emoji	🤶	Mrs. Claus	celebration, Christmas, claus, fairy, fantasy, holiday, merry, mother, Mrs, santa, tale, xmas
emoji	🧑‍🎄	Mx Claus	celebration, Christmas, claus, fairy, fantasy, holiday, merry, Mx, santa, tale, xmas
emoji	🦸	superhero	good, hero, superhero, superpower
emoji	🦸‍♂️	man superhero	good, hero, man, superhero, superpower
emoji	🦸‍♀️	woman superhero	good, hero, heroine, superhero, superpower, woman
emoji	🦹	supervillain	bad, criminal, evil, superpower, supervillain, villain
emoji	🦹‍♂️	man supervillain	bad, criminal, evil, man, superpower, supervillain, villain
emoji	🦹‍♀️	woman supervillain	bad, criminal, evil, superpower, supervillain, villain, woman
emoji	🧙	mage	fantasy, mage, magic, play, sorcerer, sorceress, sorcery, spell, summon, witch, wizard
emoji	🧙‍♂️	man mage	fantasy, mage, magic, man, play, sorcerer, sorceress, sorcery, spell, summon, witch, wizard
emoji	🧙‍♀️	woman mage	fantasy, mage, magic, play, sorcerer, sorceress, sorcery, spell, summon, witch, wizard, woman
emoji	🧚	fairy	fairy, fairytale, fantasy, myth, person, pixie, tale, wings
emoji	🧚‍♂️	man fairy	fairy, fairytale, fantasy, man, myth, Oberon, person, pixie, Puck, tale, wings
emoji	🧚‍♀️	woman fairy	fairy, fairytale, fantasy, myth, person, pixie, tale, Titania, wings, woman
emoji	🧛	vampire	blood, Dracula, fangs, halloween, scary, supernatural, teeth, undead, vampire
emoji	🧛‍♂️	man vampire	blood, fangs, halloween, man, scary, supernatural, teeth, undead, vampire
emoji	🧛‍♀️	woman vampire	blood, fangs, halloween, scary, supernatural, teeth, undead, vampire, woman
emoji	🧜	merperson	creature, fairytale, folklore, merperson, ocean, sea, siren, trident
emoji	🧜‍♂️	merman	creature, fairytale, folklore, merman, Neptune, ocean, Poseidon, sea, siren, trident, Triton
emoji	🧜‍♀️	mermaid	creature, fairytale, folklore, mermaid, merwoman, ocean, sea, siren, trident
emoji	🧝	elf	elf, elves, enchantment, fantasy, folklore, magic, magical, myth
emoji	🧝‍♂️	man elf	elf, elves, enchantment, fantasy, folklore, magic, magical, man, myth
emoji	🧝‍♀️	woman elf	elf, elves, enchantment, fantasy, folklore, magic, magical, myth, woman
emoji	🧞	genie	djinn, fantasy, genie, jinn, lamp, myth, rub, wishes
emoji	🧞‍♂️	man genie	djinn, fantasy, genie, jinn, lamp, man, myth, rub, wishes
emoji	🧞‍♀️	woman genie	djinn, fantasy, genie, jinn, lamp, myth, rub, wishes, woman
emoji	🧟	zombie	apocalypse, dead, halloween, horror, scary, undead, walking, zombie
emoji	🧟‍♂️	man zombie	apocalypse, dead, halloween, horror, man, scary, undead, walking, zombie
emoji	🧟‍♀️	woman zombie	apocalypse, dead, halloween, horror, scary, undead, walking, woman, zombie
emoji	🧌	troll	fairy, fantasy, monster, tale, troll, trolling
emoji	🫈	hairy creature	bigfoot, cryptid, forest, giant, hairy, sasquatch, woodwose, yeti
emoji	💆	person getting massage	face, getting, headache, massage, person, relax, relaxing, salon, soothe, spa, tension, therapy, treatment
emoji	💆‍♂️	man getting massage	face, getting, headache, man, massage, relax, relaxing, salon, soothe, spa, tension, therapy, treatment
emoji	💆‍♀️	woman getting massage	face, getting, headache, massage, relax, relaxing, salon, soothe, spa, tension, therapy, treatment, woman
emoji	💇	person getting haircut	barber, beauty, chop, cosmetology, cut, groom, hair, haircut, parlor, person, shears, style
emoji	💇‍♂️	man getting haircut	barber, beauty, chop, cosmetology, cut, groom, hair, haircut, man, parlor, person, shears, style
emoji	💇‍♀️	woman getting haircut	barber, beauty, chop, cosmetology, cut, groom, hair, haircut, parlor, person, shears, style, woman
emoji	🚶	person walking	amble, gait, hike, man, pace, pedestrian, person, stride, stroll, walk, walking
emoji	🚶‍♂️	man walking	amble, gait, hike, man, pace, pedestrian, stride, stroll, walk, walking
emoji	🚶‍♀️	woman walking	amble, gait, hike, man, pace, pedestrian, stride, stroll, walk, walking, woman
emoji	🚶‍➡️	person walking facing right	
emoji	🚶‍♀️‍➡️	woman walking facing right	
emoji	🚶‍♂️‍➡️	man walking facing right	
emoji	🧍	person standing	person, stand, standing
emoji	🧍‍♂️	man standing	man, stand, standing
emoji	🧍‍♀️	woman standing	stand, standing, woman
emoji	🧎	person kneeling	kneel, kneeling, knees, person
emoji	🧎‍♂️	man kneeling	kneel, kneeling, knees, man
emoji	🧎‍♀️	woman kneeling	kneel, kneeling, knees, woman
emoji	🧎‍➡️	person kneeling facing right	
emoji	🧎‍♀️‍➡️	woman kneeling facing right	
emoji	🧎‍♂️‍➡️	man kneeling facing right	
emoji	🧑‍🦯	person with white cane	accessibility, blind, cane, person, probing, white
emoji	🧑‍🦯‍➡️	person with white cane facing right	
emoji	👨‍🦯	man with white cane	accessibility, blind, cane, man, probing, white
emoji	👨‍🦯‍➡️	man with white cane facing right	
emoji	👩‍🦯	woman with white cane	accessibility, blind, cane, probing, white, woman
emoji	👩‍🦯‍➡️	woman with white cane facing right	
emoji	🧑‍🦼	person in motorized wheelchair	accessibility, motorized, person, wheelchair
emoji	🧑‍🦼‍➡️	person in motorized wheelchair facing right	
emoji	👨‍🦼	man in motorized wheelchair	accessibility, man, motorized, wheelchair
emoji	👨‍🦼‍➡️	man in motorized wheelchair facing right	
emoji	👩‍🦼	woman in motorized wheelchair	accessibility, motorized, wheelchair, woman
emoji	👩‍🦼‍➡️	woman in motorized wheelchair facing right	
emoji	🧑‍🦽	person in manual wheelchair	accessibility, manual, person, wheelchair
emoji	🧑‍🦽‍➡️	person in manual wheelchair facing right	
emoji	👨‍🦽	man in manual wheelchair	accessibility, man, manual, wheelchair
emoji	👨‍🦽‍➡️	man in manual wheelchair facing right	
emoji	👩‍🦽	woman in manual wheelchair	accessibility, manual, wheelchair, woman
emoji	👩‍🦽‍➡️	woman in manual wheelchair facing right	
emoji	🏃	person running	fast, hurry, marathon, move, person, quick, race, racing, run, rush, speed
emoji	🏃‍♂️	man running	fast, hurry, man, marathon, move, quick, race, racing, run, rush, speed
emoji	🏃‍♀️	woman running	fast, hurry, marathon, move, quick, race, racing, run, rush, speed, woman
emoji	🏃‍➡️	person running facing right	
emoji	🏃‍♀️‍➡️	woman running facing right	
emoji	🏃‍♂️‍➡️	man running facing right	
emoji	🧑‍🩰	ballet dancer	ballet, dancer
emoji	💃	woman dancing	dance, dancer, dancing, elegant, festive, flair, flamenco, groove, let’s, salsa, tango, woman
emoji	🕺	man dancing	dance, dancer, dancing, elegant, festive, flair, flamenco, groove, let’s, man, salsa, tango
emoji	🕴️	person in suit levitating	business, levitating, person, suit
emoji	👯	people with bunny ears	bestie, bff, bunny, counterpart, dancer, double, ear, identical, pair, party, partying, people, soulmate, twin, twinsies
emoji	👯‍♂️	men with bunny ears	bestie, bff, bunny, counterpart, dancer, double, ear, identical, men, pair, party, partying, people, soulmate, twin, twinsies
emoji	👯‍♀️	women with bunny ears	bestie, bff, bunny, counterpart, dancer, double, ear, identical, pair, party, partying, people, soulmate, twin, twinsies, women
emoji	🧖	person in steamy room	day, luxurious, pamper, person, relax, room, sauna, spa, steam, steambath, unwind
emoji	🧖‍♂️	man in steamy room	day, luxurious, man, pamper, relax, room, sauna, spa, steam, steambath, unwind
emoji	🧖‍♀️	woman in steamy room	day, luxurious, pamper, relax, room, sauna, spa, steam, steambath, unwind, woman
emoji	🧗	person climbing	climb, climber, climbing, mountain, person, rock, scale, up
emoji	🧗‍♂️	man climbing	climb, climber, climbing, man, mountain, rock, scale, up
emoji	🧗‍♀️	woman climbing	climb, climber, climbing, mountain, rock, scale, up, woman
emoji	🤺	person fencing	fencer, fencing, person, sword
emoji	🏇	horse racing	horse, jockey, racehorse, racing, riding, sport
emoji	⛷️	skier	ski, skier, snow
emoji	🏂	snowboarder	ski, snow, snowboard, snowboarder, sport
emoji	🏌️	person golfing	ball, birdie, caddy, driving, golf, golfing, green, person, pga, putt, range, tee
emoji	🏌️‍♂️	man golfing	ball, birdie, caddy, driving, golf, golfing, green, man, pga, putt, range, tee
emoji	🏌️‍♀️	woman golfing	ball, birdie, caddy, driving, golf, golfing, green, pga, putt, range, tee, woman
emoji	🏄	person surfing	beach, ocean, person, sport, surf, surfer, surfing, swell, waves
emoji	🏄‍♂️	man surfing	beach, man, ocean, sport, surf, surfer, surfing, swell, waves
emoji	🏄‍♀️	woman surfing	beach, ocean, person, sport, surf, surfer, surfing, swell, waves
emoji	🚣	person rowing boat	boat, canoe, cruise, fishing, lake, oar, paddle, person, raft, river, row, rowboat, rowing
emoji	🚣‍♂️	man rowing boat	boat, canoe, cruise, fishing, lake, man, oar, paddle, raft, river, row, rowboat, rowing
emoji	🚣‍♀️	woman rowing boat	boat, canoe, cruise, fishing, lake, oar, paddle, raft, river, row, rowboat, rowing, woman
emoji	🏊	person swimming	freestyle, person, sport, swim, swimmer, swimming, triathlon
emoji	🏊‍♂️	man swimming	freestyle, man, sport, swim, swimmer, swimming, triathlon
emoji	🏊‍♀️	woman swimming	freestyle, man, sport, swim, swimmer, swimming, triathlon
emoji	⛹️	person bouncing ball	athletic, ball, basketball, bouncing, championship, dribble, net, person, player, throw
emoji	⛹️‍♂️	man bouncing ball	athletic, ball, basketball, bouncing, championship, dribble, man, net, player, throw
emoji	⛹️‍♀️	woman bouncing ball	athletic, ball, basketball, bouncing, championship, dribble, net, player, throw, woman
emoji	🏋️	person lifting weights	barbell, bodybuilder, deadlift, lifter, lifting, person, powerlifting, weight, weightlifter, weights, workout
emoji	🏋️‍♂️	man lifting weights	barbell, bodybuilder, deadlift, lifter, lifting, man, powerlifting, weight, weightlifter, weights, workout
emoji	🏋️‍♀️	woman lifting weights	barbell, bodybuilder, deadlift, lifter, lifting, powerlifting, weight, weightlifter, weights, woman, workout
emoji	🚴	person biking	bicycle, bicyclist, bike, biking, cycle, cyclist, person, riding, sport
emoji	🚴‍♂️	man biking	bicycle, bicyclist, bike, biking, cycle, cyclist, man, riding, sport
emoji	🚴‍♀️	woman biking	bicycle, bicyclist, bike, biking, cycle, cyclist, riding, sport, woman
emoji	🚵	person mountain biking	bicycle, bicyclist, bike, biking, cycle, cyclist, mountain, person, riding, sport
emoji	🚵‍♂️	man mountain biking	bicycle, bicyclist, bike, biking, cycle, cyclist, man, mountain, riding, sport
emoji	🚵‍♀️	woman mountain biking	bicycle, bicyclist, bike, biking, cycle, cyclist, mountain, riding, sport, woman
emoji	🤸	person cartwheeling	active, cartwheel, cartwheeling, excited, flip, gymnastics, happy, person, somersault
emoji	🤸‍♂️	man cartwheeling	active, cartwheel, cartwheeling, excited, flip, gymnastics, happy, man, somersault
emoji	🤸‍♀️	woman cartwheeling	active, cartwheel, cartwheeling, excited, flip, gymnastics, happy, somersault, woman
emoji	🤼	people wrestling	combat, duel, grapple, people, ring, tournament, wrestle, wrestling
emoji	🤼‍♂️	men wrestling	combat, duel, grapple, men, ring, tournament, wrestle, wrestling
emoji	🤼‍♀️	women wrestling	combat, duel, grapple, ring, tournament, women, wrestle, wrestling
emoji	🤽	person playing water polo	person, playing, polo, sport, swimming, water, waterpolo
emoji	🤽‍♂️	man playing water polo	man, playing, polo, sport, swimming, water, waterpolo
emoji	🤽‍♀️	woman playing water polo	playing, polo, sport, swimming, water, waterpolo, woman
emoji	🤾	person playing handball	athletics, ball, catch, chuck, handball, hurl, lob, person, pitch, playing, sport, throw, toss
emoji	🤾‍♂️	man playing handball	athletics, ball, catch, chuck, handball, hurl, lob, man, pitch, playing, sport, throw, toss
emoji	🤾‍♀️	woman playing handball	athletics, ball, catch, chuck, handball, hurl, lob, pitch, playing, sport, throw, toss, woman
emoji	🤹	person juggling	act, balance, balancing, handle, juggle, juggling, manage, multitask, person, skill
emoji	🤹‍♂️	man juggling	act, balance, balancing, handle, juggle, juggling, man, manage, multitask, skill
emoji	🤹‍♀️	woman juggling	act, balance, balancing, handle, juggle, juggling, manage, multitask, skill, woman
emoji	🧘	person in lotus position	cross, legged, legs, lotus, meditation, peace, person, position, relax, serenity, yoga, yogi, zen
emoji	🧘‍♂️	man in lotus position	cross, legged, legs, lotus, man, meditation, peace, position, relax, serenity, yoga, yogi, zen
emoji	🧘‍♀️	woman in lotus position	cross, legged, legs, lotus, meditation, peace, position, relax, serenity, woman, yoga, yogi, zen
emoji	🛀	person taking bath	bath, bathtub, person, taking, tub
emoji	🛌	person in bed	bed, bedtime, good, goodnight, hotel, nap, night, person, sleep, tired, zzz
emoji	🧑‍🤝‍🧑	people holding hands	bae, bestie, bff, couple, dating, flirt, friends, hand, hold, people, twins
emoji	👭	women holding hands	bae, bestie, bff, couple, dating, flirt, friends, girls, hand, hold, sisters, twins, women
emoji	👫	woman and man holding hands	bae, bestie, bff, couple, dating, flirt, friends, hand, hold, man, twins, woman
emoji	👬	men holding hands	bae, bestie, bff, boys, brothers, couple, dating, flirt, friends, hand, hold, men, twins
emoji	💏	kiss	anniversary, babe, bae, couple, date, dating, heart, kiss, love, mwah, person, romance, together, xoxo
emoji	👩‍❤️‍💋‍👨	kiss: woman, man	
emoji	👨‍❤️‍💋‍👨	kiss: man, man	
emoji	👩‍❤️‍💋‍👩	kiss: woman, woman	
emoji	💑	couple with heart	anniversary, babe, bae, couple, dating, heart, kiss, love, person, relationship, romance, together, you
emoji	👩‍❤️‍👨	couple with heart: woman, man	
emoji	👨‍❤️‍👨	couple with heart: man, man	
emoji	👩‍❤️‍👩	couple with heart: woman, woman	
emoji	👨‍👩‍👦	family: man, woman, boy	
emoji	👨‍👩‍👧	family: man, woman, girl	
emoji	👨‍👩‍👧‍👦	family: man, woman, girl, boy	
emoji	👨‍👩‍👦‍👦	family: man, woman, boy, boy	
emoji	👨‍👩‍👧‍👧	family: man, woman, girl, girl	
emoji	👨‍👨‍👦	family: man, man, boy	
emoji	👨‍👨‍👧	family: man, man, girl	
emoji	👨‍👨‍👧‍👦	family: man, man, girl, boy	
emoji	👨‍👨‍👦‍👦	family: man, man, boy, boy	
emoji	👨‍👨‍👧‍👧	family: man, man, girl, girl	
emoji	👩‍👩‍👦	family: woman, woman, boy	
emoji	👩‍👩‍👧	family: woman, woman, girl	
emoji	👩‍👩‍👧‍👦	family: woman, woman, girl, boy	
emoji	👩‍👩‍👦‍👦	family: woman, woman, boy, boy	
emoji	👩‍👩‍👧‍👧	family: woman, woman, girl, girl	
emoji	👨‍👦	family: man, boy	
emoji	👨‍👦‍👦	family: man, boy, boy	
emoji	👨‍👧	family: man, girl	
emoji	👨‍👧‍👦	family: man, girl, boy	
emoji	👨‍👧‍👧	family: man, girl, girl	
emoji	👩‍👦	family: woman, boy	
emoji	👩‍👦‍👦	family: woman, boy, boy	
emoji	👩‍👧	family: woman, girl	
emoji	👩‍👧‍👦	family: woman, girl, boy	
emoji	👩‍👧‍👧	family: woman, girl, girl	
emoji	🗣️	speaking head	face, head, silhouette, speak, speaking
emoji	👤	bust in silhouette	bust, mysterious, shadow, silhouette
emoji	👥	busts in silhouette	bff, bust, busts, everyone, friend, friends, people, silhouette
emoji	🫂	people hugging	comfort, embrace, farewell, friendship, goodbye, hello, hug, hugging, love, people, thanks
emoji	👪	family	child, family
emoji	🧑‍🧑‍🧒	family: adult, adult, child	adult, child, family
emoji	🧑‍🧑‍🧒‍🧒	family: adult, adult, child, child	adult, child, family
emoji	🧑‍🧒	family: adult, child	adult, child, family
emoji	🧑‍🧒‍🧒	family: adult, child, child	adult, child, family
emoji	👣	footprints	barefoot, clothing, footprint, footprints, omw, print, walk
emoji	🫆	fingerprint	clue, crime, detective, fingerprint, forensics, identity, mystery, print, safety, trace
emoji	🐵	monkey face	animal, banana, face, monkey
emoji	🐒	monkey	animal, banana, monkey
emoji	🦍	gorilla	animal, gorilla
emoji	🦧	orangutan	animal, ape, monkey, orangutan
emoji	🐶	dog face	adorbs, animal, dog, face, pet, puppies, puppy
emoji	🐕	dog	animal, animals, dog, dogs, pet
emoji	🦮	guide dog	accessibility, animal, blind, dog, guide
emoji	🐕‍🦺	service dog	accessibility, animal, assistance, dog, service
emoji	🐩	poodle	animal, dog, fluffy, poodle
emoji	🐺	wolf	animal, face, wolf
emoji	🦊	fox	animal, face, fox
emoji	🦝	raccoon	animal, curious, raccoon, sly
emoji	🐱	cat face	animal, cat, face, kitten, kitty, pet
emoji	🐈	cat	animal, animals, cat, cats, kitten, pet
emoji	🐈‍⬛	black cat	animal, black, cat, feline, halloween, meow, unlucky
emoji	🦁	lion	alpha, animal, face, Leo, lion, mane, order, rawr, roar, safari, strong, zodiac
emoji	🐯	tiger face	animal, big, cat, face, predator, tiger
emoji	🐅	tiger	animal, big, cat, predator, tiger, zoo
emoji	🐆	leopard	animal, big, cat, leopard, predator, zoo
emoji	🐴	horse face	animal, dressage, equine, face, farm, horse, horses
emoji	🫎	moose	alces, animal, antlers, elk, mammal, moose
emoji	🫏	donkey	animal, ass, burro, donkey, hinny, mammal, mule, stubborn
emoji	🐎	horse	animal, equestrian, farm, horse, racehorse, racing
emoji	🦄	unicorn	face, unicorn
emoji	🦓	zebra	animal, stripe, zebra
emoji	🦌	deer	animal, deer
emoji	🦬	bison	animal, bison, buffalo, herd, wisent
emoji	🐮	cow face	animal, cow, face, farm, milk, moo
emoji	🐂	ox	animal, animals, bull, farm, ox, Taurus, zodiac
emoji	🐃	water buffalo	animal, buffalo, water, zoo
emoji	🐄	cow	animal, animals, cow, farm, milk, moo
emoji	🐷	pig face	animal, bacon, face, farm, pig, pork
emoji	🐖	pig	animal, bacon, farm, pig, pork, sow
emoji	🐗	boar	animal, boar, pig
emoji	🐽	pig nose	animal, face, farm, nose, pig, smell, snout
emoji	🐏	ram	animal, Aries, horns, male, ram, sheep, zodiac, zoo
emoji	🐑	ewe	animal, baa, ewe, farm, female, fluffy, lamb, sheep, wool
emoji	🐐	goat	animal, Capricorn, farm, goat, milk, zodiac
emoji	🐪	camel	animal, camel, desert, dromedary, hump, one
emoji	🐫	two-hump camel	animal, bactrian, camel, desert, hump, two, two-hump
emoji	🦙	llama	alpaca, animal, guanaco, llama, vicuña, wool
emoji	🦒	giraffe	animal, giraffe, spots
emoji	🐘	elephant	animal, elephant
emoji	🦣	mammoth	animal, extinction, large, mammoth, tusk, wooly
emoji	🦏	rhinoceros	animal, rhinoceros
emoji	🦛	hippopotamus	animal, hippo, hippopotamus
emoji	🐭	mouse face	animal, face, mouse
emoji	🐁	mouse	animal, animals, mouse
emoji	🐀	rat	animal, rat
emoji	🐹	hamster	animal, face, hamster, pet
emoji	🐰	rabbit face	animal, bunny, face, pet, rabbit
emoji	🐇	rabbit	animal, bunny, pet, rabbit
emoji	🐿️	chipmunk	animal, chipmunk, squirrel
emoji	🦫	beaver	animal, beaver, dam, teeth
emoji	🦔	hedgehog	animal, hedgehog, spiny
emoji	🦇	bat	animal, bat, vampire
emoji	🐻	bear	animal, bear, face, grizzly, growl, honey
emoji	🐻‍❄️	polar bear	animal, arctic, bear, polar, white
emoji	🐨	koala	animal, australia, bear, down, face, koala, marsupial, under
emoji	🐼	panda	animal, bamboo, face, panda
emoji	🦥	sloth	lazy, sloth, slow
emoji	🦦	otter	animal, fishing, otter, playful
emoji	🦨	skunk	animal, skunk, stink
emoji	🦘	kangaroo	animal, joey, jump, kangaroo, marsupial
emoji	🦡	badger	animal, badger, honey, pester
emoji	🐾	paw prints	feet, paw, paws, print, prints
emoji	🦃	turkey	bird, gobble, thanksgiving, turkey
emoji	🐔	chicken	animal, bird, chicken, ornithology
emoji	🐓	rooster	animal, bird, ornithology, rooster
emoji	🐣	hatching chick	animal, baby, bird, chick, egg, hatching
emoji	🐤	baby chick	animal, baby, bird, chick, ornithology
emoji	🐥	front-facing baby chick	animal, baby, bird, chick, front-facing, newborn, ornithology
emoji	🐦	bird	animal, bird, ornithology
emoji	🐧	penguin	animal, antarctica, bird, ornithology, penguin
emoji	🕊️	dove	bird, dove, fly, ornithology, peace
emoji	🦅	eagle	animal, bird, eagle, ornithology
emoji	🦆	duck	animal, bird, duck, ornithology
emoji	🦢	swan	animal, bird, cygnet, duckling, ornithology, swan, ugly
emoji	🦉	owl	animal, bird, ornithology, owl, wise
emoji	🦤	dodo	animal, bird, dodo, extinction, large, ornithology
emoji	🪶	feather	bird, feather, flight, light, plumage
emoji	🦩	flamingo	animal, bird, flamboyant, flamingo, ornithology, tropical
emoji	🦚	peacock	animal, bird, colorful, ornithology, ostentatious, peacock, peahen, pretty, proud
emoji	🦜	parrot	animal, bird, ornithology, parrot, pirate, talk
emoji	🪽	wing	angelic, ascend, aviation, bird, fly, flying, heavenly, mythology, soar, wing
emoji	🐦‍⬛	black bird	animal, beak, bird, black, caw, corvid, crow, ornithology, raven, rook
emoji	🪿	goose	animal, bird, duck, flock, fowl, gaggle, gander, geese, goose, honk, ornithology, silly
emoji	🐦‍🔥	phoenix	ascend, ascension, emerge, fantasy, firebird, glory, immortal, phoenix, rebirth, reincarnation, reinvent, renewal, revival, revive, rise, transform
emoji	🐸	frog	animal, face, frog
emoji	🐊	crocodile	animal, crocodile, zoo
emoji	🐢	turtle	animal, terrapin, tortoise, turtle
emoji	🦎	lizard	animal, lizard, reptile
emoji	🐍	snake	animal, bearer, Ophiuchus, serpent, snake, zodiac
emoji	🐲	dragon face	animal, dragon, face, fairy, fairytale, tale
emoji	🐉	dragon	animal, dragon, fairy, fairytale, knights, tale
emoji	🦕	sauropod	brachiosaurus, brontosaurus, dinosaur, diplodocus, sauropod
emoji	🦖	T-Rex	dinosaur, Rex, T, T-Rex, Tyrannosaurus
emoji	🐳	spouting whale	animal, beach, face, ocean, spouting, whale
emoji	🐋	whale	animal, beach, ocean, whale
emoji	🐬	dolphin	animal, beach, dolphin, flipper, ocean
emoji	🫍	orca	marine, ocean, whale
emoji	🦭	seal	animal, lion, ocean, sea, seal
emoji	🐟	fish	animal, dinner, fish, fishes, fishing, Pisces, zodiac
emoji	🐠	tropical fish	animal, fish, fishes, tropical
emoji	🐡	blowfish	animal, blowfish, fish
emoji	🦈	shark	animal, fish, shark
emoji	🐙	octopus	animal, creature, ocean, octopus
emoji	🐚	spiral shell	animal, beach, conch, sea, shell, spiral
emoji	🪸	coral	change, climate, coral, ocean, reef, sea
emoji	🪼	jellyfish	animal, aquarium, burn, invertebrate, jelly, jellyfish, life, marine, ocean, ouch, plankton, sea, sting, stinger, tentacles
emoji	🦀	crab	Cancer, crab, zodiac
emoji	🦞	lobster	animal, bisque, claws, lobster, seafood
emoji	🦐	shrimp	food, shellfish, shrimp, small
emoji	🦑	squid	animal, food, mollusk, squid
emoji	🦪	oyster	diving, oyster, pearl
emoji	🐌	snail	animal, escargot, garden, nature, slug, snail
emoji	🦋	butterfly	butterfly, insect, pretty
emoji	🫌	monarch butterfly	caterpillar, change, fragile, hope, insect, metamorphosis, migration, transformation
emoji	🐛	bug	animal, bug, garden, insect
emoji	🐜	ant	animal, ant, garden, insect
emoji	🐝	honeybee	animal, bee, bumblebee, honey, honeybee, insect, nature, spring
emoji	🪲	beetle	animal, beetle, bug, insect
emoji	🐞	lady beetle	animal, beetle, garden, insect, lady, ladybird, ladybug, nature
emoji	🦗	cricket	animal, bug, cricket, grasshopper, insect, Orthoptera
emoji	🪳	cockroach	animal, cockroach, insect, pest, roach
emoji	🕷️	spider	animal, insect, spider
emoji	🕸️	spider web	spider, web
emoji	🦂	scorpion	Scorpio, scorpion, Scorpius, zodiac
emoji	🦟	mosquito	bite, disease, fever, insect, malaria, mosquito, pest, virus
emoji	🪰	fly	animal, disease, fly, insect, maggot, pest, rotting
emoji	🪱	worm	animal, annelid, earthworm, parasite, worm
emoji	🦠	microbe	amoeba, bacteria, microbe, science, virus
emoji	💐	bouquet	anniversary, birthday, bouquet, date, flower, love, plant, romance
emoji	🌸	cherry blossom	blossom, cherry, flower, plant, spring, springtime
emoji	💮	white flower	flower, white
emoji	🪷	lotus	beauty, Buddhism, calm, flower, Hinduism, lotus, peace, purity, serenity
emoji	🏵️	rosette	plant, rosette
emoji	🌹	rose	beauty, elegant, flower, love, plant, red, rose, valentine
emoji	🥀	wilted flower	dying, flower, wilted
emoji	🌺	hibiscus	flower, hibiscus, plant
emoji	🌻	sunflower	flower, outdoors, plant, sun, sunflower
emoji	🌼	blossom	blossom, buttercup, dandelion, flower, plant
emoji	🌷	tulip	blossom, flower, growth, plant, tulip
emoji	🪻	hyacinth	bloom, bluebonnet, flower, hyacinth, indigo, lavender, lilac, lupine, plant, purple, shrub, snapdragon, spring, violet
emoji	🌱	seedling	plant, sapling, seedling, sprout, young
emoji	🪴	potted plant	decor, grow, house, nurturing, plant, pot, potted
emoji	🌲	evergreen tree	christmas, evergreen, forest, pine, tree
emoji	🌳	deciduous tree	deciduous, forest, green, habitat, shedding, tree
emoji	🌴	palm tree	beach, palm, plant, tree, tropical
emoji	🌵	cactus	cactus, desert, drought, nature, plant
emoji	🌾	sheaf of rice	ear, grain, grains, plant, rice, sheaf
emoji	🌿	herb	herb, leaf, plant
emoji	☘️	shamrock	irish, plant, shamrock
emoji	🍀	four leaf clover	4, clover, four, four-leaf, irish, leaf, lucky, plant
emoji	🍁	maple leaf	falling, leaf, maple
emoji	🍂	fallen leaf	autumn, fall, fallen, falling, leaf
emoji	🍃	leaf fluttering in wind	blow, flutter, fluttering, leaf, wind
emoji	🪹	empty nest	branch, empty, home, nest, nesting
emoji	🪺	nest with eggs	bird, branch, egg, eggs, nest, nesting
emoji	🍄	mushroom	fungus, mushroom, toadstool
emoji	🪾	leafless tree	bare, barren, branches, dead, drought, leafless, tree, trunk, winter, wood
emoji	🍇	grapes	Dionysus, fruit, grape, grapes
emoji	🍈	melon	cantaloupe, fruit, melon
emoji	🍉	watermelon	fruit, watermelon
emoji	🍊	tangerine	c, citrus, fruit, nectarine, orange, tangerine, vitamin
emoji	🍋	lemon	citrus, fruit, lemon, sour
emoji	🍋‍🟩	lime	acidity, citrus, cocktail, fruit, garnish, key, lime, margarita, mojito, refreshing, salsa, sour, tangy, tequila, tropical, zest
emoji	🍌	banana	banana, fruit, potassium
emoji	🍍	pineapple	colada, fruit, pina, pineapple, tropical
emoji	🥭	mango	food, fruit, mango, tropical
emoji	🍎	red apple	apple, diet, food, fruit, health, red, ripe
emoji	🍏	green apple	apple, fruit, green
emoji	🍐	pear	fruit, pear
emoji	🍑	peach	fruit, peach
emoji	🍒	cherries	berries, cherries, cherry, fruit, red
emoji	🍓	strawberry	berry, fruit, strawberry
emoji	🫐	blueberries	berries, berry, bilberry, blue, blueberries, blueberry, food, fruit
emoji	🥝	kiwi fruit	food, fruit, kiwi
emoji	🍅	tomato	food, fruit, tomato, vegetable
emoji	🫒	olive	food, olive
emoji	🥥	coconut	coconut, colada, palm, piña
emoji	🥑	avocado	avocado, food, fruit
emoji	🍆	eggplant	aubergine, eggplant, vegetable
emoji	🥔	potato	food, potato, vegetable
emoji	🥕	carrot	carrot, food, vegetable
emoji	🌽	ear of corn	corn, crops, ear, farm, maize, maze
emoji	🌶️	hot pepper	hot, pepper
emoji	🫑	bell pepper	bell, capsicum, food, pepper, vegetable
emoji	🥒	cucumber	cucumber, food, pickle, vegetable
emoji	🫝	pickle	brine, condiment, cucumber, ferment, gherkin, relish, trouble
emoji	🥬	leafy green	bok, burgers, cabbage, choy, green, kale, leafy, lettuce, salad
emoji	🥦	broccoli	broccoli, cabbage, wild
emoji	🧄	garlic	flavoring, garlic
emoji	🧅	onion	flavoring, onion
emoji	🥜	peanuts	food, nut, peanut, peanuts, vegetable
emoji	🫘	beans	beans, food, kidney, legume, small
emoji	🌰	chestnut	almond, chestnut, plant
emoji	🫚	ginger root	beer, ginger, health, herb, natural, root, spice
emoji	🫛	pea pod	beans, beanstalk, edamame, legume, pea, pod, soybean, vegetable, veggie
emoji	🍄‍🟫	brown mushroom	food, fungi, fungus, mushroom, nature, pizza, portobello, shiitake, shroom, spore, sprout, toppings, truffle, vegetable, vegetarian, veggie
emoji	🫜	root vegetable	beet, food, garden, radish, root, salad, turnip, vegetable, vegetarian
emoji	🍞	bread	bread, carbs, food, grain, loaf, restaurant, toast, wheat
emoji	🥐	croissant	bread, breakfast, crescent, croissant, food, french, roll
emoji	🥖	baguette bread	baguette, bread, food, french
emoji	🫓	flatbread	arepa, bread, flatbread, food, gordita, lavash, naan, pita
emoji	🥨	pretzel	convoluted, pretzel, twisted
emoji	🥯	bagel	bagel, bakery, bread, breakfast, schmear
emoji	🥞	pancakes	breakfast, crêpe, food, hotcake, pancake, pancakes
emoji	🧇	waffle	breakfast, indecisive, iron, waffle
emoji	🧀	cheese wedge	cheese, wedge
emoji	🍖	meat on bone	bone, meat
emoji	🍗	poultry leg	bone, chicken, drumstick, hungry, leg, poultry, turkey
emoji	🥩	cut of meat	chop, cut, lambchop, meat, porkchop, red, steak
emoji	🥓	bacon	bacon, breakfast, food, meat
emoji	🍔	hamburger	burger, eat, fast, food, hamburger, hungry
emoji	🍟	french fries	fast, food, french, fries
emoji	🍕	pizza	cheese, food, hungry, pepperoni, pizza, slice
emoji	🌭	hot dog	dog, frankfurter, hot, hotdog, sausage
emoji	🥪	sandwich	bread, sandwich
emoji	🌮	taco	mexican, taco
emoji	🌯	burrito	burrito, mexican, wrap
emoji	🫔	tamale	food, mexican, pamonha, tamale, wrapped
emoji	🥙	stuffed flatbread	falafel, flatbread, food, gyro, kebab, stuffed
emoji	🧆	falafel	chickpea, falafel, meatball
emoji	🥚	egg	breakfast, egg, food
emoji	🍳	cooking	breakfast, cooking, easy, egg, fry, frying, over, pan, restaurant, side, sunny, up
emoji	🥘	shallow pan of food	casserole, food, paella, pan, shallow
emoji	🍲	pot of food	food, pot, soup, stew
emoji	🫕	fondue	cheese, chocolate, fondue, food, melted, pot, ski
emoji	🥣	bowl with spoon	bowl, breakfast, cereal, congee, oatmeal, porridge, spoon
emoji	🥗	green salad	food, green, salad
emoji	🍿	popcorn	corn, movie, pop, popcorn
emoji	🧈	butter	butter, dairy
emoji	🧂	salt	condiment, flavor, mad, salt, salty, shaker, taste, upset
emoji	🥫	canned food	can, canned, food
emoji	🍱	bento box	bento, box, food
emoji	🍘	rice cracker	cracker, food, rice
emoji	🍙	rice ball	ball, food, Japanese, rice
emoji	🍚	cooked rice	cooked, food, rice
emoji	🍛	curry rice	curry, food, rice
emoji	🍜	steaming bowl	bowl, chopsticks, food, noodle, pho, ramen, soup, steaming
emoji	🍝	spaghetti	food, meatballs, pasta, restaurant, spaghetti
emoji	🍠	roasted sweet potato	food, potato, roasted, sweet
emoji	🍢	oden	food, kebab, oden, restaurant, seafood, skewer, stick
emoji	🍣	sushi	food, sushi
emoji	🍤	fried shrimp	fried, prawn, shrimp, tempura
emoji	🍥	fish cake with swirl	cake, fish, food, pastry, restaurant, swirl
emoji	🥮	moon cake	autumn, cake, festival, moon, yuèbǐng
emoji	🍡	dango	dango, dessert, Japanese, skewer, stick, sweet
emoji	🥟	dumpling	dumpling, empanada, gyōza, jiaozi, pierogi, potsticker
emoji	🥠	fortune cookie	cookie, fortune, prophecy
emoji	🥡	takeout box	box, chopsticks, delivery, food, oyster, pail, takeout
emoji	🍦	soft ice cream	cream, dessert, food, ice, icecream, restaurant, serve, soft, sweet
emoji	🍧	shaved ice	dessert, ice, restaurant, shaved, sweet
emoji	🍨	ice cream	cream, dessert, food, ice, restaurant, sweet
emoji	🍩	doughnut	breakfast, dessert, donut, doughnut, food, sweet
emoji	🍪	cookie	chip, chocolate, cookie, dessert, sweet
emoji	🎂	birthday cake	bday, birthday, cake, celebration, dessert, happy, pastry, sweet
emoji	🍰	shortcake	cake, dessert, pastry, shortcake, slice, sweet
emoji	🧁	cupcake	bakery, cupcake, dessert, sprinkles, sugar, sweet, treat
emoji	🥧	pie	apple, filling, fruit, meat, pastry, pie, pumpkin, slice
emoji	🍫	chocolate bar	bar, candy, chocolate, dessert, halloween, sweet, tooth
emoji	🍬	candy	candy, cavities, dessert, halloween, restaurant, sweet, tooth, wrapper
emoji	🍭	lollipop	candy, dessert, food, lollipop, restaurant, sweet
emoji	🍮	custard	custard, dessert, pudding, sweet
emoji	🍯	honey pot	barrel, bear, food, honey, honeypot, jar, pot, sweet
emoji	🍼	baby bottle	babies, baby, birth, born, bottle, drink, infant, milk, newborn
emoji	🥛	glass of milk	drink, glass, milk
emoji	☕	hot beverage	beverage, cafe, caffeine, chai, coffee, drink, hot, morning, steaming, tea
emoji	🫖	teapot	brew, drink, food, pot, tea, teapot
emoji	🍵	teacup without handle	beverage, cup, drink, handle, oolong, tea, teacup
emoji	🍶	sake	bar, beverage, bottle, cup, drink, restaurant, sake
emoji	🍾	bottle with popping cork	bar, bottle, cork, drink, popping
emoji	🍷	wine glass	alcohol, bar, beverage, booze, club, drink, drinking, drinks, glass, restaurant, wine
emoji	🍸	cocktail glass	alcohol, bar, booze, club, cocktail, drink, drinking, drinks, glass, mad, martini, men
emoji	🍹	tropical drink	alcohol, bar, booze, club, cocktail, drink, drinking, drinks, drunk, mai, party, tai, tropical, tropics
emoji	🍺	beer mug	alcohol, ale, bar, beer, booze, drink, drinking, drinks, mug, octoberfest, oktoberfest, pint, stein, summer
emoji	🍻	clinking beer mugs	alcohol, bar, beer, booze, bottoms, cheers, clink, clinking, drinking, drinks, mugs
emoji	🥂	clinking glasses	celebrate, clink, clinking, drink, glass, glasses
emoji	🥃	tumbler glass	glass, liquor, scotch, shot, tumbler, whiskey, whisky
emoji	🫗	pouring liquid	accident, drink, empty, glass, liquid, oops, pour, pouring, spill, water
emoji	🥤	cup with straw	cup, drink, juice, malt, soda, soft, straw, water
emoji	🧋	bubble tea	boba, bubble, food, milk, pearl, tea
emoji	🧃	beverage box	beverage, box, juice, straw, sweet
emoji	🧉	mate	drink, mate
emoji	🧊	ice	cold, cube, ice, iceberg
emoji	🥢	chopsticks	chopsticks, hashi, jeotgarak, kuaizi
emoji	🍽️	fork and knife with plate	cooking, dinner, eat, fork, knife, plate
emoji	🍴	fork and knife	breakfast, breaky, cooking, cutlery, delicious, dinner, eat, feed, food, fork, hungry, knife, lunch, restaurant, yum, yummy
emoji	🥄	spoon	eat, spoon, tableware
emoji	🔪	kitchen knife	chef, cooking, hocho, kitchen, knife, tool, weapon
emoji	🫙	jar	condiment, container, empty, jar, nothing, sauce, store
emoji	🏺	amphora	amphora, Aquarius, cooking, drink, jug, tool, weapon, zodiac
emoji	🌍	globe showing Europe-Africa	Africa, earth, Europe, Europe-Africa, globe, showing, world
emoji	🌎	globe showing Americas	Americas, earth, globe, showing, world
emoji	🌏	globe showing Asia-Australia	Asia, Asia-Australia, Australia, earth, globe, showing, world
emoji	🌐	globe with meridians	earth, globe, internet, meridians, web, world, worldwide
emoji	🗺️	world map	map, world
emoji	🗾	map of Japan	Japan, map
emoji	🧭	compass	compass, direction, magnetic, navigation, orienteering
emoji	🏔️	snow-capped mountain	cold, mountain, snow, snow-capped
emoji	⛰️	mountain	mountain
emoji	🛘	landslide	avalanche, danger, disaster, earthquake, mountain, mudslide, rocks
emoji	🌋	volcano	eruption, mountain, nature, volcano
emoji	🗻	mount fuji	fuji, mount, mountain, nature
emoji	🏕️	camping	camping
emoji	🏖️	beach with umbrella	beach, umbrella
emoji	🏜️	desert	desert
emoji	🏝️	desert island	desert, island
emoji	🏞️	national park	national, park
emoji	🏟️	stadium	stadium
emoji	🏛️	classical building	building, classical
emoji	🏗️	building construction	building, construction, crane
emoji	🧱	brick	brick, bricks, clay, mortar, wall
emoji	🪨	rock	boulder, heavy, rock, solid, stone, tough
emoji	🪵	wood	log, lumber, timber, wood
emoji	🛖	hut	home, house, hut, roundhouse, shelter, yurt
emoji	🏘️	houses	house, houses
emoji	🏚️	derelict house	derelict, home, house
emoji	🏠	house	building, country, heart, home, house, ranch, settle, simple, suburban, suburbia, where
emoji	🏡	house with garden	building, country, garden, heart, home, house, ranch, settle, simple, suburban, suburbia, where
emoji	🏢	office building	building, city, cubical, job, office
emoji	🏣	Japanese post office	building, Japanese, office, post
emoji	🏤	post office	building, European, office, post
emoji	🏥	hospital	building, doctor, hospital, medicine
emoji	🏦	bank	bank, building
emoji	🏨	hotel	building, hotel
emoji	🏩	love hotel	building, hotel, love
emoji	🏪	convenience store	24, building, convenience, hours, store
emoji	🏫	school	building, school
emoji	🏬	department store	building, department, store
emoji	🏭	factory	building, factory
emoji	🏯	Japanese castle	building, castle, Japanese
emoji	🏰	castle	building, castle, European
emoji	💒	wedding	chapel, hitched, nuptials, romance, wedding
emoji	🗼	Tokyo tower	Tokyo, tower
emoji	🗽	Statue of Liberty	liberty, Liberty, new, ny, nyc, statue, Statue, york
emoji	⛪	church	bless, chapel, Christian, church, cross, religion
emoji	🕌	mosque	islam, masjid, mosque, Muslim, religion
emoji	🛕	hindu temple	hindu, temple
emoji	🕍	synagogue	Jew, Jewish, judaism, religion, synagogue, temple
emoji	⛩️	shinto shrine	religion, shinto, shrine
emoji	🕋	kaaba	hajj, islam, kaaba, Muslim, religion, umrah
emoji	⛲	fountain	fountain
emoji	⛺	tent	camping, tent
emoji	🌁	foggy	fog, foggy
emoji	🌃	night with stars	night, star, stars
emoji	🏙️	cityscape	city, cityscape
emoji	🌄	sunrise over mountains	morning, mountains, over, sun, sunrise
emoji	🌅	sunrise	morning, nature, sun, sunrise
emoji	🌆	cityscape at dusk	at, building, city, cityscape, dusk, evening, landscape, sun, sunset
emoji	🌇	sunset	building, dusk, sun, sunset
emoji	🌉	bridge at night	at, bridge, night
emoji	♨️	hot springs	hot, hotsprings, springs, steaming
emoji	🎠	carousel horse	carousel, entertainment, horse
emoji	🛝	playground slide	amusement, park, play, playground, playing, slide, sliding, theme
emoji	🎡	ferris wheel	amusement, ferris, park, theme, wheel
emoji	🎢	roller coaster	amusement, coaster, park, roller, theme
emoji	💈	barber pole	barber, cut, fresh, haircut, pole, shave
emoji	🎪	circus tent	circus, tent
emoji	🚂	locomotive	caboose, engine, locomotive, railway, steam, train, trains, travel
emoji	🚃	railway car	car, electric, railway, train, tram, travel, trolleybus
emoji	🚄	high-speed train	high-speed, railway, shinkansen, speed, train
emoji	🚅	bullet train	bullet, high-speed, nose, railway, shinkansen, speed, train, travel
emoji	🚆	train	arrived, choo, railway, train
emoji	🚇	metro	metro, subway, travel
emoji	🚈	light rail	arrived, light, monorail, rail, railway
emoji	🚉	station	railway, station, train
emoji	🚊	tram	tram, trolleybus
emoji	🚝	monorail	monorail, vehicle
emoji	🚞	mountain railway	car, mountain, railway, trip
emoji	🚋	tram car	bus, car, tram, trolley, trolleybus
emoji	🚌	bus	bus, school, vehicle
emoji	🚍	oncoming bus	bus, cars, oncoming
emoji	🚎	trolleybus	bus, tram, trolley, trolleybus
emoji	🚐	minibus	bus, drive, minibus, van, vehicle
emoji	🚑	ambulance	ambulance, emergency, vehicle
emoji	🚒	fire engine	engine, fire, truck
emoji	🚓	police car	5–0, car, cops, patrol, police
emoji	🚔	oncoming police car	car, oncoming, police
emoji	🚕	taxi	cab, cabbie, car, drive, taxi, vehicle, yellow
emoji	🚖	oncoming taxi	cab, cabbie, cars, drove, hail, oncoming, taxi, yellow
emoji	🚗	automobile	automobile, car, driving, vehicle
emoji	🚘	oncoming automobile	automobile, car, cars, drove, oncoming, vehicle
emoji	🚙	sport utility vehicle	car, drive, recreational, sport, sportutility, utility, vehicle
emoji	🛻	pickup truck	automobile, car, flatbed, pick-up, pickup, transportation, truck
emoji	🚚	delivery truck	car, delivery, drive, truck, vehicle
emoji	🚛	articulated lorry	articulated, car, drive, lorry, move, semi, truck, vehicle
emoji	🚜	tractor	tractor, vehicle
emoji	🏎️	racing car	car, racing, zoom
emoji	🏍️	motorcycle	motorcycle, racing
emoji	🛵	motor scooter	motor, scooter
emoji	🦽	manual wheelchair	accessibility, manual, wheelchair
emoji	🦼	motorized wheelchair	accessibility, motorized, wheelchair
emoji	🛺	auto rickshaw	auto, rickshaw, tuk
emoji	🚲	bicycle	bicycle, bike, class, cycle, cycling, cyclist, gang, ride, spin, spinning
emoji	🛴	kick scooter	kick, scooter
emoji	🛹	skateboard	board, skate, skateboard, skater, wheels
emoji	🛼	roller skate	blades, roller, skate, skates, sport
emoji	🚏	bus stop	bus, busstop, stop
emoji	🛣️	motorway	highway, motorway, road
emoji	🛤️	railway track	railway, track, train
emoji	🛢️	oil drum	drum, oil
emoji	⛽	fuel pump	diesel, fuel, fuelpump, gas, gasoline, pump, station
emoji	🛞	wheel	car, circle, tire, turn, vehicle, wheel
emoji	🚨	police car light	alarm, alert, beacon, car, emergency, light, police, revolving, siren
emoji	🚥	horizontal traffic light	horizontal, intersection, light, signal, stop, stoplight, traffic
emoji	🚦	vertical traffic light	drove, intersection, light, signal, stop, stoplight, traffic, vertical
emoji	🛑	stop sign	octagonal, sign, stop
emoji	🚧	construction	barrier, construction
emoji	🛙	lighthouse	beacon, enlightenment, guidance, hope, light, maritime, navigation, sea, signal
emoji	⚓	anchor	anchor, ship, tool
emoji	🛟	ring buoy	buoy, float, life, lifesaver, preserver, rescue, ring, safety, save, saver, swim
emoji	⛵	sailboat	boat, resort, sailboat, sailing, sea, yacht
emoji	🛶	canoe	boat, canoe
emoji	🚤	speedboat	billionaire, boat, lake, luxury, millionaire, speedboat, summer, travel
emoji	🛳️	passenger ship	passenger, ship
emoji	⛴️	ferry	boat, ferry, passenger
emoji	🛥️	motor boat	boat, motor, motorboat
emoji	🚢	ship	boat, passenger, ship, travel
emoji	✈️	airplane	aeroplane, airplane, fly, flying, jet, plane, travel
emoji	🛩️	small airplane	aeroplane, airplane, plane, small
emoji	🛫	airplane departure	aeroplane, airplane, check-in, departure, departures, plane
emoji	🛬	airplane arrival	aeroplane, airplane, arrival, arrivals, arriving, landing, plane
emoji	🪂	parachute	hang-glide, parachute, parasail, skydive
emoji	💺	seat	chair, seat
emoji	🚁	helicopter	copter, helicopter, roflcopter, travel, vehicle
emoji	🚟	suspension railway	railway, suspension
emoji	🚠	mountain cableway	cable, cableway, gondola, lift, mountain, ski
emoji	🚡	aerial tramway	aerial, cable, car, gondola, ropeway, tramway
emoji	🛰️	satellite	satellite, space
emoji	🚀	rocket	launch, rocket, rockets, space, travel
emoji	🛸	flying saucer	aliens, extra, flying, saucer, terrestrial, UFO
emoji	🛎️	bellhop bell	bell, bellhop, hotel
emoji	🧳	luggage	bag, luggage, packing, roller, suitcase, travel
emoji	⌛	hourglass done	done, hourglass, sand, time, timer
emoji	⏳	hourglass not done	done, flowing, hourglass, hours, not, sand, timer, waiting, yolo
emoji	⌚	watch	clock, time, watch
emoji	⏰	alarm clock	alarm, clock, hours, hrs, late, time, waiting
emoji	⏱️	stopwatch	clock, stopwatch, time
emoji	⏲️	timer clock	clock, timer
emoji	🕰️	mantelpiece clock	clock, mantelpiece, time
emoji	🕛	twelve o’clock	12, 12:00, clock, o’clock, time, twelve
emoji	🕧	twelve-thirty	12, 12:30, 30, clock, thirty, time, twelve, twelve-thirty
emoji	🕐	one o’clock	1, 1:00, clock, o’clock, one, time
emoji	🕜	one-thirty	1, 1:30, 30, clock, one, one-thirty, thirty, time
emoji	🕑	two o’clock	2, 2:00, clock, o’clock, time, two
emoji	🕝	two-thirty	2, 2:30, 30, clock, thirty, time, two, two-thirty
emoji	🕒	three o’clock	3, 3:00, clock, o’clock, three, time
emoji	🕞	three-thirty	3, 3:30, 30, clock, thirty, three, three-thirty, time
emoji	🕓	four o’clock	4, 4:00, clock, four, o’clock, time
emoji	🕟	four-thirty	30, 4, 4:30, clock, four, four-thirty, thirty, time
emoji	🕔	five o’clock	5, 5:00, clock, five, o’clock, time
emoji	🕠	five-thirty	30, 5, 5:30, clock, five, five-thirty, thirty, time
emoji	🕕	six o’clock	6, 6:00, clock, o’clock, six, time
emoji	🕡	six-thirty	30, 6, 6:30, clock, six, six-thirty, thirty
emoji	🕖	seven o’clock	0, 7, 7:00, clock, o’clock, seven
emoji	🕢	seven-thirty	30, 7, 7:30, clock, seven, seven-thirty, thirty
emoji	🕗	eight o’clock	8, 8:00, clock, eight, o’clock, time
emoji	🕣	eight-thirty	30, 8, 8:30, clock, eight, eight-thirty, thirty, time
emoji	🕘	nine o’clock	9, 9:00, clock, nine, o’clock, time
emoji	🕤	nine-thirty	30, 9, 9:30, clock, nine, nine-thirty, thirty, time
emoji	🕙	ten o’clock	0, 10, 10:00, clock, o’clock, ten
emoji	🕥	ten-thirty	10, 10:30, 30, clock, ten, ten-thirty, thirty, time
emoji	🕚	eleven o’clock	11, 11:00, clock, eleven, o’clock, time
emoji	🕦	eleven-thirty	11, 11:30, 30, clock, eleven, eleven-thirty, thirty, time
emoji	🌑	new moon	dark, moon, new, space
emoji	🌒	waxing crescent moon	crescent, dreams, moon, space, waxing
emoji	🌓	first quarter moon	first, moon, quarter, space
emoji	🌔	waxing gibbous moon	gibbous, moon, space, waxing
emoji	🌕	full moon	full, moon, space
emoji	🌖	waning gibbous moon	gibbous, moon, space, waning
emoji	🌗	last quarter moon	last, moon, quarter, space
emoji	🌘	waning crescent moon	crescent, moon, space, waning
emoji	🌙	crescent moon	crescent, moon, ramadan, space
emoji	🌚	new moon face	face, moon, new, space
emoji	🌛	first quarter moon face	face, first, moon, quarter, space
emoji	🌜	last quarter moon face	dreams, face, last, moon, quarter
emoji	🌡️	thermometer	thermometer, weather
emoji	☀️	sun	bright, rays, space, sun, sunny, weather
emoji	🌝	full moon face	bright, face, full, moon
emoji	🌞	sun with face	beach, bright, day, face, heat, shine, sun, sunny, sunshine, weather
emoji	🪐	ringed planet	planet, ringed, saturn, saturnine
emoji	⭐	star	astronomy, medium, star, stars, white
emoji	🌟	glowing star	glittery, glow, glowing, night, shining, sparkle, star, win
emoji	🌠	shooting star	falling, night, shooting, space, star
emoji	🌌	milky way	milky, space, way
emoji	☁️	cloud	cloud, weather
emoji	⛅	sun behind cloud	behind, cloud, cloudy, sun, weather
emoji	⛈️	cloud with lightning and rain	cloud, lightning, rain, thunder, thunderstorm
emoji	🌤️	sun behind small cloud	behind, cloud, sun, weather
emoji	🌥️	sun behind large cloud	behind, cloud, sun, weather
emoji	🌦️	sun behind rain cloud	behind, cloud, rain, sun, weather
emoji	🌧️	cloud with rain	cloud, rain, weather
emoji	🌨️	cloud with snow	cloud, cold, snow, weather
emoji	🌩️	cloud with lightning	cloud, lightning, weather
emoji	🌪️	tornado	cloud, tornado, weather, whirlwind
emoji	🌫️	fog	cloud, fog, weather
emoji	🌬️	wind face	blow, cloud, face, wind
emoji	🌀	cyclone	cyclone, dizzy, hurricane, twister, typhoon, weather
emoji	🌈	rainbow	gay, genderqueer, glbt, glbtq, lesbian, lgbt, lgbtq, lgbtqia, nature, pride, queer, rain, rainbow, trans, transgender, weather
emoji	🌂	closed umbrella	closed, clothing, rain, umbrella
emoji	☂️	umbrella	clothing, rain, umbrella
emoji	☔	umbrella with rain drops	clothing, drop, drops, rain, umbrella, weather
emoji	⛱️	umbrella on ground	ground, rain, sun, umbrella
emoji	⚡	high voltage	danger, electric, electricity, high, lightning, nature, thunder, thunderbolt, voltage, zap
emoji	❄️	snowflake	cold, snow, snowflake, weather
emoji	☃️	snowman	cold, man, snow, snowman
emoji	⛄	snowman without snow	cold, man, snow, snowman
emoji	☄️	comet	comet, space
emoji	🪋	meteor	apocalypse, falling, fireball, gravity, rock, space, star
emoji	🔥	fire	af, burn, fire, flame, hot, lit, litaf, tool
emoji	💧	droplet	cold, comic, drop, droplet, nature, sad, sweat, tear, water, weather
emoji	🌊	water wave	nature, ocean, surf, surfer, surfing, water, wave
emoji	🎃	jack-o-lantern	celebration, halloween, jack, jack-o-lantern, lantern, pumpkin
emoji	🎄	Christmas tree	celebration, Christmas, tree
emoji	🎆	fireworks	boom, celebration, entertainment, fireworks, yolo
emoji	🎇	sparkler	boom, celebration, fireworks, sparkle, sparkler
emoji	🧨	firecracker	dynamite, explosive, fire, firecracker, fireworks, light, pop, popping, spark
emoji	✨	sparkles	*, magic, sparkle, sparkles, star
emoji	🎈	balloon	balloon, birthday, celebrate, celebration
emoji	🎉	party popper	awesome, birthday, celebrate, celebration, excited, hooray, party, popper, tada, woohoo
emoji	🎊	confetti ball	ball, celebrate, celebration, confetti, party, woohoo
emoji	🎋	tanabata tree	banner, celebration, Japanese, tanabata, tree
emoji	🎍	pine decoration	bamboo, celebration, decoration, Japanese, pine, plant
emoji	🎎	Japanese dolls	celebration, doll, dolls, festival, Japanese
emoji	🎏	carp streamer	carp, celebration, streamer
emoji	🎐	wind chime	bell, celebration, chime, wind
emoji	🎑	moon viewing ceremony	celebration, ceremony, moon, viewing
emoji	🧧	red envelope	envelope, gift, good, hóngbāo, lai, luck, money, red, see
emoji	🎀	ribbon	celebration, ribbon
emoji	🎁	wrapped gift	birthday, bow, box, celebration, christmas, gift, present, surprise, wrapped
emoji	🎗️	reminder ribbon	celebration, reminder, ribbon
emoji	🎟️	admission tickets	admission, ticket, tickets
emoji	🎫	ticket	admission, stub, ticket
emoji	🎖️	military medal	award, celebration, medal, military
emoji	🏆	trophy	champion, champs, prize, slay, sport, trophy, victory, win, winning
emoji	🏅	sports medal	award, gold, medal, sports, winner
emoji	🥇	1st place medal	1st, first, gold, medal, place
emoji	🥈	2nd place medal	2nd, medal, place, second, silver
emoji	🥉	3rd place medal	3rd, bronze, medal, place, third
emoji	⚽	soccer ball	ball, football, futbol, soccer, sport
emoji	⚾	baseball	ball, baseball, sport
emoji	🥎	softball	ball, glove, softball, sports, underarm
emoji	🏀	basketball	ball, basketball, hoop, sport
emoji	🏐	volleyball	ball, game, volleyball
emoji	🏈	american football	american, ball, bowl, football, sport, super
emoji	🏉	rugby football	ball, football, rugby, sport
emoji	🎾	tennis	ball, racquet, sport, tennis
emoji	🥏	flying disc	disc, flying, ultimate
emoji	🎳	bowling	ball, bowling, game, sport, strike
emoji	🏏	cricket game	ball, bat, cricket, game
emoji	🏑	field hockey	ball, field, game, hockey, stick
emoji	🏒	ice hockey	game, hockey, ice, puck, stick
emoji	🥍	lacrosse	ball, goal, lacrosse, sports, stick
emoji	🏓	ping pong	ball, bat, game, paddle, ping, pingpong, pong, table, tennis
emoji	🏸	badminton	badminton, birdie, game, racquet, shuttlecock
emoji	🥊	boxing glove	boxing, glove
emoji	🥋	martial arts uniform	arts, judo, karate, martial, taekwondo, uniform
emoji	🥅	goal net	goal, net
emoji	⛳	flag in hole	flag, golf, hole, sport
emoji	⛸️	ice skate	ice, skate, skating
emoji	🎣	fishing pole	entertainment, fish, fishing, pole, sport
emoji	🤿	diving mask	diving, mask, scuba, snorkeling
emoji	🎽	running shirt	athletics, running, sash, shirt
emoji	🎿	skis	ski, skis, snow, sport
emoji	🛷	sled	luge, sled, sledge, sleigh, snow, toboggan
emoji	🥌	curling stone	curling, game, rock, stone
emoji	🎯	bullseye	bull, bullseye, dart, direct, entertainment, game, hit, target
emoji	🪀	yo-yo	fluctuate, toy, yo-yo
emoji	🪁	kite	fly, kite, soar
emoji	🔫	water pistol	gun, handgun, pistol, revolver, tool, water, weapon
emoji	🎱	pool 8 ball	8, 8ball, ball, billiard, eight, game, pool
emoji	🔮	crystal ball	ball, crystal, fairy, fairytale, fantasy, fortune, future, magic, tale, tool
emoji	🪄	magic wand	magic, magician, wand, witch, wizard
emoji	🎮	video game	controller, entertainment, game, video
emoji	🕹️	joystick	game, joystick, video, videogame
emoji	🎰	slot machine	casino, gamble, gambling, game, machine, slot, slots
emoji	🎲	game die	dice, die, entertainment, game
emoji	🧩	puzzle piece	clue, interlocking, jigsaw, piece, puzzle
emoji	🧸	teddy bear	bear, plaything, plush, stuffed, teddy, toy
emoji	🪅	piñata	candy, celebrate, celebration, cinco, de, festive, mayo, party, pinada, pinata, piñata
emoji	🪩	mirror ball	ball, dance, disco, glitter, mirror, party
emoji	🪆	nesting dolls	babooshka, baboushka, babushka, doll, dolls, matryoshka, nesting, russia
emoji	♠️	spade suit	card, game, spade, suit
emoji	♥️	heart suit	card, emotion, game, heart, hearts, suit
emoji	♦️	diamond suit	card, diamond, game, suit
emoji	♣️	club suit	card, club, clubs, game, suit
emoji	♟️	chess pawn	chess, dupe, expendable, pawn
emoji	🃏	joker	card, game, joker, wildcard
emoji	🀄	mahjong red dragon	dragon, game, mahjong, red
emoji	🎴	flower playing cards	card, cards, flower, game, Japanese, playing
emoji	🎭	performing arts	actor, actress, art, arts, entertainment, mask, performing, theater, theatre, thespian
emoji	🖼️	framed picture	art, frame, framed, museum, painting, picture
emoji	🎨	artist palette	art, artist, artsy, arty, colorful, creative, entertainment, museum, painter, painting, palette
emoji	🧵	thread	needle, sewing, spool, string, thread
emoji	🪡	sewing needle	embroidery, needle, sew, sewing, stitches, sutures, tailoring, thread
emoji	🧶	yarn	ball, crochet, knit, yarn
emoji	🪢	knot	cord, knot, rope, tangled, tie, twine, twist
emoji	👓	glasses	clothing, eye, eyeglasses, eyewear, glasses
emoji	🕶️	sunglasses	dark, eye, eyewear, glasses, sunglasses
emoji	🥽	goggles	dive, eye, goggles, protection, scuba, swimming, welding
emoji	🥼	lab coat	clothes, coat, doctor, dr, experiment, jacket, lab, scientist, white
emoji	🦺	safety vest	emergency, safety, vest
emoji	👔	necktie	clothing, employed, necktie, serious, shirt, tie
emoji	👕	t-shirt	blue, casual, clothes, clothing, collar, dressed, shirt, shopping, t-shirt, tshirt, weekend
emoji	👖	jeans	blue, casual, clothes, clothing, denim, dressed, jeans, pants, shopping, trousers, weekend
emoji	🧣	scarf	bundle, cold, neck, scarf, up
emoji	🧤	gloves	gloves, hand
emoji	🧥	coat	brr, bundle, coat, cold, jacket, up
emoji	🧦	socks	socks, stocking
emoji	👗	dress	clothes, clothing, dress, dressed, fancy, shopping
emoji	👘	kimono	clothing, comfortable, kimono
emoji	🥻	sari	clothing, dress, sari
emoji	🩱	one-piece swimsuit	bathing, one-piece, suit, swimsuit
emoji	🩲	briefs	bathing, briefs, one-piece, suit, swimsuit, underwear
emoji	🩳	shorts	bathing, pants, shorts, suit, swimsuit, underwear
emoji	👙	bikini	bathing, beach, bikini, clothing, pool, suit, swim
emoji	👚	woman’s clothes	blouse, clothes, clothing, collar, dress, dressed, lady, shirt, shopping, woman, woman’s
emoji	🪭	folding hand fan	clack, clap, cool, cooling, dance, fan, flirt, flutter, folding, hand, hot, shy
emoji	👛	purse	clothes, clothing, coin, dress, fancy, handbag, purse, shopping
emoji	👜	handbag	bag, clothes, clothing, dress, handbag, lady, purse, shopping
emoji	👝	clutch bag	bag, clothes, clothing, clutch, dress, handbag, pouch, purse
emoji	🛍️	shopping bags	bag, bags, hotel, shopping
emoji	🎒	backpack	backpack, backpacking, bag, bookbag, education, rucksack, satchel, school
emoji	🩴	thong sandal	beach, flip, flop, sandal, sandals, shoe, thong, thongs, zōri
emoji	👞	man’s shoe	brown, clothes, clothing, feet, foot, kick, man, man’s, shoe, shoes, shopping
emoji	👟	running shoe	athletic, clothes, clothing, fast, kick, running, shoe, shoes, shopping, sneaker, tennis
emoji	🥾	hiking boot	backpacking, boot, brown, camping, hiking, outdoors, shoe
emoji	🥿	flat shoe	ballet, comfy, flat, flats, shoe, slip-on, slipper
emoji	👠	high-heeled shoe	clothes, clothing, dress, fashion, heel, heels, high-heeled, shoe, shoes, shopping, stiletto, woman
emoji	👡	woman’s sandal	clothing, sandal, shoe, woman, woman’s
emoji	🩰	ballet shoes	ballet, dance, shoes
emoji	👢	woman’s boot	boot, clothes, clothing, dress, shoe, shoes, shopping, woman, woman’s
emoji	🪮	hair pick	Afro, comb, groom, hair, pick
emoji	👑	crown	clothing, crown, family, king, medieval, queen, royal, royalty, win
emoji	👒	woman’s hat	clothes, clothing, garden, hat, hats, party, woman, woman’s
emoji	🎩	top hat	clothes, clothing, fancy, formal, hat, magic, top, tophat
emoji	🎓	graduation cap	cap, celebration, clothing, education, graduation, hat, scholar
emoji	🧢	billed cap	baseball, bent, billed, cap, dad, hat
emoji	🪖	military helmet	army, helmet, military, soldier, war, warrior
emoji	⛑️	rescue worker’s helmet	aid, cross, face, hat, helmet, rescue, worker’s
emoji	📿	prayer beads	beads, clothing, necklace, prayer, religion
emoji	💄	lipstick	cosmetics, date, lipstick, makeup
emoji	💍	ring	diamond, engaged, engagement, married, ring, romance, shiny, sparkling, wedding
emoji	💎	gem stone	diamond, engagement, gem, jewel, money, romance, stone, wedding
emoji	🔇	muted speaker	mute, muted, quiet, silent, sound, speaker
emoji	🔈	speaker low volume	low, soft, sound, speaker, volume
emoji	🔉	speaker medium volume	medium, sound, speaker, volume
emoji	🔊	speaker high volume	high, loud, music, sound, speaker, volume
emoji	📢	loudspeaker	address, communication, loud, loudspeaker, public, sound
emoji	📣	megaphone	cheering, megaphone, sound
emoji	📯	postal horn	horn, post, postal
emoji	🔔	bell	bell, break, church, sound
emoji	🔕	bell with slash	bell, forbidden, mute, no, not, prohibited, quiet, silent, slash, sound
emoji	🎼	musical score	music, musical, note, score
emoji	🎵	musical note	music, musical, note, sound
emoji	🎶	musical notes	music, musical, note, notes, sound
emoji	🎙️	studio microphone	mic, microphone, music, studio
emoji	🎚️	level slider	level, music, slider
emoji	🎛️	control knobs	control, knobs, music
emoji	🎤	microphone	karaoke, mic, microphone, music, sing, sound
emoji	🎧	headphone	earbud, headphone, sound
emoji	📻	radio	entertainment, radio, tbt, video
emoji	🎷	saxophone	instrument, music, sax, saxophone
emoji	🎺	trumpet	instrument, music, trumpet
emoji	🪊	trombone	brass, instrument, jazz, music, sad, slide
emoji	🪗	accordion	accordion, box, concertina, instrument, music, squeeze, squeezebox
emoji	🎸	guitar	guitar, instrument, music, strat
emoji	🎹	musical keyboard	instrument, keyboard, music, musical, piano
emoji	🎻	violin	instrument, music, violin
emoji	🪕	banjo	banjo, music, stringed
emoji	🥁	drum	drum, drumsticks, music
emoji	🪘	long drum	beat, conga, drum, instrument, long, rhythm
emoji	🪇	maracas	cha, dance, instrument, maracas, music, party, percussion, rattle, shake, shaker
emoji	🪈	flute	band, fife, flautist, flute, instrument, marching, music, orchestra, piccolo, pipe, recorder, woodwind
emoji	🪉	harp	cupid, harp, instrument, love, music, orchestra
emoji	📱	mobile phone	cell, communication, mobile, phone, telephone
emoji	📲	mobile phone with arrow	arrow, build, call, cell, communication, mobile, phone, receive, telephone
emoji	☎️	telephone	phone, telephone
emoji	📞	telephone receiver	communication, phone, receiver, telephone, voip
emoji	📟	pager	communication, pager
emoji	📠	fax machine	communication, fax, machine
emoji	🔋	battery	battery
emoji	🪫	low battery	battery, drained, electronic, energy, low, power
emoji	🔌	electric plug	electric, electricity, plug
emoji	💻	laptop	computer, laptop, office, pc, personal
emoji	🖥️	desktop computer	computer, desktop, monitor
emoji	🖨️	printer	computer, printer
emoji	⌨️	keyboard	computer, keyboard
emoji	🖱️	computer mouse	computer, mouse
emoji	🖲️	trackball	computer, trackball
emoji	💽	computer disk	computer, disk, minidisk, optical
emoji	💾	floppy disk	computer, disk, floppy
emoji	💿	optical disk	blu-ray, CD, computer, disk, dvd, optical
emoji	📀	dvd	Blu-ray, cd, computer, disk, DVD, optical
emoji	🧮	abacus	abacus, calculation, calculator
emoji	🎥	movie camera	bollywood, camera, cinema, film, hollywood, movie, record
emoji	🎞️	film frames	cinema, film, frames, movie
emoji	📽️	film projector	cinema, film, movie, projector, video
emoji	🎬	clapper board	action, board, clapper, movie
emoji	📺	television	television, tv, video
emoji	📷	camera	camera, photo, selfie, snap, tbt, trip, video
emoji	📸	camera with flash	camera, flash, video
emoji	📹	video camera	camcorder, camera, tbt, video
emoji	📼	videocassette	old, school, tape, vcr, vhs, video, videocassette
emoji	🔍	magnifying glass tilted left	glass, lab, left, left-pointing, magnifying, science, search, tilted, tool
emoji	🔎	magnifying glass tilted right	contact, glass, lab, magnifying, right, right-pointing, science, search, tilted, tool
emoji	🕯️	candle	candle, light
emoji	💡	light bulb	bulb, comic, electric, idea, light
emoji	🔦	flashlight	electric, flashlight, light, tool, torch
emoji	🏮	red paper lantern	bar, lantern, light, paper, red, restaurant
emoji	🪔	diya lamp	diya, lamp, light, oil
emoji	📔	notebook with decorative cover	book, cover, decorated, decorative, education, notebook, school, writing
emoji	📕	closed book	book, closed, education
emoji	📖	open book	book, education, fantasy, knowledge, library, novels, open, reading
emoji	📗	green book	book, education, fantasy, green, library, reading
emoji	📘	blue book	blue, book, education, fantasy, library, reading
emoji	📙	orange book	book, education, fantasy, library, orange, reading
emoji	📚	books	book, books, education, fantasy, knowledge, library, novels, reading, school, study
emoji	📓	notebook	notebook
emoji	📒	ledger	ledger, notebook
emoji	📃	page with curl	curl, document, page, paper
emoji	📜	scroll	paper, scroll
emoji	📄	page facing up	document, facing, page, paper, up
emoji	📰	newspaper	communication, news, newspaper, paper
emoji	🗞️	rolled-up newspaper	news, newspaper, paper, rolled, rolled-up
emoji	📑	bookmark tabs	bookmark, mark, marker, tabs
emoji	🔖	bookmark	bookmark, mark
emoji	🏷️	label	label, tag
emoji	🪙	coin	coin, dollar, euro, gold, metal, money, rich, silver, treasure
emoji	💰	money bag	bag, bank, bet, billion, cash, cost, dollar, gold, million, money, moneybag, paid, paying, pot, rich, win
emoji	🪎	treasure chest	gem, gold, jewels, loot, money, prize, silver, valuables, wealth
emoji	💴	yen banknote	bank, banknote, bill, currency, money, note, yen
emoji	💵	dollar banknote	bank, banknote, bill, currency, dollar, money, note
emoji	💶	euro banknote	100, bank, banknote, bill, currency, euro, money, note, rich
emoji	💷	pound banknote	bank, banknote, bill, billion, cash, currency, money, note, pound, pounds
emoji	💸	money with wings	bank, banknote, bill, billion, cash, dollar, fly, million, money, note, pay, wings
emoji	💳	credit card	bank, card, cash, charge, credit, money, pay
emoji	🧾	receipt	accounting, bookkeeping, evidence, invoice, proof, receipt
emoji	💹	chart increasing with yen	bank, chart, currency, graph, growth, increasing, market, money, rise, trend, upward, yen
emoji	✉️	envelope	e-mail, email, envelope, letter
emoji	📧	e-mail	e-mail, email, letter, mail
emoji	📨	incoming envelope	delivering, e-mail, email, envelope, incoming, letter, mail, receive, sent
emoji	📩	envelope with arrow	arrow, communication, down, e-mail, email, envelope, letter, mail, outgoing, send, sent
emoji	📤	outbox tray	box, email, letter, mail, outbox, sent, tray
emoji	📥	inbox tray	box, email, inbox, letter, mail, receive, tray, zero
emoji	📦	package	box, communication, delivery, package, parcel, shipping
emoji	📫	closed mailbox with raised flag	closed, communication, flag, mail, mailbox, postbox, raised
emoji	📪	closed mailbox with lowered flag	closed, flag, lowered, mail, mailbox, postbox
emoji	📬	open mailbox with raised flag	flag, mail, mailbox, open, postbox, raised
emoji	📭	open mailbox with lowered flag	flag, lowered, mail, mailbox, open, postbox
emoji	📮	postbox	mail, mailbox, postbox
emoji	🗳️	ballot box with ballot	ballot, box
emoji	✏️	pencil	pencil
emoji	✒️	black nib	black, nib, pen
emoji	🖋️	fountain pen	fountain, pen
emoji	🖊️	pen	ballpoint, pen
emoji	🖌️	paintbrush	paintbrush, painting
emoji	🖍️	crayon	crayon
emoji	📝	memo	communication, media, memo, notes, pencil
emoji	🪌	eraser	correction, delete, drawing, erase, error, mistake, remove, rub, undo, writing
emoji	💼	briefcase	briefcase, office
emoji	📁	file folder	file, folder
emoji	📂	open file folder	file, folder, open
emoji	🗂️	card index dividers	card, dividers, index
emoji	📅	calendar	calendar, date
emoji	📆	tear-off calendar	calendar, tear-off
emoji	🗒️	spiral notepad	note, notepad, pad, spiral
emoji	🗓️	spiral calendar	calendar, pad, spiral
emoji	📇	card index	card, index, old, rolodex, school
emoji	📈	chart increasing	chart, data, graph, growth, increasing, right, trend, up, upward
emoji	📉	chart decreasing	chart, data, decreasing, down, downward, graph, negative, trend
emoji	📊	bar chart	bar, chart, data, graph
emoji	📋	clipboard	clipboard, do, list, notes
emoji	📌	pushpin	collage, pin, pushpin
emoji	📍	round pushpin	location, map, pin, pushpin, round
emoji	📎	paperclip	paperclip
emoji	🖇️	linked paperclips	link, linked, paperclip, paperclips
emoji	📏	straight ruler	angle, edge, math, ruler, straight, straightedge
emoji	📐	triangular ruler	angle, math, rule, ruler, set, slide, triangle, triangular
emoji	✂️	scissors	cut, cutting, paper, scissors, tool
emoji	🗃️	card file box	box, card, file
emoji	🗄️	file cabinet	cabinet, file, filing, paper
emoji	🗑️	wastebasket	can, garbage, trash, waste, wastebasket
emoji	🔒	locked	closed, lock, locked, private
emoji	🔓	unlocked	cracked, lock, open, unlock, unlocked
emoji	🔏	locked with pen	ink, lock, locked, nib, pen, privacy
emoji	🔐	locked with key	bike, closed, key, lock, locked, secure
emoji	🔑	key	key, keys, lock, major, password, unlock
emoji	🗝️	old key	clue, key, lock, old
emoji	🪍	net with handle	catch, collect, mesh, trap
emoji	🔨	hammer	hammer, home, improvement, repairs, tool
emoji	🪓	axe	ax, axe, chop, hatchet, split, wood
emoji	⛏️	pick	hammer, mining, pick, tool
emoji	⚒️	hammer and pick	hammer, pick, tool
emoji	🛠️	hammer and wrench	hammer, spanner, tool, wrench
emoji	🗡️	dagger	dagger, knife, weapon
emoji	⚔️	crossed swords	crossed, swords, weapon
emoji	💣	bomb	bomb, boom, comic, dangerous, explosion, hot
emoji	🪃	boomerang	boomerang, rebound, repercussion, weapon
emoji	🏹	bow and arrow	archer, archery, arrow, bow, Sagittarius, tool, weapon, zodiac
emoji	🛡️	shield	shield, weapon
emoji	🪚	carpentry saw	carpenter, carpentry, cut, lumber, saw, tool, trim
emoji	🔧	wrench	home, improvement, spanner, tool, wrench
emoji	🪛	screwdriver	flathead, handy, screw, screwdriver, tool
emoji	🔩	nut and bolt	bolt, home, improvement, nut, tool
emoji	⚙️	gear	cog, cogwheel, gear, tool
emoji	🗜️	clamp	clamp, compress, tool, vice
emoji	⚖️	balance scale	balance, justice, Libra, scale, scales, tool, weight, zodiac
emoji	🦯	white cane	accessibility, blind, cane, probing, white
emoji	🔗	link	link, links
emoji	⛓️‍💥	broken chain	break, breaking, broken, chain, cuffs, freedom
emoji	⛓️	chains	chain, chains
emoji	🪝	hook	catch, crook, curve, ensnare, hook, point, selling
emoji	🧰	toolbox	box, chest, mechanic, red, tool, toolbox
emoji	🧲	magnet	attraction, horseshoe, magnet, magnetic, negative, positive, shape, u
emoji	🪜	ladder	climb, ladder, rung, step
emoji	🪏	shovel	bury, dig, garden, hole, plant, scoop, shovel, snow, spade
emoji	⚗️	alembic	alembic, chemistry, tool
emoji	🧪	test tube	chemist, chemistry, experiment, lab, science, test, tube
emoji	🧫	petri dish	bacteria, biologist, biology, culture, dish, lab, petri
emoji	🧬	dna	biologist, dna, evolution, gene, genetics, life
emoji	🔬	microscope	experiment, lab, microscope, science, tool
emoji	🔭	telescope	contact, extraterrestrial, science, telescope, tool
emoji	📡	satellite antenna	aliens, antenna, contact, dish, satellite, science
emoji	💉	syringe	doctor, flu, medicine, needle, shot, sick, syringe, tool, vaccination
emoji	🩸	drop of blood	bleed, blood, donation, drop, injury, medicine, menstruation
emoji	💊	pill	doctor, drugs, medicated, medicine, pill, pills, sick, vitamin
emoji	🩹	adhesive bandage	adhesive, bandage
emoji	🩼	crutch	aid, cane, crutch, disability, help, hurt, injured, mobility, stick
emoji	🩺	stethoscope	doctor, heart, medicine, stethoscope
emoji	🩻	x-ray	bones, doctor, medical, skeleton, skull, x-ray, xray
emoji	🚪	door	back, closet, door, front
emoji	🛗	elevator	accessibility, elevator, hoist, lift
emoji	🪞	mirror	makeup, mirror, reflection, reflector, speculum
emoji	🪟	window	air, frame, fresh, opening, transparent, view, window
emoji	🛏️	bed	bed, hotel, sleep
emoji	🛋️	couch and lamp	couch, hotel, lamp
emoji	🪑	chair	chair, seat, sit
emoji	🚽	toilet	bathroom, toilet
emoji	🪠	plunger	cup, force, plumber, plunger, poop, suction, toilet
emoji	🚿	shower	shower, water
emoji	🛁	bathtub	bath, bathtub
emoji	🪤	mouse trap	bait, cheese, lure, mouse, mousetrap, snare, trap
emoji	🪒	razor	razor, sharp, shave
emoji	🧴	lotion bottle	bottle, lotion, moisturizer, shampoo, sunscreen
emoji	🧷	safety pin	diaper, pin, punk, rock, safety
emoji	🧹	broom	broom, cleaning, sweeping, witch
emoji	🧺	basket	basket, farming, laundry, picnic
emoji	🧻	roll of paper	paper, roll, toilet, towels
emoji	🪣	bucket	bucket, cask, pail, vat
emoji	🧼	soap	bar, bathing, clean, cleaning, lather, soap, soapdish
emoji	🫧	bubbles	bubble, bubbles, burp, clean, floating, pearl, soap, underwater
emoji	🪥	toothbrush	bathroom, brush, clean, dental, hygiene, teeth, toiletry, toothbrush
emoji	🧽	sponge	absorbing, cleaning, porous, soak, sponge
emoji	🧯	fire extinguisher	extinguish, extinguisher, fire, quench
emoji	🛒	shopping cart	cart, shopping, trolley
emoji	🚬	cigarette	cigarette, smoking
emoji	⚰️	coffin	coffin, dead, death, vampire
emoji	🪦	headstone	cemetery, dead, grave, graveyard, headstone, memorial, rip, tomb, tombstone
emoji	⚱️	funeral urn	ashes, death, funeral, urn
emoji	🧿	nazar amulet	amulet, bead, blue, charm, evil-eye, nazar, talisman
emoji	🪬	hamsa	amulet, Fatima, fortune, guide, hamsa, hand, Mary, Miriam, palm, protect, protection
emoji	🗿	moai	face, moai, moyai, statue, stoneface, travel
emoji	🪧	placard	card, demonstration, notice, picket, placard, plaque, protest, sign
emoji	🪪	identification card	card, credentials, document, ID, identification, license, security
emoji	🏧	ATM sign	ATM, automated, bank, cash, money, sign, teller
emoji	🚮	litter in bin sign	bin, litter, litterbin, sign
emoji	🚰	potable water	drinking, potable, water
emoji	♿	wheelchair symbol	access, handicap, symbol, wheelchair
emoji	🚹	men’s room	bathroom, lavatory, man, men’s, restroom, room, toilet, WC
emoji	🚺	women’s room	bathroom, lavatory, restroom, room, toilet, WC, woman, women’s
emoji	🚻	restroom	bathroom, lavatory, restroom, toilet, WC
emoji	🚼	baby symbol	baby, changing, symbol
emoji	🚾	water closet	bathroom, closet, lavatory, restroom, toilet, water, WC
emoji	🛂	passport control	control, passport
emoji	🛃	customs	customs, packing
emoji	🛄	baggage claim	arrived, baggage, bags, case, checked, claim, journey, packing, plane, ready, travel, trip
emoji	🛅	left luggage	baggage, case, left, locker, luggage
emoji	⚠️	warning	caution, warning
emoji	🚸	children crossing	child, children, crossing, pedestrian, traffic
emoji	⛔	no entry	do, entry, fail, forbidden, no, not, pass, prohibited, traffic
emoji	🚫	prohibited	entry, forbidden, no, not, prohibited, smoke
emoji	🚳	no bicycles	bicycle, bicycles, bike, forbidden, no, not, prohibited
emoji	🚭	no smoking	forbidden, no, not, prohibited, smoke, smoking
emoji	🚯	no littering	forbidden, litter, littering, no, not, prohibited
emoji	🚱	non-potable water	dry, non-drinking, non-potable, prohibited, water
emoji	🚷	no pedestrians	forbidden, no, not, pedestrian, pedestrians, prohibited
emoji	📵	no mobile phones	cell, forbidden, mobile, no, not, phone, phones, prohibited, telephone
emoji	🔞	no one under eighteen	18, age, eighteen, forbidden, no, not, one, prohibited, restriction, underage
emoji	☢️	radioactive	radioactive, sign
emoji	☣️	biohazard	biohazard, sign
emoji	⬆️	up arrow	arrow, cardinal, direction, north, up
emoji	↗️	up-right arrow	arrow, direction, intercardinal, northeast, up-right
emoji	➡️	right arrow	arrow, cardinal, direction, east, right
emoji	↘️	down-right arrow	arrow, direction, down-right, intercardinal, southeast
emoji	⬇️	down arrow	arrow, cardinal, direction, down, south
emoji	↙️	down-left arrow	arrow, direction, down-left, intercardinal, southwest
emoji	⬅️	left arrow	arrow, cardinal, direction, left, west
emoji	↖️	up-left arrow	arrow, direction, intercardinal, northwest, up-left
emoji	↕️	up-down arrow	arrow, up-down
emoji	↔️	left-right arrow	arrow, left-right
emoji	↩️	right arrow curving left	arrow, curving, left, right
emoji	↪️	left arrow curving right	arrow, curving, left, right
emoji	⤴️	right arrow curving up	arrow, curving, right, up
emoji	⤵️	right arrow curving down	arrow, curving, down, right
emoji	🔃	clockwise vertical arrows	arrow, arrows, clockwise, refresh, reload, vertical
emoji	🔄	counterclockwise arrows button	again, anticlockwise, arrow, arrows, button, counterclockwise, deja, refresh, rewindershins, vu
emoji	🔙	BACK arrow	arrow, BACK
emoji	🔚	END arrow	arrow, END
emoji	🔛	ON! arrow	arrow, mark, ON!
emoji	🔜	SOON arrow	arrow, brb, omw, SOON
emoji	🔝	TOP arrow	arrow, homie, TOP, up
emoji	🛐	place of worship	place, pray, religion, worship
emoji	⚛️	atom symbol	atheist, atom, symbol
emoji	🕉️	om	Hindu, om, religion
emoji	✡️	star of David	David, Jew, Jewish, judaism, religion, star
emoji	☸️	wheel of dharma	Buddhist, dharma, religion, wheel
emoji	☯️	yin yang	difficult, lives, religion, tao, taoist, total, yang, yin, yinyang
emoji	✝️	latin cross	christ, Christian, cross, latin, religion
emoji	☦️	orthodox cross	Christian, cross, orthodox, religion
emoji	☪️	star and crescent	crescent, islam, Muslim, ramadan, religion, star
emoji	☮️	peace symbol	healing, peace, peaceful, symbol
emoji	🕎	menorah	candelabrum, candlestick, hanukkah, jewish, judaism, menorah, religion
emoji	🔯	dotted six-pointed star	dotted, fortune, jewish, judaism, six-pointed, star
emoji	🪯	khanda	Deg, Fateh, Khalsa, Khanda, religion, Sikh, Sikhism, Tegh
emoji	♈	Aries	Aries, horoscope, ram, zodiac
emoji	♉	Taurus	bull, horoscope, ox, Taurus, zodiac
emoji	♊	Gemini	Gemini, horoscope, twins, zodiac
emoji	♋	Cancer	Cancer, crab, horoscope, zodiac
emoji	♌	Leo	horoscope, Leo, lion, zodiac
emoji	♍	Virgo	horoscope, Virgo, zodiac
emoji	♎	Libra	balance, horoscope, justice, Libra, scales, zodiac
emoji	♏	Scorpio	horoscope, Scorpio, scorpion, Scorpius, zodiac
emoji	♐	Sagittarius	archer, horoscope, Sagittarius, zodiac
emoji	♑	Capricorn	Capricorn, goat, horoscope, zodiac
emoji	♒	Aquarius	Aquarius, bearer, horoscope, water, zodiac
emoji	♓	Pisces	fish, horoscope, Pisces, zodiac
emoji	⛎	Ophiuchus	bearer, Ophiuchus, serpent, snake, zodiac
emoji	🔀	shuffle tracks button	arrow, button, crossed, shuffle, tracks
emoji	🔁	repeat button	arrow, button, clockwise, repeat
emoji	🔂	repeat single button	arrow, button, clockwise, once, repeat, single
emoji	▶️	play button	arrow, button, play, right, triangle
emoji	⏩	fast-forward button	arrow, button, double, fast, fast-forward, forward
emoji	⏭️	next track button	arrow, button, next, scene, track, triangle
emoji	⏯️	play or pause button	arrow, button, pause, play, right, triangle
emoji	◀️	reverse button	arrow, button, left, reverse, triangle
emoji	⏪	fast reverse button	arrow, button, double, fast, reverse, rewind
emoji	⏮️	last track button	arrow, button, last, previous, scene, track, triangle
emoji	🔼	upwards button	arrow, button, red, up, upwards
emoji	⏫	fast up button	arrow, button, double, fast, up
emoji	🔽	downwards button	arrow, button, down, downwards, red
emoji	⏬	fast down button	arrow, button, double, down, fast
emoji	⏸️	pause button	bar, button, double, pause, vertical
emoji	⏹️	stop button	button, square, stop
emoji	⏺️	record button	button, circle, record
emoji	⏏️	eject button	button, eject
emoji	🎦	cinema	camera, cinema, film, movie
emoji	🔅	dim button	brightness, button, dim, low
emoji	🔆	bright button	bright, brightness, button, light
emoji	📶	antenna bars	antenna, bar, bars, cell, communication, mobile, phone, signal, telephone
emoji	🛜	wireless	broadband, computer, connectivity, hotspot, internet, network, router, smartphone, wi-fi, wifi, wireless, wlan
emoji	📳	vibration mode	cell, communication, mobile, mode, phone, telephone, vibration
emoji	📴	mobile phone off	cell, mobile, off, phone, telephone
emoji	♀️	female sign	female, sign, woman
emoji	♂️	male sign	male, man, sign
emoji	⚧️	transgender symbol	symbol, transgender
emoji	✖️	multiply	×, cancel, multiplication, multiply, sign, x
emoji	➕	plus	+, plus
emoji	➖	minus	-, −, heavy, math, minus, sign
emoji	➗	divide	÷, divide, division, heavy, math, sign
emoji	🟰	heavy equals sign	answer, equal, equality, equals, heavy, math, sign
emoji	♾️	infinity	forever, infinity, unbounded, universal
emoji	‼️	double exclamation mark	!, !!, bangbang, double, exclamation, mark, punctuation
emoji	⁉️	exclamation question mark	!, !?, ?, exclamation, interrobang, mark, punctuation, question
emoji	❓	red question mark	?, mark, punctuation, question, red
emoji	❔	white question mark	?, mark, outlined, punctuation, question, white
emoji	❕	white exclamation mark	!, bang, exclamation, mark, outlined, punctuation, white
emoji	❗	red exclamation mark	!, bang, exclamation, mark, punctuation, red
emoji	〰️	wavy dash	dash, punctuation, wavy
emoji	💱	currency exchange	bank, currency, exchange, money
emoji	💲	heavy dollar sign	billion, cash, charge, currency, dollar, heavy, million, money, pay, sign
emoji	⚕️	medical symbol	aesculapius, medical, medicine, staff, symbol
emoji	♻️	recycling symbol	recycle, recycling, symbol
emoji	⚜️	fleur-de-lis	fleur-de-lis, knights
emoji	🔱	trident emblem	anchor, emblem, poseidon, ship, tool, trident
emoji	📛	name badge	badge, name
emoji	🔰	Japanese symbol for beginner	beginner, chevron, green, Japanese, leaf, symbol, tool, yellow
emoji	⭕	hollow red circle	circle, heavy, hollow, large, o, red
emoji	✅	check mark button	✓, button, check, checked, checkmark, complete, completed, done, fixed, mark, tick
emoji	☑️	check box with check	✓, ballot, box, check, checked, done, off, tick
emoji	✔️	check mark	✓, check, checked, checkmark, done, heavy, mark, tick
emoji	❌	cross mark	×, cancel, cross, mark, multiplication, multiply, x
emoji	❎	cross mark button	×, button, cross, mark, multiplication, multiply, square, x
emoji	➰	curly loop	curl, curly, loop
emoji	➿	double curly loop	curl, curly, double, loop
emoji	〽️	part alternation mark	alternation, mark, part
emoji	✳️	eight-spoked asterisk	*, asterisk, eight-spoked
emoji	✴️	eight-pointed star	*, eight-pointed, star
emoji	❇️	sparkle	*, sparkle
emoji	©️	copyright	C, copyright
emoji	®️	registered	R, registered
emoji	™️	trade mark	mark, TM, trade, trademark
emoji	🫟	splatter	drip, holi, ink, liquid, mess, paint, spill, splatter, stain
emoji	#️⃣	keycap: #	
emoji	*️⃣	keycap: *	
emoji	0️⃣	keycap: 0	0, keycap, zero
emoji	1️⃣	keycap: 1	1, keycap, one
emoji	2️⃣	keycap: 2	2, keycap, two
emoji	3️⃣	keycap: 3	3, keycap, three
emoji	4️⃣	keycap: 4	4, four, keycap
emoji	5️⃣	keycap: 5	5, five, keycap
emoji	6️⃣	keycap: 6	6, keycap, six
emoji	7️⃣	keycap: 7	7, keycap, seven
emoji	8️⃣	keycap: 8	8, eight, keycap
emoji	9️⃣	keycap: 9	9, keycap, nine
emoji	🔟	keycap: 10	
emoji	🔠	input latin uppercase	ABCD, input, latin, letters, uppercase
emoji	🔡	input latin lowercase	abcd, input, latin, letters, lowercase
emoji	🔢	input numbers	1234, input, numbers
emoji	🔣	input symbols	&amp;, %, ♪, 〒, input, symbols
emoji	🔤	input latin letters	abc, alphabet, input, latin, letters
emoji	🅰️	A button (blood type)	blood, button, type
emoji	🆎	AB button (blood type)	AB, blood, button, type
emoji	🅱️	B button (blood type)	B, blood, button, type
emoji	🆑	CL button	button, CL
emoji	🆒	COOL button	button, COOL
emoji	🆓	FREE button	button, FREE
emoji	ℹ️	information	I, information
emoji	🆔	ID button	button, ID, identity
emoji	Ⓜ️	circled M	circle, circled, M
emoji	🆕	NEW button	button, NEW
emoji	🆖	NG button	button, NG
emoji	🅾️	O button (blood type)	blood, button, O, type
emoji	🆗	OK button	button, OK, okay
emoji	🅿️	P button	button, P, parking
emoji	🆘	SOS button	button, help, SOS
emoji	🆙	UP! button	button, mark, UP, UP!
emoji	🆚	VS button	button, versus, VS
emoji	🈁	Japanese “here” button	button, here, Japanese, katakana
emoji	🈂️	Japanese “service charge” button	button, charge, Japanese, katakana, service
emoji	🈷️	Japanese “monthly amount” button	amount, button, ideograph, Japanese, monthly
emoji	🈶	Japanese “not free of charge” button	button, charge, free, ideograph, Japanese, not
emoji	🈯	Japanese “reserved” button	button, ideograph, Japanese, reserved
emoji	🉐	Japanese “bargain” button	bargain, button, ideograph, Japanese
emoji	🈹	Japanese “discount” button	button, discount, ideograph, Japanese
emoji	🈚	Japanese “free of charge” button	button, charge, free, ideograph, Japanese
emoji	🈲	Japanese “prohibited” button	button, ideograph, Japanese, prohibited
emoji	🉑	Japanese “acceptable” button	acceptable, button, ideograph, Japanese
emoji	🈸	Japanese “application” button	application, button, ideograph, Japanese
emoji	🈴	Japanese “passing grade” button	button, grade, ideograph, Japanese, passing
emoji	🈳	Japanese “vacancy” button	button, ideograph, Japanese, vacancy
emoji	㊗️	Japanese “congratulations” button	button, congratulations, ideograph, Japanese
emoji	㊙️	Japanese “secret” button	button, ideograph, Japanese, secret
emoji	🈺	Japanese “open for business” button	business, button, ideograph, Japanese, open
emoji	🈵	Japanese “no vacancy” button	button, ideograph, Japanese, no, vacancy
emoji	🔴	red circle	circle, geometric, red
emoji	🟠	orange circle	circle, orange
emoji	🟡	yellow circle	circle, yellow
emoji	🟢	green circle	circle, green
emoji	🔵	blue circle	blue, circle, geometric
emoji	🟣	purple circle	circle, purple
emoji	🟤	brown circle	brown, circle
emoji	⚫	black circle	black, circle, geometric
emoji	⚪	white circle	circle, geometric, white
emoji	🟥	red square	card, penalty, red, square
emoji	🟧	orange square	orange, square
emoji	🟨	yellow square	card, penalty, square, yellow
emoji	🟩	green square	green, square
emoji	🟦	blue square	blue, square
emoji	🟪	purple square	purple, square
emoji	🟫	brown square	brown, square
emoji	⬛	black large square	black, geometric, large, square
emoji	⬜	white large square	geometric, large, square, white
emoji	◼️	black medium square	black, geometric, medium, square
emoji	◻️	white medium square	geometric, medium, square, white
emoji	◾	black medium-small square	black, geometric, medium-small, square
emoji	◽	white medium-small square	geometric, medium-small, square, white
emoji	▪️	black small square	black, geometric, small, square
emoji	▫️	white small square	geometric, small, square, white
emoji	🔶	large orange diamond	diamond, geometric, large, orange
emoji	🔷	large blue diamond	blue, diamond, geometric, large
emoji	🔸	small orange diamond	diamond, geometric, orange, small
emoji	🔹	small blue diamond	blue, diamond, geometric, small
emoji	🔺	red triangle pointed up	geometric, pointed, red, triangle, up
emoji	🔻	red triangle pointed down	down, geometric, pointed, red, triangle
emoji	💠	diamond with a dot	comic, diamond, dot, geometric
emoji	🔘	radio button	button, geometric, radio
emoji	🔳	white square button	button, geometric, outlined, square, white
emoji	🔲	black square button	black, button, geometric, square
emoji	🏁	chequered flag	checkered, chequered, finish, flag, flags, game, race, racing, sport, win
emoji	🚩	triangular flag	construction, flag, golf, post, triangular
emoji	🎌	crossed flags	celebration, cross, crossed, flags, Japanese
emoji	🏴	black flag	black, flag, waving
emoji	🏳️	white flag	flag, waving, white
emoji	🏳️‍🌈	rainbow flag	bisexual, flag, gay, genderqueer, glbt, glbtq, lesbian, lgbt, lgbtq, lgbtqia, pride, queer, rainbow, trans, transgender
emoji	🏳️‍⚧️	transgender flag	blue, flag, light, pink, transgender, white
emoji	🏴‍☠️	pirate flag	flag, Jolly, pirate, plunder, Roger, treasure
emoji	🇦🇨	flag: Ascension Island	
emoji	🇦🇩	flag: Andorra	
emoji	🇦🇪	flag: United Arab Emirates	
emoji	🇦🇫	flag: Afghanistan	
emoji	🇦🇬	flag: Antigua & Barbuda	
emoji	🇦🇮	flag: Anguilla	
emoji	🇦🇱	flag: Albania	
emoji	🇦🇲	flag: Armenia	
emoji	🇦🇴	flag: Angola	
emoji	🇦🇶	flag: Antarctica	
emoji	🇦🇷	flag: Argentina	
emoji	🇦🇸	flag: American Samoa	
emoji	🇦🇹	flag: Austria	
emoji	🇦🇺	flag: Australia	
emoji	🇦🇼	flag: Aruba	
emoji	🇦🇽	flag: Åland Islands	
emoji	🇦🇿	flag: Azerbaijan	
emoji	🇧🇦	flag: Bosnia & Herzegovina	
emoji	🇧🇧	flag: Barbados	
emoji	🇧🇩	flag: Bangladesh	
emoji	🇧🇪	flag: Belgium	
emoji	🇧🇫	flag: Burkina Faso	
emoji	🇧🇬	flag: Bulgaria	
emoji	🇧🇭	flag: Bahrain	
emoji	🇧🇮	flag: Burundi	
emoji	🇧🇯	flag: Benin	
emoji	🇧🇱	flag: St. Barthélemy	
emoji	🇧🇲	flag: Bermuda	
emoji	🇧🇳	flag: Brunei	
emoji	🇧🇴	flag: Bolivia	
emoji	🇧🇶	flag: Caribbean Netherlands	
emoji	🇧🇷	flag: Brazil	
emoji	🇧🇸	flag: Bahamas	
emoji	🇧🇹	flag: Bhutan	
emoji	🇧🇻	flag: Bouvet Island	
emoji	🇧🇼	flag: Botswana	
emoji	🇧🇾	flag: Belarus	
emoji	🇧🇿	flag: Belize	
emoji	🇨🇦	flag: Canada	
emoji	🇨🇨	flag: Cocos (Keeling) Islands	
emoji	🇨🇩	flag: Congo - Kinshasa	
emoji	🇨🇫	flag: Central African Republic	
emoji	🇨🇬	flag: Congo - Brazzaville	
emoji	🇨🇭	flag: Switzerland	
emoji	🇨🇮	flag: Côte d’Ivoire	
emoji	🇨🇰	flag: Cook Islands	
emoji	🇨🇱	flag: Chile	
emoji	🇨🇲	flag: Cameroon	
emoji	🇨🇳	flag: China	
emoji	🇨🇴	flag: Colombia	
emoji	🇨🇵	flag: Clipperton Island	
emoji	🇨🇶	flag: Sark	
emoji	🇨🇷	flag: Costa Rica	
emoji	🇨🇺	flag: Cuba	
emoji	🇨🇻	flag: Cape Verde	
emoji	🇨🇼	flag: Curaçao	
emoji	🇨🇽	flag: Christmas Island	
emoji	🇨🇾	flag: Cyprus	
emoji	🇨🇿	flag: Czechia	
emoji	🇩🇪	flag: Germany	
emoji	🇩🇬	flag: Diego Garcia	
emoji	🇩🇯	flag: Djibouti	
emoji	🇩🇰	flag: Denmark	
emoji	🇩🇲	flag: Dominica	
emoji	🇩🇴	flag: Dominican Republic	
emoji	🇩🇿	flag: Algeria	
emoji	🇪🇦	flag: Ceuta & Melilla	
emoji	🇪🇨	flag: Ecuador	
emoji	🇪🇪	flag: Estonia	
emoji	🇪🇬	flag: Egypt	
emoji	🇪🇭	flag: Western Sahara	
emoji	🇪🇷	flag: Eritrea	
emoji	🇪🇸	flag: Spain	
emoji	🇪🇹	flag: Ethiopia	
emoji	🇪🇺	flag: European Union	
emoji	🇫🇮	flag: Finland	
emoji	🇫🇯	flag: Fiji	
emoji	🇫🇰	flag: Falkland Islands	
emoji	🇫🇲	flag: Micronesia	
emoji	🇫🇴	flag: Faroe Islands	
emoji	🇫🇷	flag: France	
emoji	🇬🇦	flag: Gabon	
emoji	🇬🇧	flag: United Kingdom	
emoji	🇬🇩	flag: Grenada	
emoji	🇬🇪	flag: Georgia	
emoji	🇬🇫	flag: French Guiana	
emoji	🇬🇬	flag: Guernsey	
emoji	🇬🇭	flag: Ghana	
emoji	🇬🇮	flag: Gibraltar	
emoji	🇬🇱	flag: Greenland	
emoji	🇬🇲	flag: Gambia	
emoji	🇬🇳	flag: Guinea	
emoji	🇬🇵	flag: Guadeloupe	
emoji	🇬🇶	flag: Equatorial Guinea	
emoji	🇬🇷	flag: Greece	
emoji	🇬🇸	flag: South Georgia & South Sandwich Islands	
emoji	🇬🇹	flag: Guatemala	
emoji	🇬🇺	flag: Guam	
emoji	🇬🇼	flag: Guinea-Bissau	
emoji	🇬🇾	flag: Guyana	
emoji	🇭🇰	flag: Hong Kong SAR China	
emoji	🇭🇲	flag: Heard Island & McDonald Islands	
emoji	🇭🇳	flag: Honduras	
emoji	🇭🇷	flag: Croatia	
emoji	🇭🇹	flag: Haiti	
emoji	🇭🇺	flag: Hungary	
emoji	🇮🇨	flag: Canary Islands	
emoji	🇮🇩	flag: Indonesia	
emoji	🇮🇪	flag: Ireland	
emoji	🇮🇱	flag: Israel	
emoji	🇮🇲	flag: Isle of Man	
emoji	🇮🇳	flag: India	
emoji	🇮🇴	flag: British Indian Ocean Territory	
emoji	🇮🇶	flag: Iraq	
emoji	🇮🇷	flag: Iran	
emoji	🇮🇸	flag: Iceland	
emoji	🇮🇹	flag: Italy	
emoji	🇯🇪	flag: Jersey	
emoji	🇯🇲	flag: Jamaica	
emoji	🇯🇴	flag: Jordan	
emoji	🇯🇵	flag: Japan	
emoji	🇰🇪	flag: Kenya	
emoji	🇰🇬	flag: Kyrgyzstan	
emoji	🇰🇭	flag: Cambodia	
emoji	🇰🇮	flag: Kiribati	
emoji	🇰🇲	flag: Comoros	
emoji	🇰🇳	flag: St. Kitts & Nevis	
emoji	🇰🇵	flag: North Korea	
emoji	🇰🇷	flag: South Korea	
emoji	🇰🇼	flag: Kuwait	
emoji	🇰🇾	flag: Cayman Islands	
emoji	🇰🇿	flag: Kazakhstan	
emoji	🇱🇦	flag: Laos	
emoji	🇱🇧	flag: Lebanon	
emoji	🇱🇨	flag: St. Lucia	
emoji	🇱🇮	flag: Liechtenstein	
emoji	🇱🇰	flag: Sri Lanka	
emoji	🇱🇷	flag: Liberia	
emoji	🇱🇸	flag: Lesotho	
emoji	🇱🇹	flag: Lithuania	
emoji	🇱🇺	flag: Luxembourg	
emoji	🇱🇻	flag: Latvia	
emoji	🇱🇾	flag: Libya	
emoji	🇲🇦	flag: Morocco	
emoji	🇲🇨	flag: Monaco	
emoji	🇲🇩	flag: Moldova	
emoji	🇲🇪	flag: Montenegro	
emoji	🇲🇫	flag: St. Martin	
emoji	🇲🇬	flag: Madagascar	
emoji	🇲🇭	flag: Marshall Islands	
emoji	🇲🇰	flag: North Macedonia	
emoji	🇲🇱	flag: Mali	
emoji	🇲🇲	flag: Myanmar (Burma)	
emoji	🇲🇳	flag: Mongolia	
emoji	🇲🇴	flag: Macao SAR China	
emoji	🇲🇵	flag: Northern Mariana Islands	
emoji	🇲🇶	flag: Martinique	
emoji	🇲🇷	flag: Mauritania	
emoji	🇲🇸	flag: Montserrat	
emoji	🇲🇹	flag: Malta	
emoji	🇲🇺	flag: Mauritius	
emoji	🇲🇻	flag: Maldives	
emoji	🇲🇼	flag: Malawi	
emoji	🇲🇽	flag: Mexico	
emoji	🇲🇾	flag: Malaysia	
emoji	🇲🇿	flag: Mozambique	
emoji	🇳🇦	flag: Namibia	
emoji	🇳🇨	flag: New Caledonia	
emoji	🇳🇪	flag: Niger	
emoji	🇳🇫	flag: Norfolk Island	
emoji	🇳🇬	flag: Nigeria	
emoji	🇳🇮	flag: Nicaragua	
emoji	🇳🇱	flag: Netherlands	
emoji	🇳🇴	flag: Norway	
emoji	🇳🇵	flag: Nepal	
emoji	🇳🇷	flag: Nauru	
emoji	🇳🇺	flag: Niue	
emoji	🇳🇿	flag: New Zealand	
emoji	🇴🇲	flag: Oman	
emoji	🇵🇦	flag: Panama	
emoji	🇵🇪	flag: Peru	
emoji	🇵🇫	flag: French Polynesia	
emoji	🇵🇬	flag: Papua New Guinea	
emoji	🇵🇭	flag: Philippines	
emoji	🇵🇰	flag: Pakistan	
emoji	🇵🇱	flag: Poland	
emoji	🇵🇲	flag: St. Pierre & Miquelon	
emoji	🇵🇳	flag: Pitcairn Islands	
emoji	🇵🇷	flag: Puerto Rico	
emoji	🇵🇸	flag: Palestinian Territories	
emoji	🇵🇹	flag: Portugal	
emoji	🇵🇼	flag: Palau	
emoji	🇵🇾	flag: Paraguay	
emoji	🇶🇦	flag: Qatar	
emoji	🇷🇪	flag: Réunion	
emoji	🇷🇴	flag: Romania	
emoji	🇷🇸	flag: Serbia	
emoji	🇷🇺	flag: Russia	
emoji	🇷🇼	flag: Rwanda	
emoji	🇸🇦	flag: Saudi Arabia	
emoji	🇸🇧	flag: Solomon Islands	
emoji	🇸🇨	flag: Seychelles	
emoji	🇸🇩	flag: Sudan	
emoji	🇸🇪	flag: Sweden	
emoji	🇸🇬	flag: Singapore	
emoji	🇸🇭	flag: St. Helena, Ascension & Tristan da Cunha	
emoji	🇸🇮	flag: Slovenia	
emoji	🇸🇯	flag: Svalbard & Jan Mayen	
emoji	🇸🇰	flag: Slovakia	
emoji	🇸🇱	flag: Sierra Leone	
emoji	🇸🇲	flag: San Marino	
emoji	🇸🇳	flag: Senegal	
emoji	🇸🇴	flag: Somalia	
emoji	🇸🇷	flag: Suriname	
emoji	🇸🇸	flag: South Sudan	
emoji	🇸🇹	flag: São Tomé & Príncipe	
emoji	🇸🇻	flag: El Salvador	
emoji	🇸🇽	flag: Sint Maarten	
emoji	🇸🇾	flag: Syria	
emoji	🇸🇿	flag: Eswatini	
emoji	🇹🇦	flag: Tristan da Cunha	
emoji	🇹🇨	flag: Turks & Caicos Islands	
emoji	🇹🇩	flag: Chad	
emoji	🇹🇫	flag: French Southern and Antarctic Lands	
emoji	🇹🇬	flag: Togo	
emoji	🇹🇭	flag: Thailand	
emoji	🇹🇯	flag: Tajikistan	
emoji	🇹🇰	flag: Tokelau	
emoji	🇹🇱	flag: Timor-Leste	
emoji	🇹🇲	flag: Turkmenistan	
emoji	🇹🇳	flag: Tunisia	
emoji	🇹🇴	flag: Tonga	
emoji	🇹🇷	flag: Türkiye	
emoji	🇹🇹	flag: Trinidad & Tobago	
emoji	🇹🇻	flag: Tuvalu	
emoji	🇹🇼	flag: Taiwan	
emoji	🇹🇿	flag: Tanzania	
emoji	🇺🇦	flag: Ukraine	
emoji	🇺🇬	flag: Uganda	
emoji	🇺🇲	flag: U.S. Outlying Islands	
emoji	🇺🇳	flag: United Nations	
emoji	🇺🇸	flag: United States	
emoji	🇺🇾	flag: Uruguay	
emoji	🇺🇿	flag: Uzbekistan	
emoji	🇻🇦	flag: Vatican City	
emoji	🇻🇨	flag: St. Vincent & Grenadines	
emoji	🇻🇪	flag: Venezuela	
emoji	🇻🇬	flag: British Virgin Islands	
emoji	🇻🇮	flag: U.S. Virgin Islands	
emoji	🇻🇳	flag: Vietnam	
emoji	🇻🇺	flag: Vanuatu	
emoji	🇼🇫	flag: Wallis & Futuna	
emoji	🇼🇸	flag: Samoa	
emoji	🇽🇰	flag: Kosovo	
emoji	🇾🇪	flag: Yemen	
emoji	🇾🇹	flag: Mayotte	
emoji	🇿🇦	flag: South Africa	
emoji	🇿🇲	flag: Zambia	
emoji	🇿🇼	flag: Zimbabwe	
emoji	🏴󠁧󠁢󠁥󠁮󠁧󠁿	flag: England	
emoji	🏴󠁧󠁢󠁳󠁣󠁴󠁿	flag: Scotland	
emoji	🏴󠁧󠁢󠁷󠁬󠁳󠁿	flag: Wales	
nerd		cod-account	
nerd		cod-activate_breakpoints	
nerd		cod-add	
nerd		cod-add_small	
nerd		cod-agent	
nerd		cod-archive	
nerd		cod-arrow_both	
nerd		cod-arrow_circle_down	
nerd		cod-arrow_circle_left	
nerd		cod-arrow_circle_right	
nerd		cod-arrow_circle_up	
nerd		cod-arrow_down	
nerd		cod-arrow_left	
nerd		cod-arrow_right	
nerd		cod-arrow_small_down	
nerd		cod-arrow_small_left	
nerd		cod-arrow_small_right	
nerd		cod-arrow_small_up	
nerd		cod-arrow_swap	
nerd		cod-arrow_up	
nerd		cod-ask	
nerd		cod-attach	
nerd		cod-azure	
nerd		cod-azure_devops	
nerd		cod-beaker	
nerd		cod-beaker_stop	
nerd		cod-bell	
nerd		cod-bell_dot	
nerd		cod-bell_slash	
nerd		cod-bell_slash_dot	
nerd		cod-blank	
nerd		cod-bold	
nerd		cod-book	
nerd		cod-bookmark	
nerd		cod-bracket_dot	
nerd		cod-bracket_error	
nerd		cod-briefcase	
nerd		cod-broadcast	
nerd		cod-browser	
nerd		cod-bug	
nerd		cod-build	
nerd		cod-calendar	
nerd		cod-call_incoming	
nerd		cod-call_outgoing	
nerd		cod-case_sensitive	
nerd		cod-chat_sparkle	
nerd		cod-chat_sparkle_error	
nerd		cod-chat_sparkle_warning	
nerd		cod-check	
nerd		cod-check_all	
nerd		cod-checklist	
nerd		cod-chevron_down	
nerd		cod-chevron_left	
nerd		cod-chevron_right	
nerd		cod-chevron_up	
nerd		cod-chip	
nerd		cod-chrome_close	
nerd		cod-chrome_maximize	
nerd		cod-chrome_minimize	
nerd		cod-chrome_restore	
nerd		cod-circle	
nerd		cod-circle_filled	
nerd		cod-circle_large	
nerd		cod-circle_large_filled	
nerd		cod-circle_slash	
nerd		cod-circle_small	
nerd		cod-circle_small_filled	
nerd		cod-circuit_board	
nerd		cod-claude	
nerd		cod-clear_all	
nerd		cod-clippy	
nerd		cod-clockface	
nerd		cod-close	
nerd		cod-close_all	
nerd		cod-cloud	
nerd		cod-cloud_download	
nerd		cod-cloud_small	
nerd		cod-cloud_upload	
nerd		cod-code	
nerd		cod-code_oss	
nerd		cod-code_review	
nerd		cod-coffee	
nerd		cod-collapse_all	
nerd		cod-collection	
nerd		cod-collection_small	
nerd		cod-color_mode	
nerd		cod-combine	
nerd		cod-comment	
nerd		cod-comment_discussion	
nerd		cod-comment_discussion_quote	
nerd		cod-comment_discussion_sparkle	
nerd		cod-comment_draft	
nerd		cod-comment_unresolved	
nerd		cod-compass	
nerd		cod-compass_active	
nerd		cod-compass_dot	
nerd		cod-copilot	
nerd		cod-copilot_blocked	
nerd		cod-copilot_error	
nerd		cod-copilot_in_progress	
nerd		cod-copilot_large	
nerd		cod-copilot_not_connected	
nerd		cod-copilot_snooze	
nerd		cod-copilot_success	
nerd		cod-copilot_unavailable	
nerd		cod-copilot_warning	
nerd		cod-copilot_warning_large	
nerd		cod-copy	
nerd		cod-coverage	
nerd		cod-credit_card	
nerd		cod-cursor	
nerd		cod-dash	
nerd		cod-dashboard	
nerd		cod-database	
nerd		cod-debug	
nerd		cod-debug_all	
nerd		cod-debug_alt	
nerd		cod-debug_alt_small	
nerd		cod-debug_breakpoint_conditional	
nerd		cod-debug_breakpoint_conditional_unverified	
nerd		cod-debug_breakpoint_data	
nerd		cod-debug_breakpoint_data_unverified	
nerd		cod-debug_breakpoint_function	
nerd		cod-debug_breakpoint_function_unverified	
nerd		cod-debug_breakpoint_log	
nerd		cod-debug_breakpoint_log_unverified	
nerd		cod-debug_breakpoint_unsupported	
nerd		cod-debug_connected	
nerd		cod-debug_console	
nerd		cod-debug_continue	
nerd		cod-debug_continue_small	
nerd		cod-debug_coverage	
nerd		cod-debug_disconnect	
nerd		cod-debug_line_by_line	
nerd		cod-debug_pause	
nerd		cod-debug_rerun	
nerd		cod-debug_restart	
nerd		cod-debug_restart_frame	
nerd		cod-debug_reverse_continue	
nerd		cod-debug_stackframe	
nerd		cod-debug_stackframe_active	
nerd		cod-debug_start	
nerd		cod-debug_step_back	
nerd		cod-debug_step_into	
nerd		cod-debug_step_out	
nerd		cod-debug_step_over	
nerd		cod-debug_stop	
nerd		cod-desktop_download	
nerd		cod-device_camera	
nerd		cod-device_camera_video	
nerd		cod-device_mobile	
nerd		cod-diff	
nerd		cod-diff_added	
nerd		cod-diff_ignored	
nerd		cod-diff_modified	
nerd		cod-diff_multiple	
nerd		cod-diff_removed	
nerd		cod-diff_renamed	
nerd		cod-diff_single	
nerd		cod-discard	
nerd		cod-download	
nerd		cod-edit	
nerd		cod-edit_code	
nerd		cod-edit_session	
nerd		cod-edit_sparkle	
nerd		cod-editor_layout	
nerd		cod-ellipsis	
nerd		cod-empty_window	
nerd		cod-eraser	
nerd		cod-error	
nerd		cod-error_small	
nerd		cod-exclude	
nerd		cod-expand_all	
nerd		cod-export	
nerd		cod-extensions	
nerd		cod-extensions_large	
nerd		cod-eye	
nerd		cod-eye_closed	
nerd		cod-feedback	
nerd		cod-file	
nerd		cod-file_binary	
nerd		cod-file_code	
nerd		cod-file_media	
nerd		cod-file_pdf	
nerd		cod-file_submodule	
nerd		cod-file_symlink_directory	
nerd		cod-file_symlink_file	
nerd		cod-file_text	
nerd		cod-file_zip	
nerd		cod-files	
nerd		cod-filter	
nerd		cod-filter_filled	
nerd		cod-flag	
nerd		cod-flame	
nerd		cod-fold	
nerd		cod-fold_down	
nerd		cod-fold_up	
nerd		cod-folder	
nerd		cod-folder_active	
nerd		cod-folder_library	
nerd		cod-folder_opened	
nerd		cod-forward	
nerd		cod-game	
nerd		cod-gear	
nerd		cod-gift	
nerd		cod-gist	
nerd		cod-gist_secret	
nerd		cod-git_branch	
nerd		cod-git_branch_changes	
nerd		cod-git_branch_conflicts	
nerd		cod-git_branch_staged_changes	
nerd		cod-git_commit	
nerd		cod-git_compare	
nerd		cod-git_fetch	
nerd		cod-git_merge	
nerd		cod-git_pull_request	
nerd		cod-git_pull_request_closed	
nerd		cod-git_pull_request_create	
nerd		cod-git_pull_request_done	
nerd		cod-git_pull_request_draft	
nerd		cod-git_pull_request_go_to_changes	
nerd		cod-git_pull_request_new_changes	
nerd		cod-git_stash	
nerd		cod-git_stash_apply	
nerd		cod-git_stash_pop	
nerd		cod-github	
nerd		cod-github_action	
nerd		cod-github_alt	
nerd		cod-github_inverted	
nerd		cod-github_project	
nerd		cod-globe	
nerd		cod-go_to_editing_session	
nerd		cod-go_to_file	
nerd		cod-go_to_search	
nerd		cod-grabber	
nerd		cod-graph	
nerd		cod-graph_left	
nerd		cod-graph_line	
nerd		cod-graph_scatter	
nerd		cod-gripper	
nerd		cod-group_by_ref_type	
nerd		cod-heart	
nerd		cod-heart_filled	
nerd		cod-history	
nerd		cod-home	
nerd		cod-horizontal_rule	
nerd		cod-hubot	
nerd		cod-inbox	
nerd		cod-indent	
nerd		cod-index_zero	
nerd		cod-info	
nerd		cod-insert	
nerd		cod-inspect	
nerd		cod-issue_draft	
nerd		cod-issue_reopened	
nerd		cod-issues	
nerd		cod-italic	
nerd		cod-jersey	
nerd		cod-json	
nerd		cod-kebab_vertical	
nerd		cod-key	
nerd		cod-keyboard_tab	
nerd		cod-keyboard_tab_above	
nerd		cod-keyboard_tab_below	
nerd		cod-law	
nerd		cod-layers	
nerd		cod-layers_active	
nerd		cod-layers_dot	
nerd		cod-layout	
nerd		cod-layout_activitybar_left	
nerd		cod-layout_activitybar_right	
nerd		cod-layout_centered	
nerd		cod-layout_menubar	
nerd		cod-layout_panel	
nerd		cod-layout_panel_center	
nerd		cod-layout_panel_dock	
nerd		cod-layout_panel_justify	
nerd		cod-layout_panel_left	
nerd		cod-layout_panel_off	
nerd		cod-layout_panel_right	
nerd		cod-layout_sidebar_left	
nerd		cod-layout_sidebar_left_dock	
nerd		cod-layout_sidebar_left_off	
nerd		cod-layout_sidebar_right	
nerd		cod-layout_sidebar_right_dock	
nerd		cod-layout_sidebar_right_off	
nerd		cod-layout_statusbar	
nerd		cod-library	
nerd		cod-lightbulb	
nerd		cod-lightbulb_autofix	
nerd		cod-lightbulb_empty	
nerd		cod-lightbulb_sparkle	
nerd		cod-link	
nerd		cod-link_external	
nerd		cod-list_filter	
nerd		cod-list_flat	
nerd		cod-list_ordered	
nerd		cod-list_selection	
nerd		cod-list_tree	
nerd		cod-list_unordered	
nerd		cod-live_share	
nerd		cod-loading	
nerd		cod-location	
nerd		cod-lock	
nerd		cod-lock_small	
nerd		cod-magnet	
nerd		cod-mail	
nerd		cod-mail_read	
nerd		cod-map	
nerd		cod-map_filled	
nerd		cod-map_vertical	
nerd		cod-map_vertical_filled	
nerd		cod-markdown	
nerd		cod-mcp	
nerd		cod-megaphone	
nerd		cod-mention	
nerd		cod-menu	
nerd		cod-merge	
nerd		cod-merge_into	
nerd		cod-mic	
nerd		cod-mic_filled	
nerd		cod-milestone	
nerd		cod-mirror	
nerd		cod-mortar_board	
nerd		cod-move	
nerd		cod-multiple_windows	
nerd		cod-music	
nerd		cod-mute	
nerd		cod-new_collection	
nerd		cod-new_file	
nerd		cod-new_folder	
nerd		cod-new_session	
nerd		cod-newline	
nerd		cod-no_newline	
nerd		cod-note	
nerd		cod-notebook	
nerd		cod-notebook_template	
nerd		cod-octoface	
nerd		cod-open_in_product	
nerd		cod-open_in_window	
nerd		cod-open_preview	
nerd		cod-openai	
nerd		cod-organization	
nerd		cod-output	
nerd		cod-package	
nerd		cod-paintcan	
nerd		cod-pass	
nerd		cod-pass_filled	
nerd		cod-percentage	
nerd		cod-person	
nerd		cod-person_add	
nerd		cod-piano	
nerd		cod-pie_chart	
nerd		cod-pin	
nerd		cod-pinned	
nerd		cod-pinned_dirty	
nerd		cod-play	
nerd		cod-play_circle	
nerd		cod-plug	
nerd		cod-preserve_case	
nerd		cod-preview	
nerd		cod-primitive_square	
nerd		cod-project	
nerd		cod-pulse	
nerd		cod-python	
nerd		cod-question	
nerd		cod-quote	
nerd		cod-quotes	
nerd		cod-radio_tower	
nerd		cod-reactions	
nerd		cod-record	
nerd		cod-record_keys	
nerd		cod-record_small	
nerd		cod-redo	
nerd		cod-references	
nerd		cod-refresh	
nerd		cod-regex	
nerd		cod-remote	
nerd		cod-remote_explorer	
nerd		cod-remove	
nerd		cod-remove_small	
nerd		cod-rename	
nerd		cod-replace	
nerd		cod-replace_all	
nerd		cod-reply	
nerd		cod-repo	
nerd		cod-repo_clone	
nerd		cod-repo_force_push	
nerd		cod-repo_forked	
nerd		cod-repo_pinned	
nerd		cod-repo_pull	
nerd		cod-repo_push	
nerd		cod-repo_selected	
nerd		cod-report	
nerd		cod-request_changes	
nerd		cod-robot	
nerd		cod-rocket	
nerd		cod-root_folder	
nerd		cod-root_folder_opened	
nerd		cod-rss	
nerd		cod-ruby	
nerd		cod-run_above	
nerd		cod-run_all	
nerd		cod-run_all_coverage	
nerd		cod-run_below	
nerd		cod-run_coverage	
nerd		cod-run_errors	
nerd		cod-run_with_deps	
nerd		cod-save	
nerd		cod-save_all	
nerd		cod-save_as	
nerd		cod-screen_cut	
nerd		cod-screen_full	
nerd		cod-screen_normal	
nerd		cod-search	
nerd		cod-search_fuzzy	
nerd		cod-search_large	
nerd		cod-search_sparkle	
nerd		cod-search_stop	
nerd		cod-send	
nerd		cod-send_to_remote_agent	
nerd		cod-server	
nerd		cod-server_environment	
nerd		cod-server_process	
nerd		cod-session_in_progress	
nerd		cod-settings	
nerd		cod-settings_gear	
nerd		cod-share	
nerd		cod-shield	
nerd		cod-sign_in	
nerd		cod-sign_out	
nerd		cod-skip	
nerd		cod-smiley	
nerd		cod-snake	
nerd		cod-sort_precedence	
nerd		cod-source_control	
nerd		cod-sparkle	
nerd		cod-sparkle_filled	
nerd		cod-split_horizontal	
nerd		cod-split_vertical	
nerd		cod-squirrel	
nerd		cod-star_empty	
nerd		cod-star_full	
nerd		cod-star_half	
nerd		cod-stop_circle	
nerd		cod-strikethrough	
nerd		cod-surround_with	
nerd		cod-symbol_array	
nerd		cod-symbol_boolean	
nerd		cod-symbol_class	
nerd		cod-symbol_color	
nerd		cod-symbol_constant	
nerd		cod-symbol_enum	
nerd		cod-symbol_enum_member	
nerd		cod-symbol_event	
nerd		cod-symbol_field	
nerd		cod-symbol_file	
nerd		cod-symbol_interface	
nerd		cod-symbol_key	
nerd		cod-symbol_keyword	
nerd		cod-symbol_method	
nerd		cod-symbol_method_arrow	
nerd		cod-symbol_misc	
nerd		cod-symbol_namespace	
nerd		cod-symbol_numeric	
nerd		cod-symbol_operator	
nerd		cod-symbol_parameter	
nerd		cod-symbol_property	
nerd		cod-symbol_ruler	
nerd		cod-symbol_snippet	
nerd		cod-symbol_string	
nerd		cod-symbol_structure	
nerd		cod-symbol_variable	
nerd		cod-sync	
nerd		cod-sync_ignored	
nerd		cod-table	
nerd		cod-tag	
nerd		cod-target	
nerd		cod-tasklist	
nerd		cod-telescope	
nerd		cod-terminal	
nerd		cod-terminal_bash	
nerd		cod-terminal_cmd	
nerd		cod-terminal_debian	
nerd		cod-terminal_git_bash	
nerd		cod-terminal_linux	
nerd		cod-terminal_powershell	
nerd		cod-terminal_tmux	
nerd		cod-terminal_ubuntu	
nerd		cod-text_size	
nerd		cod-thinking	
nerd		cod-three_bars	
nerd		cod-thumbsdown	
nerd		cod-thumbsdown_filled	
nerd		cod-thumbsup	
nerd		cod-thumbsup_filled	
nerd		cod-tools	
nerd		cod-trash	
nerd		cod-triangle_down	
nerd		cod-triangle_left	
nerd		cod-triangle_right	
nerd		cod-triangle_up	
nerd		cod-twitter	
nerd		cod-type_hierarchy	
nerd		cod-type_hierarchy_sub	
nerd		cod-type_hierarchy_super	
nerd		cod-unarchive	
nerd		cod-unfold	
nerd		cod-ungroup_by_ref_type	
nerd		cod-unlock	
nerd		cod-unmute	
nerd		cod-unverified	
nerd		cod-variable_group	
nerd		cod-verified	
nerd		cod-verified_filled	
nerd		cod-versions	
nerd		cod-vm	
nerd		cod-vm_active	
nerd		cod-vm_connect	
nerd		cod-vm_outline	
nerd		cod-vm_running	
nerd		cod-vm_small	
nerd		cod-vr	
nerd		cod-vscode	
nerd		cod-vscode_insiders	
nerd		cod-wand	
nerd		cod-warning	
nerd		cod-watch	
nerd		cod-whitespace	
nerd		cod-whole_word	
nerd		cod-window	
nerd		cod-window_active	
nerd		cod-word_wrap	
nerd		cod-workspace_trusted	
nerd		cod-workspace_unknown	
nerd		cod-workspace_untrusted	
nerd		cod-worktree	
nerd		cod-worktree_small	
nerd		cod-zoom_in	
nerd		cod-zoom_out	
nerd		custom-ada	
nerd		custom-asm	
nerd		custom-astro	
nerd		custom-bazel	
nerd		custom-c	
nerd		custom-chuck	
nerd		custom-common_lisp	
nerd		custom-cpp	
nerd		custom-crystal	
nerd		custom-css	
nerd		custom-default	
nerd		custom-electron	
nerd		custom-elixir	
nerd		custom-elm	
nerd		custom-emacs	
nerd		custom-fennel	
nerd		custom-firebase	
nerd		custom-folder	
nerd		custom-folder_config	
nerd		custom-folder_git	
nerd		custom-folder_git_branch	
nerd		custom-folder_github	
nerd		custom-folder_npm	
nerd		custom-folder_oct	
nerd		custom-folder_open	
nerd		custom-go	
nerd		custom-home	
nerd		custom-kotlin	
nerd		custom-msdos	
nerd		custom-neovim	
nerd		custom-obsidian	
nerd		custom-orgmode	
nerd		custom-play_arrow	
nerd		custom-prettier	
nerd		custom-puppet	
nerd		custom-purescript	
nerd		custom-ruby	
nerd		custom-scheme	
nerd		custom-toml	
nerd		custom-v_lang	
nerd		custom-vim	
nerd		custom-vitruvian	
nerd		custom-windows	
nerd		custom-wireshark	
nerd		custom-zsh	
nerd		dev-aarch64	
nerd		dev-adonisjs	
nerd		dev-aerospike	
nerd		dev-aframe	
nerd		dev-aftereffects	
nerd		dev-akka	
nerd		dev-algolia	
nerd		dev-almalinux	
nerd		dev-alpinejs	
nerd		dev-amazonwebservices	
nerd		dev-anaconda	
nerd		dev-android	
nerd		dev-androidstudio	
nerd		dev-angular	
nerd		dev-angularjs	
nerd		dev-angularmaterial	
nerd		dev-ansible	
nerd		dev-ansys	
nerd		dev-antdesign	
nerd		dev-apache	
nerd		dev-apacheairflow	
nerd		dev-apachekafka	
nerd		dev-apachespark	
nerd		dev-apex	
nerd		dev-apl	
nerd		dev-apollographql	
nerd		dev-appcelerator	
nerd		dev-apple	
nerd		dev-appwrite	
nerd		dev-archlinux	
nerd		dev-arduino	
nerd		dev-argocd	
nerd		dev-artixlinux	
nerd		dev-astro	
nerd		dev-atom	
nerd		dev-awk	
nerd		dev-aws	
nerd		dev-axios	
nerd		dev-azure	
nerd		dev-azuredevops	
nerd		dev-azuresqldatabase	
nerd		dev-babel	
nerd		dev-babylonjs	
nerd		dev-backbone	
nerd		dev-backbonejs	
nerd		dev-ballerina	
nerd		dev-bamboo	
nerd		dev-bash	
nerd		dev-bazel	
nerd		dev-beats	
nerd		dev-behance	
nerd		dev-bevyengine	
nerd		dev-biome	
nerd		dev-bitbucket	
nerd		dev-blazor	
nerd		dev-blender	
nerd		dev-bootstrap	
nerd		dev-bower	
nerd		dev-browserstack	
nerd		dev-bulma	
nerd		dev-bun	
nerd		dev-c	
nerd		dev-c_lang	
nerd		dev-cairo	
nerd		dev-cakephp	
nerd		dev-canva	
nerd		dev-capacitor	
nerd		dev-carbon	
nerd		dev-cassandra	
nerd		dev-centos	
nerd		dev-ceylon	
nerd		dev-chakraui	
nerd		dev-chartjs	
nerd		dev-chrome	
nerd		dev-circleci	
nerd		dev-clarity	
nerd		dev-clickhouse	
nerd		dev-clion	
nerd		dev-clojure	
nerd		dev-clojure_alt	
nerd		dev-clojurescript	
nerd		dev-cloudflare	
nerd		dev-cloudflareworkers	
nerd		dev-cloudrun	
nerd		dev-cmake	
nerd		dev-cobol	
nerd		dev-codeac	
nerd		dev-codecov	
nerd		dev-codeigniter	
nerd		dev-codepen	
nerd		dev-coffeescript	
nerd		dev-composer	
nerd		dev-confluence	
nerd		dev-consul	
nerd		dev-contao	
nerd		dev-corejs	
nerd		dev-cosmosdb	
nerd		dev-couchbase	
nerd		dev-couchdb	
nerd		dev-cpanel	
nerd		dev-cplusplus	
nerd		dev-crystal	
nerd		dev-csharp	
nerd		dev-css3	
nerd		dev-css3_full	
nerd		dev-cucumber	
nerd		dev-cypressio	
nerd		dev-d3js	
nerd		dev-dart	
nerd		dev-database	
nerd		dev-datadog	
nerd		dev-datagrip	
nerd		dev-dataspell	
nerd		dev-datatables	
nerd		dev-dbeaver	
nerd		dev-debian	
nerd		dev-delphi	
nerd		dev-denojs	
nerd		dev-detaspace	
nerd		dev-devicon	
nerd		dev-digital_ocean	
nerd		dev-digitalocean	
nerd		dev-discloud	
nerd		dev-discordjs	
nerd		dev-django	
nerd		dev-djangorest	
nerd		dev-dlang	
nerd		dev-docker	
nerd		dev-doctrine	
nerd		dev-dotnet	
nerd		dev-dotnetcore	
nerd		dev-dovecot	
nerd		dev-dreamweaver	
nerd		dev-dropbox	
nerd		dev-dropwizard	
nerd		dev-drupal	
nerd		dev-duckdb	
nerd		dev-dyalog	
nerd		dev-dynamodb	
nerd		dev-dynatrace	
nerd		dev-eclipse	
nerd		dev-ecto	
nerd		dev-elasticsearch	
nerd		dev-electron	
nerd		dev-eleventy	
nerd		dev-elixir	
nerd		dev-elm	
nerd		dev-emacs	
nerd		dev-embeddedc	
nerd		dev-ember	
nerd		dev-entityframeworkcore	
nerd		dev-envoy	
nerd		dev-erlang	
nerd		dev-eslint	
nerd		dev-expo	
nerd		dev-express	
nerd		dev-facebook	
nerd		dev-fastapi	
nerd		dev-fastify	
nerd		dev-faunadb	
nerd		dev-feathersjs	
nerd		dev-fedora	
nerd		dev-fiber	
nerd		dev-figma	
nerd		dev-filamentphp	
nerd		dev-filezilla	
nerd		dev-firebase	
nerd		dev-firebird	
nerd		dev-firefox	
nerd		dev-flask	
nerd		dev-flutter	
nerd		dev-forgejo	
nerd		dev-fortran	
nerd		dev-foundation	
nerd		dev-framermotion	
nerd		dev-framework7	
nerd		dev-fsharp	
nerd		dev-fusion	
nerd		dev-gardener	
nerd		dev-gatling	
nerd		dev-gatsby	
nerd		dev-gazebo	
nerd		dev-gcc	
nerd		dev-gentoo	
nerd		dev-ghost	
nerd		dev-ghost_small	
nerd		dev-gimp	
nerd		dev-git	
nerd		dev-git_branch	
nerd		dev-git_commit	
nerd		dev-git_compare	
nerd		dev-git_merge	
nerd		dev-git_pull_request	
nerd		dev-gitbook	
nerd		dev-github	
nerd		dev-github_badge	
nerd		dev-github_full	
nerd		dev-githubactions	
nerd		dev-githubcodespaces	
nerd		dev-gitkraken	
nerd		dev-gitlab	
nerd		dev-gitpod	
nerd		dev-gitter	
nerd		dev-gleam	
nerd		dev-glitch	
nerd		dev-gnu	
nerd		dev-go	
nerd		dev-godot	
nerd		dev-goland	
nerd		dev-google	
nerd		dev-googlecloud	
nerd		dev-googlecolab	
nerd		dev-gradle	
nerd		dev-grafana	
nerd		dev-grails	
nerd		dev-graphql	
nerd		dev-groovy	
nerd		dev-grpc	
nerd		dev-grunt	
nerd		dev-gulp	
nerd		dev-hadoop	
nerd		dev-handlebars	
nerd		dev-harbor	
nerd		dev-hardhat	
nerd		dev-harvester	
nerd		dev-haskell	
nerd		dev-haxe	
nerd		dev-helm	
nerd		dev-heroku	
nerd		dev-hibernate	
nerd		dev-homebrew	
nerd		dev-hoppscotch	
nerd		dev-html5	
nerd		dev-htmx	
nerd		dev-hugo	
nerd		dev-hyperv	
nerd		dev-ie	
nerd		dev-ifttt	
nerd		dev-illustrator	
nerd		dev-inertiajs	
nerd		dev-influxdb	
nerd		dev-inkscape	
nerd		dev-insomnia	
nerd		dev-intellij	
nerd		dev-ionic	
nerd		dev-jaegertracing	
nerd		dev-jamstack	
nerd		dev-jasmine	
nerd		dev-java	
nerd		dev-javascript	
nerd		dev-javascript_alt	
nerd		dev-javascript_badge	
nerd		dev-jeet	
nerd		dev-jekyll	
nerd		dev-jekyll_small	
nerd		dev-jenkins	
nerd		dev-jest	
nerd		dev-jetbrains	
nerd		dev-jetpackcompose	
nerd		dev-jhipster	
nerd		dev-jira	
nerd		dev-jiraalign	
nerd		dev-jquery	
nerd		dev-json	
nerd		dev-jule	
nerd		dev-julia	
nerd		dev-junit	
nerd		dev-jupyter	
nerd		dev-k3os	
nerd		dev-k3s	
nerd		dev-k6	
nerd		dev-kaggle	
nerd		dev-kaldi	
nerd		dev-kalilinux	
nerd		dev-karatelabs	
nerd		dev-karma	
nerd		dev-kdeneon	
nerd		dev-keras	
nerd		dev-kibana	
nerd		dev-knexjs	
nerd		dev-knockout	
nerd		dev-kotlin	
nerd		dev-krakenjs	
nerd		dev-krakenjs_badge	
nerd		dev-ktor	
nerd		dev-kubeflow	
nerd		dev-kubernetes	
nerd		dev-labview	
nerd		dev-laminas	
nerd		dev-laravel	
nerd		dev-laraveljetstream	
nerd		dev-latex	
nerd		dev-leetcode	
nerd		dev-less	
nerd		dev-libgdx	
nerd		dev-linkedin	
nerd		dev-linux	
nerd		dev-linuxmint	
nerd		dev-liquibase	
nerd		dev-livewire	
nerd		dev-llvm	
nerd		dev-lodash	
nerd		dev-logstash	
nerd		dev-love2d	
nerd		dev-lua	
nerd		dev-lumen	
nerd		dev-magento	
nerd		dev-mapbox	
nerd		dev-mariadb	
nerd		dev-markdown	
nerd		dev-materializecss	
nerd		dev-materialui	
nerd		dev-matlab	
nerd		dev-matplotlib	
nerd		dev-mattermost	
nerd		dev-maven	
nerd		dev-maya	
nerd		dev-memcached	
nerd		dev-mercurial	
nerd		dev-meteor	
nerd		dev-meteorfull	
nerd		dev-microsoftsqlserver	
nerd		dev-minitab	
nerd		dev-mithril	
nerd		dev-mobx	
nerd		dev-mocha	
nerd		dev-modx	
nerd		dev-moleculer	
nerd		dev-mongodb	
nerd		dev-mongoose	
nerd		dev-monogame	
nerd		dev-moodle	
nerd		dev-mootools_badge	
nerd		dev-mozilla	
nerd		dev-msdos	
nerd		dev-mysql	
nerd		dev-nano	
nerd		dev-nats	
nerd		dev-neo4j	
nerd		dev-neovim	
nerd		dev-nestjs	
nerd		dev-netbeans	
nerd		dev-netbox	
nerd		dev-netlify	
nerd		dev-networkx	
nerd		dev-newrelic	
nerd		dev-nextjs	
nerd		dev-nginx	
nerd		dev-ngrok	
nerd		dev-ngrx	
nerd		dev-nhibernate	
nerd		dev-nim	
nerd		dev-nimble	
nerd		dev-nixos	
nerd		dev-nodejs	
nerd		dev-nodejs_small	
nerd		dev-nodemon	
nerd		dev-nodered	
nerd		dev-nodewebkit	
nerd		dev-nomad	
nerd		dev-norg	
nerd		dev-notion	
nerd		dev-npm	
nerd		dev-npss	
nerd		dev-nuget	
nerd		dev-numpy	
nerd		dev-nuxt	
nerd		dev-nuxtjs	
nerd		dev-oauth	
nerd		dev-objectivec	
nerd		dev-ocaml	
nerd		dev-ohmyzsh	
nerd		dev-okta	
nerd		dev-openal	
nerd		dev-openapi	
nerd		dev-opencl	
nerd		dev-opencv	
nerd		dev-opengl	
nerd		dev-openstack	
nerd		dev-opensuse	
nerd		dev-opentelemetry	
nerd		dev-opera	
nerd		dev-oracle	
nerd		dev-ory	
nerd		dev-p5js	
nerd		dev-packer	
nerd		dev-pandas	
nerd		dev-passport	
nerd		dev-perl	
nerd		dev-pfsense	
nerd		dev-phalcon	
nerd		dev-phoenix	
nerd		dev-photonengine	
nerd		dev-photoshop	
nerd		dev-php	
nerd		dev-phpstorm	
nerd		dev-pixijs	
nerd		dev-playwright	
nerd		dev-plotly	
nerd		dev-pm2	
nerd		dev-pnpm	
nerd		dev-podman	
nerd		dev-poetry	
nerd		dev-polygon	
nerd		dev-portainer	
nerd		dev-postcss	
nerd		dev-postgresql	
nerd		dev-postman	
nerd		dev-powershell	
nerd		dev-premierepro	
nerd		dev-primeng	
nerd		dev-prisma	
nerd		dev-processing	
nerd		dev-processwire	
nerd		dev-prolog	
nerd		dev-prometheus	
nerd		dev-protractor	
nerd		dev-proxmox	
nerd		dev-pug	
nerd		dev-pulsar	
nerd		dev-pulumi	
nerd		dev-puppeteer	
nerd		dev-purescript	
nerd		dev-putty	
nerd		dev-pycharm	
nerd		dev-pypi	
nerd		dev-pyscript	
nerd		dev-pytest	
nerd		dev-python	
nerd		dev-pytorch	
nerd		dev-qodana	
nerd		dev-qt	
nerd		dev-qtest	
nerd		dev-quarkus	
nerd		dev-quasar	
nerd		dev-qwik	
nerd		dev-r	
nerd		dev-rabbitmq	
nerd		dev-racket	
nerd		dev-radstudio	
nerd		dev-rails	
nerd		dev-railway	
nerd		dev-rancher	
nerd		dev-raspberry_pi	
nerd		dev-reach	
nerd		dev-react	
nerd		dev-reactbootstrap	
nerd		dev-reactnative	
nerd		dev-reactnavigation	
nerd		dev-reactrouter	
nerd		dev-readthedocs	
nerd		dev-realm	
nerd		dev-rect	
nerd		dev-redhat	
nerd		dev-redis	
nerd		dev-redux	
nerd		dev-reflex	
nerd		dev-remix	
nerd		dev-renpy	
nerd		dev-replit	
nerd		dev-requirejs	
nerd		dev-rexx	
nerd		dev-rider	
nerd		dev-rocksdb	
nerd		dev-rockylinux	
nerd		dev-rollup	
nerd		dev-ros	
nerd		dev-rspec	
nerd		dev-rstudio	
nerd		dev-ruby	
nerd		dev-ruby_on_rails	
nerd		dev-ruby_rough	
nerd		dev-rubymine	
nerd		dev-rust	
nerd		dev-rxjs	
nerd		dev-safari	
nerd		dev-salesforce	
nerd		dev-sanity	
nerd		dev-sass	
nerd		dev-scala	
nerd		dev-scalingo	
nerd		dev-scikitlearn	
nerd		dev-sdl	
nerd		dev-selenium	
nerd		dev-sema	
nerd		dev-sentry	
nerd		dev-sequelize	
nerd		dev-shopware	
nerd		dev-shotgrid	
nerd		dev-sketch	
nerd		dev-slack	
nerd		dev-smashing_magazine	
nerd		dev-socketio	
nerd		dev-solidity	
nerd		dev-solidjs	
nerd		dev-sonarqube	
nerd		dev-sourceengine	
nerd		dev-sourcetree	
nerd		dev-spack	
nerd		dev-spicedb	
nerd		dev-splunk	
nerd		dev-spring	
nerd		dev-spss	
nerd		dev-spyder	
nerd		dev-sqlalchemy	
nerd		dev-sqldeveloper	
nerd		dev-sqlite	
nerd		dev-ssh	
nerd		dev-stackblitz	
nerd		dev-stackoverflow	
nerd		dev-stata	
nerd		dev-stenciljs	
nerd		dev-storybook	
nerd		dev-streamlit	
nerd		dev-styledcomponents	
nerd		dev-stylus	
nerd		dev-sublime	
nerd		dev-subversion	
nerd		dev-sulu	
nerd		dev-supabase	
nerd		dev-surrealdb	
nerd		dev-svelte	
nerd		dev-svgo	
nerd		dev-swagger	
nerd		dev-swift	
nerd		dev-swiper	
nerd		dev-symfony	
nerd		dev-symfony_badge	
nerd		dev-tailwindcss	
nerd		dev-talos	
nerd		dev-tauri	
nerd		dev-teleport	
nerd		dev-tensorflow	
nerd		dev-terminal	
nerd		dev-terraform	
nerd		dev-terramate	
nerd		dev-tex	
nerd		dev-thealgorithms	
nerd		dev-threedsmax	
nerd		dev-threejs	
nerd		dev-thymeleaf	
nerd		dev-titaniumsdk	
nerd		dev-tmux	
nerd		dev-tomcat	
nerd		dev-tortoisegit	
nerd		dev-towergit	
nerd		dev-traefikmesh	
nerd		dev-traefikproxy	
nerd		dev-travis	
nerd		dev-trello	
nerd		dev-trpc	
nerd		dev-turbo	
nerd		dev-twilio	
nerd		dev-twitter	
nerd		dev-typescript	
nerd		dev-typo3	
nerd		dev-ubuntu	
nerd		dev-uml	
nerd		dev-unifiedmodelinglanguage	
nerd		dev-unity	
nerd		dev-unity_small	
nerd		dev-unix	
nerd		dev-unrealengine	
nerd		dev-uwsgi	
nerd		dev-v8	
nerd		dev-vaadin	
nerd		dev-vagrant	
nerd		dev-vala	
nerd		dev-vault	
nerd		dev-veevalidate	
nerd		dev-vercel	
nerd		dev-vertx	
nerd		dev-vim	
nerd		dev-visualbasic	
nerd		dev-visualstudio	
nerd		dev-vite	
nerd		dev-vitejs	
nerd		dev-vitess	
nerd		dev-vitest	
nerd		dev-vscode	
nerd		dev-vscodium	
nerd		dev-vsphere	
nerd		dev-vuejs	
nerd		dev-vuestorefront	
nerd		dev-vuetify	
nerd		dev-vulkan	
nerd		dev-vyper	
nerd		dev-waku	
nerd		dev-wasm	
nerd		dev-web3js	
nerd		dev-webflow	
nerd		dev-webgpu	
nerd		dev-weblate	
nerd		dev-webpack	
nerd		dev-webstorm	
nerd		dev-windows	
nerd		dev-windows11	
nerd		dev-wolfram	
nerd		dev-woocommerce	
nerd		dev-wordpress	
nerd		dev-xamarin	
nerd		dev-xcode	
nerd		dev-xd	
nerd		dev-xml	
nerd		dev-yaml	
nerd		dev-yarn	
nerd		dev-yii	
nerd		dev-yugabytedb	
nerd		dev-yunohost	
nerd		dev-zend	
nerd		dev-zig	
nerd		dev-zsh	
nerd		dev-zustand	
nerd		extra-progress_empty_left	
nerd		extra-progress_empty_mid	
nerd		extra-progress_empty_right	
nerd		extra-progress_full_left	
nerd		extra-progress_full_mid	
nerd		extra-progress_full_right	
nerd		extra-progress_spinner_1	
nerd		extra-progress_spinner_2	
nerd		extra-progress_spinner_3	
nerd		extra-progress_spinner_4	
nerd		extra-progress_spinner_5	
nerd		extra-progress_spinner_6	
nerd		fa-500px	
nerd		fa-accessible_icon	
nerd		fa-accusoft	
nerd		fa-address_book	
nerd		fa-address_book_o	
nerd		fa-address_card	
nerd		fa-address_card_o	
nerd		fa-adjust	
nerd		fa-adn	
nerd		fa-adversal	
nerd		fa-affiliatetheme	
nerd		fa-airbnb	
nerd		fa-algolia	
nerd		fa-align_center	
nerd		fa-align_justify	
nerd		fa-align_left	
nerd		fa-align_right	
nerd		fa-alipay	
nerd		fa-amazon	
nerd		fa-amazon_pay	
nerd		fa-ambulance	
nerd		fa-american_sign_language_interpreting	
nerd		fa-amilia	
nerd		fa-anchor	
nerd		fa-android	
nerd		fa-angellist	
nerd		fa-angle_double_down	
nerd		fa-angle_double_left	
nerd		fa-angle_double_right	
nerd		fa-angle_double_up	
nerd		fa-angle_down	
nerd		fa-angle_left	
nerd		fa-angle_right	
nerd		fa-angle_up	
nerd		fa-angles_down	
nerd		fa-angles_left	
nerd		fa-angles_right	
nerd		fa-angles_up	
nerd		fa-angrycreative	
nerd		fa-angular	
nerd		fa-ankh	
nerd		fa-app_store	
nerd		fa-app_store_ios	
nerd		fa-apper	
nerd		fa-apple	
nerd		fa-apple_pay	
nerd		fa-apple_whole	
nerd		fa-archive	
nerd		fa-archway	
nerd		fa-area_chart	
nerd		fa-arrow_circle_down	
nerd		fa-arrow_circle_left	
nerd		fa-arrow_circle_o_down	
nerd		fa-arrow_circle_o_left	
nerd		fa-arrow_circle_o_right	
nerd		fa-arrow_circle_o_up	
nerd		fa-arrow_circle_right	
nerd		fa-arrow_circle_up	
nerd		fa-arrow_down	
nerd		fa-arrow_down_1_9	
nerd		fa-arrow_down_9_1	
nerd		fa-arrow_down_a_z	
nerd		fa-arrow_down_long	
nerd		fa-arrow_down_short_wide	
nerd		fa-arrow_down_wide_short	
nerd		fa-arrow_down_z_a	
nerd		fa-arrow_left	
nerd		fa-arrow_left_long	
nerd		fa-arrow_pointer	
nerd		fa-arrow_right	
nerd		fa-arrow_right_arrow_left	
nerd		fa-arrow_right_from_bracket	
nerd		fa-arrow_right_long	
nerd		fa-arrow_right_to_bracket	
nerd		fa-arrow_rotate_left	
nerd		fa-arrow_rotate_right	
nerd		fa-arrow_turn_down	
nerd		fa-arrow_turn_up	
nerd		fa-arrow_up	
nerd		fa-arrow_up_1_9	
nerd		fa-arrow_up_9_1	
nerd		fa-arrow_up_a_z	
nerd		fa-arrow_up_long	
nerd		fa-arrow_up_right_from_square	
nerd		fa-arrow_up_short_wide	
nerd		fa-arrow_up_wide_short	
nerd		fa-arrow_up_z_a	
nerd		fa-arrows	
nerd		fa-arrows_alt	
nerd		fa-arrows_h	
nerd		fa-arrows_left_right	
nerd		fa-arrows_rotate	
nerd		fa-arrows_up_down	
nerd		fa-arrows_up_down_left_right	
nerd		fa-arrows_v	
nerd		fa-artstation	
nerd		fa-asl_interpreting	
nerd		fa-assistive_listening_systems	
nerd		fa-asterisk	
nerd		fa-asymmetrik	
nerd		fa-at	
nerd		fa-atlassian	
nerd		fa-atom	
nerd		fa-audible	
nerd		fa-audio_description	
nerd		fa-automobile	
nerd		fa-autoprefixer	
nerd		fa-avianex	
nerd		fa-aviato	
nerd		fa-award	
nerd		fa-aws	
nerd		fa-baby	
nerd		fa-baby_carriage	
nerd		fa-backward	
nerd		fa-backward_fast	
nerd		fa-backward_step	
nerd		fa-bacon	
nerd		fa-bag_shopping	
nerd		fa-bahai	
nerd		fa-balance_scale	
nerd		fa-ban	
nerd		fa-ban_smoking	
nerd		fa-bandage	
nerd		fa-bandcamp	
nerd		fa-bank	
nerd		fa-bar_chart	
nerd		fa-bar_chart_o	
nerd		fa-barcode	
nerd		fa-bars	
nerd		fa-bars_progress	
nerd		fa-bars_staggered	
nerd		fa-baseball	
nerd		fa-baseball_bat_ball	
nerd		fa-basket_shopping	
nerd		fa-basketball	
nerd		fa-bath	
nerd		fa-bathtub	
nerd		fa-battery	
nerd		fa-battery_0	
nerd		fa-battery_1	
nerd		fa-battery_2	
nerd		fa-battery_3	
nerd		fa-battery_4	
nerd		fa-battery_empty	
nerd		fa-battery_full	
nerd		fa-battery_half	
nerd		fa-battery_quarter	
nerd		fa-battery_three_quarters	
nerd		fa-battle_net	
nerd		fa-bed	
nerd		fa-bed_pulse	
nerd		fa-beer	
nerd		fa-beer_mug_empty	
nerd		fa-behance	
nerd		fa-behance_square	
nerd		fa-bell	
nerd		fa-bell_concierge	
nerd		fa-bell_o	
nerd		fa-bell_slash	
nerd		fa-bell_slash_o	
nerd		fa-bezier_curve	
nerd		fa-bicycle	
nerd		fa-bimobject	
nerd		fa-binoculars	
nerd		fa-biohazard	
nerd		fa-birthday_cake	
nerd		fa-bitbucket	
nerd		fa-bitbucket_square	
nerd		fa-bitcoin	
nerd		fa-bity	
nerd		fa-black_tie	
nerd		fa-blackberry	
nerd		fa-blender	
nerd		fa-blender_phone	
nerd		fa-blind	
nerd		fa-blog	
nerd		fa-blogger	
nerd		fa-blogger_b	
nerd		fa-bluetooth	
nerd		fa-bluetooth_b	
nerd		fa-bold	
nerd		fa-bolt	
nerd		fa-bomb	
nerd		fa-bone	
nerd		fa-bong	
nerd		fa-book	
nerd		fa-book_atlas	
nerd		fa-book_bible	
nerd		fa-book_journal_whills	
nerd		fa-book_medical	
nerd		fa-book_open	
nerd		fa-book_open_reader	
nerd		fa-book_quran	
nerd		fa-book_skull	
nerd		fa-book_tanakh	
nerd		fa-bookmark	
nerd		fa-bookmark_o	
nerd		fa-bootstrap	
nerd		fa-border_all	
nerd		fa-border_none	
nerd		fa-border_top_left	
nerd		fa-bowling_ball	
nerd		fa-box	
nerd		fa-box_archive	
nerd		fa-box_open	
nerd		fa-boxes_stacked	
nerd		fa-braille	
nerd		fa-brain	
nerd		fa-bread_slice	
nerd		fa-briefcase	
nerd		fa-briefcase_medical	
nerd		fa-broom	
nerd		fa-broom_ball	
nerd		fa-brush	
nerd		fa-btc	
nerd		fa-buffer	
nerd		fa-bug	
nerd		fa-building	
nerd		fa-building_columns	
nerd		fa-building_o	
nerd		fa-bullhorn	
nerd		fa-bullseye	
nerd		fa-burger	
nerd		fa-buromobelexperte	
nerd		fa-bus	
nerd		fa-bus_simple	
nerd		fa-business_time	
nerd		fa-buy_n_large	
nerd		fa-buysellads	
nerd		fa-cab	
nerd		fa-cable_car	
nerd		fa-cake_candles	
nerd		fa-calculator	
nerd		fa-calendar	
nerd		fa-calendar_check	
nerd		fa-calendar_check_o	
nerd		fa-calendar_day	
nerd		fa-calendar_days	
nerd		fa-calendar_minus	
nerd		fa-calendar_minus_o	
nerd		fa-calendar_o	
nerd		fa-calendar_plus	
nerd		fa-calendar_plus_o	
nerd		fa-calendar_times_o	
nerd		fa-calendar_week	
nerd		fa-calendar_xmark	
nerd		fa-camera	
nerd		fa-camera_retro	
nerd		fa-campground	
nerd		fa-canadian_maple_leaf	
nerd		fa-candy_cane	
nerd		fa-cannabis	
nerd		fa-capsules	
nerd		fa-car	
nerd		fa-car_battery	
nerd		fa-car_burst	
nerd		fa-car_rear	
nerd		fa-car_side	
nerd		fa-caravan	
nerd		fa-caret_down	
nerd		fa-caret_left	
nerd		fa-caret_right	
nerd		fa-caret_square_o_down	
nerd		fa-caret_square_o_left	
nerd		fa-caret_square_o_right	
nerd		fa-caret_square_o_up	
nerd		fa-caret_up	
nerd		fa-carrot	
nerd		fa-cart_arrow_down	
nerd		fa-cart_flatbed	
nerd		fa-cart_flatbed_suitcase	
nerd		fa-cart_plus	
nerd		fa-cart_shopping	
nerd		fa-cash_register	
nerd		fa-cat	
nerd		fa-cc	
nerd		fa-cc_amazon_pay	
nerd		fa-cc_amex	
nerd		fa-cc_apple_pay	
nerd		fa-cc_diners_club	
nerd		fa-cc_discover	
nerd		fa-cc_jcb	
nerd		fa-cc_mastercard	
nerd		fa-cc_paypal	
nerd		fa-cc_stripe	
nerd		fa-cc_visa	
nerd		fa-centercode	
nerd		fa-centos	
nerd		fa-certificate	
nerd		fa-chain	
nerd		fa-chain_broken	
nerd		fa-chair	
nerd		fa-chalkboard	
nerd		fa-chalkboard_user	
nerd		fa-champagne_glasses	
nerd		fa-charging_station	
nerd		fa-chart_area	
nerd		fa-chart_bar	
nerd		fa-chart_line	
nerd		fa-chart_pie	
nerd		fa-check	
nerd		fa-check_circle	
nerd		fa-check_circle_o	
nerd		fa-check_double	
nerd		fa-check_square	
nerd		fa-check_square_o	
nerd		fa-check_to_slot	
nerd		fa-cheese	
nerd		fa-chess	
nerd		fa-chess_bishop	
nerd		fa-chess_board	
nerd		fa-chess_king	
nerd		fa-chess_knight	
nerd		fa-chess_pawn	
nerd		fa-chess_queen	
nerd		fa-chess_rook	
nerd		fa-chevron_circle_down	
nerd		fa-chevron_circle_left	
nerd		fa-chevron_circle_right	
nerd		fa-chevron_circle_up	
nerd		fa-chevron_down	
nerd		fa-chevron_left	
nerd		fa-chevron_right	
nerd		fa-chevron_up	
nerd		fa-child	
nerd		fa-chrome	
nerd		fa-chromecast	
nerd		fa-church	
nerd		fa-circle	
nerd		fa-circle_arrow_down	
nerd		fa-circle_arrow_left	
nerd		fa-circle_arrow_right	
nerd		fa-circle_arrow_up	
nerd		fa-circle_check	
nerd		fa-circle_chevron_down	
nerd		fa-circle_chevron_left	
nerd		fa-circle_chevron_right	
nerd		fa-circle_chevron_up	
nerd		fa-circle_dollar_to_slot	
nerd		fa-circle_dot	
nerd		fa-circle_down	
nerd		fa-circle_exclamation	
nerd		fa-circle_h	
nerd		fa-circle_half_stroke	
nerd		fa-circle_info	
nerd		fa-circle_left	
nerd		fa-circle_minus	
nerd		fa-circle_notch	
nerd		fa-circle_o	
nerd		fa-circle_o_notch	
nerd		fa-circle_pause	
nerd		fa-circle_play	
nerd		fa-circle_plus	
nerd		fa-circle_question	
nerd		fa-circle_radiation	
nerd		fa-circle_right	
nerd		fa-circle_stop	
nerd		fa-circle_thin	
nerd		fa-circle_up	
nerd		fa-circle_user	
nerd		fa-circle_xmark	
nerd		fa-city	
nerd		fa-clipboard	
nerd		fa-clipboard_alt	
nerd		fa-clipboard_check	
nerd		fa-clipboard_list	
nerd		fa-clipboard_user	
nerd		fa-clock	
nerd		fa-clock_o	
nerd		fa-clock_rotate_left	
nerd		fa-clone	
nerd		fa-close	
nerd		fa-closed_captioning	
nerd		fa-cloud	
nerd		fa-cloud_arrow_down	
nerd		fa-cloud_arrow_up	
nerd		fa-cloud_bolt	
nerd		fa-cloud_download	
nerd		fa-cloud_meatball	
nerd		fa-cloud_moon	
nerd		fa-cloud_moon_rain	
nerd		fa-cloud_rain	
nerd		fa-cloud_showers_heavy	
nerd		fa-cloud_sun	
nerd		fa-cloud_sun_rain	
nerd		fa-cloud_upload	
nerd		fa-cloudscale	
nerd		fa-cloudsmith	
nerd		fa-cloudversify	
nerd		fa-cny	
nerd		fa-code	
nerd		fa-code_branch	
nerd		fa-code_commit	
nerd		fa-code_fork	
nerd		fa-code_merge	
nerd		fa-codepen	
nerd		fa-codiepie	
nerd		fa-coffee	
nerd		fa-cog	
nerd		fa-cogs	
nerd		fa-coins	
nerd		fa-columns	
nerd		fa-comment	
nerd		fa-comment_dollar	
nerd		fa-comment_dots	
nerd		fa-comment_medical	
nerd		fa-comment_o	
nerd		fa-comment_slash	
nerd		fa-comment_sms	
nerd		fa-commenting	
nerd		fa-commenting_o	
nerd		fa-comments	
nerd		fa-comments_dollar	
nerd		fa-comments_o	
nerd		fa-compact_disc	
nerd		fa-compass	
nerd		fa-compass_drafting	
nerd		fa-compress	
nerd		fa-computer_mouse	
nerd		fa-confluence	
nerd		fa-connectdevelop	
nerd		fa-contao	
nerd		fa-cookie	
nerd		fa-cookie_bite	
nerd		fa-copy	
nerd		fa-copyright	
nerd		fa-cotton_bureau	
nerd		fa-couch	
nerd		fa-cow	
nerd		fa-cpanel	
nerd		fa-creative_commons	
nerd		fa-creative_commons_by	
nerd		fa-creative_commons_nc	
nerd		fa-creative_commons_nc_eu	
nerd		fa-creative_commons_nc_jp	
nerd		fa-creative_commons_nd	
nerd		fa-creative_commons_pd	
nerd		fa-creative_commons_pd_alt	
nerd		fa-creative_commons_remix	
nerd		fa-creative_commons_sa	
nerd		fa-creative_commons_sampling	
nerd		fa-creative_commons_sampling_plus	
nerd		fa-creative_commons_share	
nerd		fa-creative_commons_zero	
nerd		fa-credit_card	
nerd		fa-credit_card_alt	
nerd		fa-critical_role	
nerd		fa-crop	
nerd		fa-crop_simple	
nerd		fa-cross	
nerd		fa-crosshairs	
nerd		fa-crow	
nerd		fa-crown	
nerd		fa-crutch	
nerd		fa-css3	
nerd		fa-css3_alt	
nerd		fa-cube	
nerd		fa-cubes	
nerd		fa-cut	
nerd		fa-cutlery	
nerd		fa-cuttlefish	
nerd		fa-d_and_d	
nerd		fa-d_and_d_beyond	
nerd		fa-dashboard	
nerd		fa-dashcube	
nerd		fa-database	
nerd		fa-deaf	
nerd		fa-deafness	
nerd		fa-dedent	
nerd		fa-delete_left	
nerd		fa-delicious	
nerd		fa-democrat	
nerd		fa-deploydog	
nerd		fa-deskpro	
nerd		fa-desktop	
nerd		fa-dev	
nerd		fa-deviantart	
nerd		fa-dharmachakra	
nerd		fa-dhl	
nerd		fa-diagram_project	
nerd		fa-diamond	
nerd		fa-diamond_turn_right	
nerd		fa-diaspora	
nerd		fa-dice	
nerd		fa-dice_d20	
nerd		fa-dice_d6	
nerd		fa-dice_five	
nerd		fa-dice_four	
nerd		fa-dice_one	
nerd		fa-dice_six	
nerd		fa-dice_three	
nerd		fa-dice_two	
nerd		fa-digg	
nerd		fa-digital_ocean	
nerd		fa-discord	
nerd		fa-discourse	
nerd		fa-disease	
nerd		fa-divide	
nerd		fa-dna	
nerd		fa-dochub	
nerd		fa-docker	
nerd		fa-dog	
nerd		fa-dollar	
nerd		fa-dollar_sign	
nerd		fa-dolly	
nerd		fa-door_closed	
nerd		fa-door_open	
nerd		fa-dot_circle_o	
nerd		fa-dove	
nerd		fa-down_left_and_up_right_to_center	
nerd		fa-down_long	
nerd		fa-download	
nerd		fa-draft2digital	
nerd		fa-dragon	
nerd		fa-draw_polygon	
nerd		fa-dribbble	
nerd		fa-drivers_license	
nerd		fa-drivers_license_o	
nerd		fa-dropbox	
nerd		fa-droplet	
nerd		fa-droplet_slash	
nerd		fa-drum	
nerd		fa-drum_steelpan	
nerd		fa-drumstick_bite	
nerd		fa-drupal	
nerd		fa-dumbbell	
nerd		fa-dumpster	
nerd		fa-dumpster_fire	
nerd		fa-dungeon	
nerd		fa-dyalog	
nerd		fa-ear_deaf	
nerd		fa-ear_listen	
nerd		fa-earlybirds	
nerd		fa-earth_africa	
nerd		fa-earth_americas	
nerd		fa-earth_asia	
nerd		fa-earth_europe	
nerd		fa-ebay	
nerd		fa-edge	
nerd		fa-edit	
nerd		fa-eercast	
nerd		fa-egg	
nerd		fa-eject	
nerd		fa-elementor	
nerd		fa-ellipsis	
nerd		fa-ellipsis_h	
nerd		fa-ellipsis_v	
nerd		fa-ellipsis_vertical	
nerd		fa-ello	
nerd		fa-ember	
nerd		fa-empire	
nerd		fa-envelope	
nerd		fa-envelope_o	
nerd		fa-envelope_open	
nerd		fa-envelope_open_o	
nerd		fa-envelope_open_text	
nerd		fa-envelope_square	
nerd		fa-envelopes_bulk	
nerd		fa-envira	
nerd		fa-equals	
nerd		fa-eraser	
nerd		fa-erlang	
nerd		fa-ethereum	
nerd		fa-ethernet	
nerd		fa-etsy	
nerd		fa-eur	
nerd		fa-euro	
nerd		fa-euro_sign	
nerd		fa-evernote	
nerd		fa-exchange	
nerd		fa-exclamation	
nerd		fa-exclamation_circle	
nerd		fa-exclamation_triangle	
nerd		fa-expand	
nerd		fa-expeditedssl	
nerd		fa-external_link	
nerd		fa-external_link_square	
nerd		fa-eye	
nerd		fa-eye_dropper	
nerd		fa-eye_low_vision	
nerd		fa-eye_slash	
nerd		fa-eyedropper	
nerd		fa-fa	
nerd		fa-face_angry	
nerd		fa-face_dizzy	
nerd		fa-face_flushed	
nerd		fa-face_frown	
nerd		fa-face_frown_open	
nerd		fa-face_grimace	
nerd		fa-face_grin	
nerd		fa-face_grin_beam	
nerd		fa-face_grin_beam_sweat	
nerd		fa-face_grin_hearts	
nerd		fa-face_grin_squint	
nerd		fa-face_grin_squint_tears	
nerd		fa-face_grin_stars	
nerd		fa-face_grin_tears	
nerd		fa-face_grin_tongue	
nerd		fa-face_grin_tongue_squint	
nerd		fa-face_grin_tongue_wink	
nerd		fa-face_grin_wide	
nerd		fa-face_grin_wink	
nerd		fa-face_kiss	
nerd		fa-face_kiss_beam	
nerd		fa-face_kiss_wink_heart	
nerd		fa-face_laugh	
nerd		fa-face_laugh_beam	
nerd		fa-face_laugh_squint	
nerd		fa-face_laugh_wink	
nerd		fa-face_meh	
nerd		fa-face_meh_blank	
nerd		fa-face_rolling_eyes	
nerd		fa-face_sad_cry	
nerd		fa-face_sad_tear	
nerd		fa-face_smile	
nerd		fa-face_smile_beam	
nerd		fa-face_smile_wink	
nerd		fa-face_surprise	
nerd		fa-face_tired	
nerd		fa-facebook	
nerd		fa-facebook_f	
nerd		fa-facebook_messenger	
nerd		fa-facebook_official	
nerd		fa-facebook_square	
nerd		fa-fan	
nerd		fa-fantasy_flight_games	
nerd		fa-fast_backward	
nerd		fa-fast_forward	
nerd		fa-fax	
nerd		fa-feather	
nerd		fa-feather_pointed	
nerd		fa-fedex	
nerd		fa-fedora	
nerd		fa-feed	
nerd		fa-female	
nerd		fa-fighter_jet	
nerd		fa-figma	
nerd		fa-file	
nerd		fa-file_archive_o	
nerd		fa-file_arrow_down	
nerd		fa-file_arrow_up	
nerd		fa-file_audio	
nerd		fa-file_audio_o	
nerd		fa-file_code	
nerd		fa-file_code_o	
nerd		fa-file_contract	
nerd		fa-file_csv	
nerd		fa-file_excel	
nerd		fa-file_excel_o	
nerd		fa-file_export	
nerd		fa-file_image	
nerd		fa-file_image_o	
nerd		fa-file_import	
nerd		fa-file_invoice	
nerd		fa-file_invoice_dollar	
nerd		fa-file_lines	
nerd		fa-file_medical	
nerd		fa-file_movie_o	
nerd		fa-file_o	
nerd		fa-file_pdf	
nerd		fa-file_pdf_o	
nerd		fa-file_pen	
nerd		fa-file_photo_o	
nerd		fa-file_picture_o	
nerd		fa-file_powerpoint	
nerd		fa-file_powerpoint_o	
nerd		fa-file_prescription	
nerd		fa-file_signature	
nerd		fa-file_sound_o	
nerd		fa-file_text	
nerd		fa-file_text_o	
nerd		fa-file_video	
nerd		fa-file_video_o	
nerd		fa-file_waveform	
nerd		fa-file_word	
nerd		fa-file_word_o	
nerd		fa-file_zip_o	
nerd		fa-file_zipper	
nerd		fa-files_o	
nerd		fa-fill	
nerd		fa-fill_drip	
nerd		fa-film	
nerd		fa-filter	
nerd		fa-filter_circle_dollar	
nerd		fa-fingerprint	
nerd		fa-fire	
nerd		fa-fire_extinguisher	
nerd		fa-fire_flame_curved	
nerd		fa-fire_flame_simple	
nerd		fa-firefox	
nerd		fa-first_order	
nerd		fa-first_order_alt	
nerd		fa-firstdraft	
nerd		fa-fish	
nerd		fa-flag	
nerd		fa-flag_checkered	
nerd		fa-flag_o	
nerd		fa-flag_usa	
nerd		fa-flash	
nerd		fa-flask	
nerd		fa-flickr	
nerd		fa-flipboard	
nerd		fa-floppy_disk	
nerd		fa-floppy_o	
nerd		fa-fly	
nerd		fa-folder	
nerd		fa-folder_minus	
nerd		fa-folder_o	
nerd		fa-folder_open	
nerd		fa-folder_open_o	
nerd		fa-folder_plus	
nerd		fa-folder_tree	
nerd		fa-font	
nerd		fa-font_awesome	
nerd		fa-fonticons	
nerd		fa-fonticons_fi	
nerd		fa-football	
nerd		fa-fort_awesome	
nerd		fa-fort_awesome_alt	
nerd		fa-forumbee	
nerd		fa-forward	
nerd		fa-forward_fast	
nerd		fa-forward_step	
nerd		fa-foursquare	
nerd		fa-free_code_camp	
nerd		fa-freebsd	
nerd		fa-frog	
nerd		fa-frown_o	
nerd		fa-fulcrum	
nerd		fa-futbol	
nerd		fa-futbol_o	
nerd		fa-galactic_republic	
nerd		fa-galactic_senate	
nerd		fa-gamepad	
nerd		fa-gas_pump	
nerd		fa-gauge	
nerd		fa-gauge_high	
nerd		fa-gauge_simple	
nerd		fa-gauge_simple_high	
nerd		fa-gavel	
nerd		fa-gbp	
nerd		fa-ge	
nerd		fa-gear	
nerd		fa-gears	
nerd		fa-gem	
nerd		fa-genderless	
nerd		fa-get_pocket	
nerd		fa-gg	
nerd		fa-gg_circle	
nerd		fa-ghost	
nerd		fa-gift	
nerd		fa-gifts	
nerd		fa-git	
nerd		fa-git_alt	
nerd		fa-git_square	
nerd		fa-github	
nerd		fa-github_alt	
nerd		fa-github_square	
nerd		fa-gitkraken	
nerd		fa-gitlab	
nerd		fa-gitter	
nerd		fa-gittip	
nerd		fa-glass	
nerd		fa-glasses	
nerd		fa-glide	
nerd		fa-glide_g	
nerd		fa-globe	
nerd		fa-gofore	
nerd		fa-golf_ball_tee	
nerd		fa-goodreads	
nerd		fa-goodreads_g	
nerd		fa-google	
nerd		fa-google_drive	
nerd		fa-google_play	
nerd		fa-google_plus	
nerd		fa-google_plus_circle	
nerd		fa-google_plus_official	
nerd		fa-google_plus_square	
nerd		fa-google_wallet	
nerd		fa-gopuram	
nerd		fa-graduation_cap	
nerd		fa-gratipay	
nerd		fa-grav	
nerd		fa-greater_than	
nerd		fa-greater_than_equal	
nerd		fa-grip	
nerd		fa-grip_lines	
nerd		fa-grip_lines_vertical	
nerd		fa-grip_vertical	
nerd		fa-gripfire	
nerd		fa-group	
nerd		fa-grunt	
nerd		fa-guitar	
nerd		fa-gulp	
nerd		fa-h_square	
nerd		fa-hacker_news	
nerd		fa-hackerrank	
nerd		fa-hammer	
nerd		fa-hamsa	
nerd		fa-hand	
nerd		fa-hand_back_fist	
nerd		fa-hand_dots	
nerd		fa-hand_fist	
nerd		fa-hand_grab_o	
nerd		fa-hand_holding	
nerd		fa-hand_holding_dollar	
nerd		fa-hand_holding_droplet	
nerd		fa-hand_holding_heart	
nerd		fa-hand_lizard	
nerd		fa-hand_lizard_o	
nerd		fa-hand_middle_finger	
nerd		fa-hand_o_down	
nerd		fa-hand_o_left	
nerd		fa-hand_o_right	
nerd		fa-hand_o_up	
nerd		fa-hand_paper_o	
nerd		fa-hand_peace	
nerd		fa-hand_peace_o	
nerd		fa-hand_point_down	
nerd		fa-hand_point_left	
nerd		fa-hand_point_right	
nerd		fa-hand_point_up	
nerd		fa-hand_pointer	
nerd		fa-hand_pointer_o	
nerd		fa-hand_rock_o	
nerd		fa-hand_scissors	
nerd		fa-hand_scissors_o	
nerd		fa-hand_spock	
nerd		fa-hand_spock_o	
nerd		fa-hand_stop_o	
nerd		fa-hands	
nerd		fa-hands_asl_interpreting	
nerd		fa-hands_holding	
nerd		fa-hands_praying	
nerd		fa-handshake	
nerd		fa-handshake_angle	
nerd		fa-handshake_o	
nerd		fa-handshake_simple	
nerd		fa-hanukiah	
nerd		fa-hard_drive	
nerd		fa-hard_of_hearing	
nerd		fa-hashtag	
nerd		fa-hat_cowboy	
nerd		fa-hat_cowboy_side	
nerd		fa-hat_wizard	
nerd		fa-hdd_o	
nerd		fa-header	
nerd		fa-heading	
nerd		fa-headphones	
nerd		fa-headphones_simple	
nerd		fa-headset	
nerd		fa-heard_o	
nerd		fa-heart	
nerd		fa-heart_crack	
nerd		fa-heart_o	
nerd		fa-heart_pulse	
nerd		fa-heartbeat	
nerd		fa-helicopter	
nerd		fa-helmet_safety	
nerd		fa-highlighter	
nerd		fa-hippo	
nerd		fa-hips	
nerd		fa-hire_a_helper	
nerd		fa-history	
nerd		fa-hockey_puck	
nerd		fa-holly_berry	
nerd		fa-home	
nerd		fa-hooli	
nerd		fa-hornbill	
nerd		fa-horse	
nerd		fa-horse_head	
nerd		fa-hospital	
nerd		fa-hospital_o	
nerd		fa-hospital_user	
nerd		fa-hot_tub_person	
nerd		fa-hotdog	
nerd		fa-hotel	
nerd		fa-hotel_building	
nerd		fa-hotjar	
nerd		fa-hourglass	
nerd		fa-hourglass_1	
nerd		fa-hourglass_2	
nerd		fa-hourglass_3	
nerd		fa-hourglass_end	
nerd		fa-hourglass_half	
nerd		fa-hourglass_o	
nerd		fa-hourglass_start	
nerd		fa-house	
nerd		fa-house_chimney	
nerd		fa-house_chimney_crack	
nerd		fa-house_chimney_medical	
nerd		fa-houzz	
nerd		fa-hryvnia_sign	
nerd		fa-html5	
nerd		fa-hubspot	
nerd		fa-hurricane	
nerd		fa-i_cursor	
nerd		fa-ice_cream	
nerd		fa-icicles	
nerd		fa-icons	
nerd		fa-id_badge	
nerd		fa-id_card	
nerd		fa-id_card_clip	
nerd		fa-id_card_o	
nerd		fa-igloo	
nerd		fa-ils	
nerd		fa-image	
nerd		fa-image_portrait	
nerd		fa-images	
nerd		fa-imdb	
nerd		fa-inbox	
nerd		fa-indent	
nerd		fa-industry	
nerd		fa-infinity	
nerd		fa-info	
nerd		fa-info_circle	
nerd		fa-inr	
nerd		fa-instagram	
nerd		fa-institution	
nerd		fa-intercom	
nerd		fa-internet_explorer	
nerd		fa-intersex	
nerd		fa-invision	
nerd		fa-ioxhost	
nerd		fa-italic	
nerd		fa-itch_io	
nerd		fa-itunes	
nerd		fa-itunes_note	
nerd		fa-java	
nerd		fa-jedi	
nerd		fa-jedi_order	
nerd		fa-jenkins	
nerd		fa-jet_fighter	
nerd		fa-jira	
nerd		fa-joget	
nerd		fa-joint	
nerd		fa-joomla	
nerd		fa-jpy	
nerd		fa-js	
nerd		fa-jsfiddle	
nerd		fa-kaaba	
nerd		fa-kaggle	
nerd		fa-key	
nerd		fa-keybase	
nerd		fa-keyboard	
nerd		fa-keyboard_o	
nerd		fa-keycdn	
nerd		fa-khanda	
nerd		fa-kickstarter	
nerd		fa-kickstarter_k	
nerd		fa-kit_medical	
nerd		fa-kiwi_bird	
nerd		fa-korvue	
nerd		fa-krw	
nerd		fa-landmark	
nerd		fa-landmark_dome	
nerd		fa-language	
nerd		fa-laptop	
nerd		fa-laptop_code	
nerd		fa-laptop_medical	
nerd		fa-laravel	
nerd		fa-lastfm	
nerd		fa-lastfm_square	
nerd		fa-layer_group	
nerd		fa-leaf	
nerd		fa-leanpub	
nerd		fa-left_long	
nerd		fa-left_right	
nerd		fa-legal	
nerd		fa-lemon	
nerd		fa-lemon_o	
nerd		fa-less	
nerd		fa-less_than	
nerd		fa-less_than_equal	
nerd		fa-level_down	
nerd		fa-level_up	
nerd		fa-life_bouy	
nerd		fa-life_buoy	
nerd		fa-life_ring	
nerd		fa-life_saver	
nerd		fa-lightbulb	
nerd		fa-lightbulb_o	
nerd		fa-line	
nerd		fa-line_chart	
nerd		fa-link	
nerd		fa-link_slash	
nerd		fa-linkedin	
nerd		fa-linkedin_in	
nerd		fa-linkedin_square	
nerd		fa-linode	
nerd		fa-linux	
nerd		fa-lira_sign	
nerd		fa-list	
nerd		fa-list_alt	
nerd		fa-list_check	
nerd		fa-list_ol	
nerd		fa-list_ul	
nerd		fa-location_arrow	
nerd		fa-location_crosshairs	
nerd		fa-location_dot	
nerd		fa-location_pin	
nerd		fa-lock	
nerd		fa-lock_open	
nerd		fa-long_arrow_down	
nerd		fa-long_arrow_left	
nerd		fa-long_arrow_right	
nerd		fa-long_arrow_up	
nerd		fa-low_vision	
nerd		fa-lungs	
nerd		fa-lyft	
nerd		fa-magento	
nerd		fa-magic	
nerd		fa-magnet	
nerd		fa-magnifying_glass	
nerd		fa-magnifying_glass_dollar	
nerd		fa-magnifying_glass_location	
nerd		fa-magnifying_glass_minus	
nerd		fa-magnifying_glass_plus	
nerd		fa-mail_forward	
nerd		fa-mail_reply	
nerd		fa-mail_reply_all	
nerd		fa-mailchimp	
nerd		fa-male	
nerd		fa-mandalorian	
nerd		fa-map	
nerd		fa-map_location	
nerd		fa-map_location_dot	
nerd		fa-map_marker	
nerd		fa-map_o	
nerd		fa-map_pin	
nerd		fa-map_signs	
nerd		fa-markdown	
nerd		fa-marker	
nerd		fa-mars	
nerd		fa-mars_double	
nerd		fa-mars_stroke	
nerd		fa-mars_stroke_h	
nerd		fa-mars_stroke_right	
nerd		fa-mars_stroke_up	
nerd		fa-mars_stroke_v	
nerd		fa-martini_glass	
nerd		fa-martini_glass_citrus	
nerd		fa-martini_glass_empty	
nerd		fa-mask	
nerd		fa-masks_theater	
nerd		fa-mastodon	
nerd		fa-maxcdn	
nerd		fa-maximize	
nerd		fa-mdb	
nerd		fa-meanpath	
nerd		fa-medal	
nerd		fa-medapps	
nerd		fa-medium	
nerd		fa-medkit	
nerd		fa-medrt	
nerd		fa-meetup	
nerd		fa-megaport	
nerd		fa-meh_o	
nerd		fa-memory	
nerd		fa-mendeley	
nerd		fa-menorah	
nerd		fa-mercury	
nerd		fa-message	
nerd		fa-meteor	
nerd		fa-microchip	
nerd		fa-microphone	
nerd		fa-microphone_lines	
nerd		fa-microphone_lines_slash	
nerd		fa-microphone_slash	
nerd		fa-microscope	
nerd		fa-microsoft	
nerd		fa-minimize	
nerd		fa-minus	
nerd		fa-minus_circle	
nerd		fa-minus_square	
nerd		fa-minus_square_o	
nerd		fa-mitten	
nerd		fa-mix	
nerd		fa-mixcloud	
nerd		fa-mizuni	
nerd		fa-mobile	
nerd		fa-mobile_button	
nerd		fa-mobile_phone	
nerd		fa-mobile_screen	
nerd		fa-mobile_screen_button	
nerd		fa-modx	
nerd		fa-monero	
nerd		fa-money	
nerd		fa-money_bill	
nerd		fa-money_bill_1	
nerd		fa-money_bill_1_wave	
nerd		fa-money_bill_wave	
nerd		fa-money_check	
nerd		fa-money_check_dollar	
nerd		fa-monument	
nerd		fa-moon	
nerd		fa-moon_o	
nerd		fa-mortar_board	
nerd		fa-mortar_pestle	
nerd		fa-mosque	
nerd		fa-motorcycle	
nerd		fa-mountain	
nerd		fa-mouse_pointer	
nerd		fa-mug_hot	
nerd		fa-mug_saucer	
nerd		fa-music	
nerd		fa-napster	
nerd		fa-navicon	
nerd		fa-neos	
nerd		fa-network_wired	
nerd		fa-neuter	
nerd		fa-newspaper	
nerd		fa-newspaper_o	
nerd		fa-nimblr	
nerd		fa-node	
nerd		fa-node_js	
nerd		fa-not_equal	
nerd		fa-note_sticky	
nerd		fa-notes_medical	
nerd		fa-npm	
nerd		fa-ns8	
nerd		fa-nutritionix	
nerd		fa-object_group	
nerd		fa-object_ungroup	
nerd		fa-odnoklassniki	
nerd		fa-odnoklassniki_square	
nerd		fa-oil_can	
nerd		fa-ok_sign	
nerd		fa-old_republic	
nerd		fa-om	
nerd		fa-opencart	
nerd		fa-openid	
nerd		fa-opera	
nerd		fa-optin_monster	
nerd		fa-orcid	
nerd		fa-osi	
nerd		fa-otter	
nerd		fa-outdent	
nerd		fa-page4	
nerd		fa-pagelines	
nerd		fa-pager	
nerd		fa-paint_brush	
nerd		fa-paint_roller	
nerd		fa-paintbrush	
nerd		fa-palette	
nerd		fa-palfed	
nerd		fa-pallet	
nerd		fa-paper_plane	
nerd		fa-paper_plane_o	
nerd		fa-paperclip	
nerd		fa-parachute_box	
nerd		fa-paragraph	
nerd		fa-passport	
nerd		fa-paste	
nerd		fa-patreon	
nerd		fa-pause	
nerd		fa-pause_circle	
nerd		fa-pause_circle_o	
nerd		fa-paw	
nerd		fa-paypal	
nerd		fa-peace	
nerd		fa-pen	
nerd		fa-pen_clip	
nerd		fa-pen_fancy	
nerd		fa-pen_nib	
nerd		fa-pen_ruler	
nerd		fa-pen_to_square	
nerd		fa-pencil	
nerd		fa-pencil_square	
nerd		fa-pencil_square_o	
nerd		fa-people_carry_box	
nerd		fa-pepper_hot	
nerd		fa-percent	
nerd		fa-periscope	
nerd		fa-person	
nerd		fa-person_biking	
nerd		fa-person_booth	
nerd		fa-person_digging	
nerd		fa-person_dots_from_line	
nerd		fa-person_dress	
nerd		fa-person_hiking	
nerd		fa-person_praying	
nerd		fa-person_running	
nerd		fa-person_skating	
nerd		fa-person_skiing	
nerd		fa-person_skiing_nordic	
nerd		fa-person_snowboarding	
nerd		fa-person_swimming	
nerd		fa-person_walking	
nerd		fa-person_walking_with_cane	
nerd		fa-phabricator	
nerd		fa-phoenix_framework	
nerd		fa-phoenix_squadron	
nerd		fa-phone	
nerd		fa-phone_flip	
nerd		fa-phone_slash	
nerd		fa-phone_square	
nerd		fa-phone_volume	
nerd		fa-photo	
nerd		fa-photo_film	
nerd		fa-php	
nerd		fa-picture_o	
nerd		fa-pie_chart	
nerd		fa-pied_piper	
nerd		fa-pied_piper_alt	
nerd		fa-pied_piper_hat	
nerd		fa-pied_piper_pp	
nerd		fa-piggy_bank	
nerd		fa-pills	
nerd		fa-pinterest	
nerd		fa-pinterest_p	
nerd		fa-pinterest_square	
nerd		fa-pizza_slice	
nerd		fa-place_of_worship	
nerd		fa-plane	
nerd		fa-plane_arrival	
nerd		fa-plane_departure	
nerd		fa-play	
nerd		fa-play_circle	
nerd		fa-play_circle_o	
nerd		fa-playstation	
nerd		fa-plug	
nerd		fa-plus	
nerd		fa-plus_circle	
nerd		fa-plus_square	
nerd		fa-plus_square_o	
nerd		fa-podcast	
nerd		fa-poo	
nerd		fa-poo_storm	
nerd		fa-poop	
nerd		fa-power_off	
nerd		fa-prescription	
nerd		fa-prescription_bottle	
nerd		fa-prescription_bottle_medical	
nerd		fa-print	
nerd		fa-product_hunt	
nerd		fa-pushed	
nerd		fa-puzzle_piece	
nerd		fa-python	
nerd		fa-qq	
nerd		fa-qrcode	
nerd		fa-question	
nerd		fa-question_circle	
nerd		fa-question_circle_o	
nerd		fa-quinscape	
nerd		fa-quora	
nerd		fa-quote_left	
nerd		fa-quote_right	
nerd		fa-r_project	
nerd		fa-ra	
nerd		fa-radiation	
nerd		fa-radio	
nerd		fa-rainbow	
nerd		fa-random	
nerd		fa-raspberry_pi	
nerd		fa-ravelry	
nerd		fa-react	
nerd		fa-reacteurope	
nerd		fa-readme	
nerd		fa-rebel	
nerd		fa-receipt	
nerd		fa-record_vinyl	
nerd		fa-rectangle_ad	
nerd		fa-rectangle_list	
nerd		fa-rectangle_xmark	
nerd		fa-recycle	
nerd		fa-red_river	
nerd		fa-reddit	
nerd		fa-reddit_alien	
nerd		fa-reddit_square	
nerd		fa-redhat	
nerd		fa-refresh	
nerd		fa-registered	
nerd		fa-remove	
nerd		fa-remove_sign	
nerd		fa-renren	
nerd		fa-reorder	
nerd		fa-repeat	
nerd		fa-repeat_alt	
nerd		fa-reply	
nerd		fa-reply_all	
nerd		fa-replyd	
nerd		fa-republican	
nerd		fa-researchgate	
nerd		fa-resistance	
nerd		fa-resolving	
nerd		fa-restroom	
nerd		fa-retweet	
nerd		fa-rev	
nerd		fa-ribbon	
nerd		fa-right_from_bracket	
nerd		fa-right_left	
nerd		fa-right_to_bracket	
nerd		fa-ring	
nerd		fa-rmb	
nerd		fa-road	
nerd		fa-robot	
nerd		fa-rocket	
nerd		fa-rocketchat	
nerd		fa-rockrms	
nerd		fa-rotate	
nerd		fa-rotate_left	
nerd		fa-rotate_right	
nerd		fa-rouble	
nerd		fa-route	
nerd		fa-rss	
nerd		fa-rss_square	
nerd		fa-rub	
nerd		fa-ruble	
nerd		fa-ruble_sign	
nerd		fa-ruler	
nerd		fa-ruler_combined	
nerd		fa-ruler_horizontal	
nerd		fa-ruler_vertical	
nerd		fa-rupee	
nerd		fa-rupee_sign	
nerd		fa-s15	
nerd		fa-sack_dollar	
nerd		fa-safari	
nerd		fa-salesforce	
nerd		fa-sass	
nerd		fa-satellite	
nerd		fa-satellite_dish	
nerd		fa-save	
nerd		fa-scale_balanced	
nerd		fa-scale_unbalanced	
nerd		fa-scale_unbalanced_flip	
nerd		fa-schlix	
nerd		fa-school	
nerd		fa-scissors	
nerd		fa-screwdriver	
nerd		fa-screwdriver_wrench	
nerd		fa-scribd	
nerd		fa-scroll	
nerd		fa-scroll_torah	
nerd		fa-sd_card	
nerd		fa-search	
nerd		fa-search_minus	
nerd		fa-search_plus	
nerd		fa-searchengin	
nerd		fa-seedling	
nerd		fa-sellcast	
nerd		fa-sellsy	
nerd		fa-send	
nerd		fa-send_o	
nerd		fa-server	
nerd		fa-servicestack	
nerd		fa-shapes	
nerd		fa-share	
nerd		fa-share_alt	
nerd		fa-share_alt_square	
nerd		fa-share_from_square	
nerd		fa-share_nodes	
nerd		fa-share_square	
nerd		fa-share_square_o	
nerd		fa-shekel	
nerd		fa-shekel_sign	
nerd		fa-sheqel	
nerd		fa-shield	
nerd		fa-shield_halved	
nerd		fa-ship	
nerd		fa-shirt	
nerd		fa-shirtsinbulk	
nerd		fa-shoe_prints	
nerd		fa-shop	
nerd		fa-shopping_bag	
nerd		fa-shopping_basket	
nerd		fa-shopping_cart	
nerd		fa-shopware	
nerd		fa-shower	
nerd		fa-shuffle	
nerd		fa-shuttle_space	
nerd		fa-sign_hanging	
nerd		fa-sign_in	
nerd		fa-sign_language	
nerd		fa-sign_out	
nerd		fa-signal	
nerd		fa-signature	
nerd		fa-signing	
nerd		fa-signs_post	
nerd		fa-sim_card	
nerd		fa-simplybuilt	
nerd		fa-sistrix	
nerd		fa-sitemap	
nerd		fa-sith	
nerd		fa-sketch	
nerd		fa-skull	
nerd		fa-skull_crossbones	
nerd		fa-skyatlas	
nerd		fa-skype	
nerd		fa-slack	
nerd		fa-slash	
nerd		fa-sleigh	
nerd		fa-sliders	
nerd		fa-slideshare	
nerd		fa-smile_o	
nerd		fa-smog	
nerd		fa-smoking	
nerd		fa-snapchat	
nerd		fa-snapchat_ghost	
nerd		fa-snapchat_square	
nerd		fa-snowflake	
nerd		fa-snowflake_o	
nerd		fa-snowman	
nerd		fa-snowplow	
nerd		fa-soccer_ball_o	
nerd		fa-socks	
nerd		fa-solar_panel	
nerd		fa-sort	
nerd		fa-sort_alpha_asc	
nerd		fa-sort_alpha_desc	
nerd		fa-sort_amount_asc	
nerd		fa-sort_amount_desc	
nerd		fa-sort_asc	
nerd		fa-sort_desc	
nerd		fa-sort_down	
nerd		fa-sort_numeric_asc	
nerd		fa-sort_numeric_desc	
nerd		fa-sort_up	
nerd		fa-soundcloud	
nerd		fa-sourcetree	
nerd		fa-spa	
nerd		fa-space_shuttle	
nerd		fa-spaghetti_monster_flying	
nerd		fa-speakap	
nerd		fa-speaker_deck	
nerd		fa-spell_check	
nerd		fa-spider	
nerd		fa-spinner	
nerd		fa-splotch	
nerd		fa-spoon	
nerd		fa-spotify	
nerd		fa-spray_can	
nerd		fa-spray_can_sparkles	
nerd		fa-square	
nerd		fa-square_arrow_up_right	
nerd		fa-square_behance	
nerd		fa-square_caret_down	
nerd		fa-square_caret_left	
nerd		fa-square_caret_right	
nerd		fa-square_caret_up	
nerd		fa-square_check	
nerd		fa-square_dribbble	
nerd		fa-square_envelope	
nerd		fa-square_facebook	
nerd		fa-square_font_awesome_stroke	
nerd		fa-square_full	
nerd		fa-square_git	
nerd		fa-square_github	
nerd		fa-square_google_plus	
nerd		fa-square_h	
nerd		fa-square_hacker_news	
nerd		fa-square_js	
nerd		fa-square_lastfm	
nerd		fa-square_minus	
nerd		fa-square_o	
nerd		fa-square_odnoklassniki	
nerd		fa-square_parking	
nerd		fa-square_pen	
nerd		fa-square_phone	
nerd		fa-square_phone_flip	
nerd		fa-square_pinterest	
nerd		fa-square_plus	
nerd		fa-square_poll_horizontal	
nerd		fa-square_poll_vertical	
nerd		fa-square_reddit	
nerd		fa-square_root_variable	
nerd		fa-square_rss	
nerd		fa-square_share_nodes	
nerd		fa-square_snapchat	
nerd		fa-square_steam	
nerd		fa-square_tumblr	
nerd		fa-square_twitter	
nerd		fa-square_up_right	
nerd		fa-square_viadeo	
nerd		fa-square_vimeo	
nerd		fa-square_whatsapp	
nerd		fa-square_xing	
nerd		fa-square_xmark	
nerd		fa-square_youtube	
nerd		fa-squarespace	
nerd		fa-stack_exchange	
nerd		fa-stack_overflow	
nerd		fa-stackpath	
nerd		fa-stamp	
nerd		fa-star	
nerd		fa-star_and_crescent	
nerd		fa-star_half	
nerd		fa-star_half_empty	
nerd		fa-star_half_full	
nerd		fa-star_half_o	
nerd		fa-star_half_stroke	
nerd		fa-star_o	
nerd		fa-star_of_david	
nerd		fa-star_of_life	
nerd		fa-staylinked	
nerd		fa-steam	
nerd		fa-steam_square	
nerd		fa-steam_symbol	
nerd		fa-step_backward	
nerd		fa-step_forward	
nerd		fa-sterling_sign	
nerd		fa-stethoscope	
nerd		fa-sticker_mule	
nerd		fa-sticky_note	
nerd		fa-sticky_note_o	
nerd		fa-stop	
nerd		fa-stop_circle	
nerd		fa-stop_circle_o	
nerd		fa-stopwatch	
nerd		fa-store	
nerd		fa-strava	
nerd		fa-street_view	
nerd		fa-strikethrough	
nerd		fa-stripe	
nerd		fa-stripe_s	
nerd		fa-stroopwafel	
nerd		fa-studiovinari	
nerd		fa-stumbleupon	
nerd		fa-stumbleupon_circle	
nerd		fa-subscript	
nerd		fa-subway	
nerd		fa-suitcase	
nerd		fa-suitcase_medical	
nerd		fa-suitcase_rolling	
nerd		fa-sun	
nerd		fa-sun_o	
nerd		fa-superpowers	
nerd		fa-superscript	
nerd		fa-supple	
nerd		fa-support	
nerd		fa-suse	
nerd		fa-swatchbook	
nerd		fa-swift	
nerd		fa-symfony	
nerd		fa-synagogue	
nerd		fa-syringe	
nerd		fa-table	
nerd		fa-table_cells	
nerd		fa-table_cells_large	
nerd		fa-table_columns	
nerd		fa-table_list	
nerd		fa-table_tennis_paddle_ball	
nerd		fa-tablet	
nerd		fa-tablet_button	
nerd		fa-tablet_screen_button	
nerd		fa-tablets	
nerd		fa-tachograph_digital	
nerd		fa-tachometer	
nerd		fa-tag	
nerd		fa-tags	
nerd		fa-tape	
nerd		fa-tasks	
nerd		fa-taxi	
nerd		fa-teamspeak	
nerd		fa-teeth	
nerd		fa-teeth_open	
nerd		fa-telegram	
nerd		fa-television	
nerd		fa-temperature_empty	
nerd		fa-temperature_full	
nerd		fa-temperature_half	
nerd		fa-temperature_high	
nerd		fa-temperature_low	
nerd		fa-temperature_quarter	
nerd		fa-temperature_three_quarters	
nerd		fa-tencent_weibo	
nerd		fa-tenge_sign	
nerd		fa-terminal	
nerd		fa-text_height	
nerd		fa-text_slash	
nerd		fa-text_width	
nerd		fa-th	
nerd		fa-th_large	
nerd		fa-th_list	
nerd		fa-the_red_yeti	
nerd		fa-themeco	
nerd		fa-themeisle	
nerd		fa-thermometer	
nerd		fa-thermometer_0	
nerd		fa-thermometer_1	
nerd		fa-thermometer_2	
nerd		fa-thermometer_3	
nerd		fa-thermometer_4	
nerd		fa-thermometer_alt	
nerd		fa-thermometer_empty	
nerd		fa-thermometer_full	
nerd		fa-thermometer_half	
nerd		fa-thermometer_quarter	
nerd		fa-thermometer_three_quarters	
nerd		fa-think_peaks	
nerd		fa-thumb_tack	
nerd		fa-thumbs_down	
nerd		fa-thumbs_o_down	
nerd		fa-thumbs_o_up	
nerd		fa-thumbs_up	
nerd		fa-thumbtack	
nerd		fa-ticket	
nerd		fa-ticket_simple	
nerd		fa-times	
nerd		fa-times_circle	
nerd		fa-times_circle_o	
nerd		fa-times_rectangle	
nerd		fa-times_rectangle_o	
nerd		fa-tint	
nerd		fa-toggle_down	
nerd		fa-toggle_left	
nerd		fa-toggle_off	
nerd		fa-toggle_on	
nerd		fa-toggle_right	
nerd		fa-toggle_up	
nerd		fa-toilet	
nerd		fa-toilet_paper	
nerd		fa-toolbox	
nerd		fa-tooth	
nerd		fa-torii_gate	
nerd		fa-tornado	
nerd		fa-tower_broadcast	
nerd		fa-tractor	
nerd		fa-trade_federation	
nerd		fa-trademark	
nerd		fa-traffic_light	
nerd		fa-train	
nerd		fa-train_subway	
nerd		fa-transgender	
nerd		fa-transgender_alt	
nerd		fa-trash	
nerd		fa-trash_arrow_up	
nerd		fa-trash_can	
nerd		fa-trash_can_arrow_up	
nerd		fa-trash_o	
nerd		fa-tree	
nerd		fa-trello	
nerd		fa-triangle_exclamation	
nerd		fa-tripadvisor	
nerd		fa-trophy	
nerd		fa-truck	
nerd		fa-truck_fast	
nerd		fa-truck_medical	
nerd		fa-truck_monster	
nerd		fa-truck_moving	
nerd		fa-truck_pickup	
nerd		fa-truck_ramp_box	
nerd		fa-try	
nerd		fa-tty	
nerd		fa-tumblr	
nerd		fa-tumblr_square	
nerd		fa-turkish_lira	
nerd		fa-turn_down	
nerd		fa-turn_up	
nerd		fa-tv	
nerd		fa-twitch	
nerd		fa-twitter	
nerd		fa-twitter_square	
nerd		fa-typo3	
nerd		fa-uber	
nerd		fa-ubuntu	
nerd		fa-uikit	
nerd		fa-umbraco	
nerd		fa-umbrella	
nerd		fa-umbrella_beach	
nerd		fa-underline	
nerd		fa-undo	
nerd		fa-uniregistry	
nerd		fa-universal_access	
nerd		fa-university	
nerd		fa-unlink	
nerd		fa-unlock	
nerd		fa-unlock_alt	
nerd		fa-unlock_keyhole	
nerd		fa-unsorted	
nerd		fa-untappd	
nerd		fa-up_down	
nerd		fa-up_down_left_right	
nerd		fa-up_right_and_down_left_from_center	
nerd		fa-up_right_from_square	
nerd		fa-upload	
nerd		fa-ups	
nerd		fa-usb	
nerd		fa-usd	
nerd		fa-user	
nerd		fa-user_astronaut	
nerd		fa-user_check	
nerd		fa-user_circle	
nerd		fa-user_circle_o	
nerd		fa-user_clock	
nerd		fa-user_doctor	
nerd		fa-user_gear	
nerd		fa-user_graduate	
nerd		fa-user_group	
nerd		fa-user_injured	
nerd		fa-user_large	
nerd		fa-user_large_slash	
nerd		fa-user_lock	
nerd		fa-user_md	
nerd		fa-user_minus	
nerd		fa-user_ninja	
nerd		fa-user_nurse	
nerd		fa-user_o	
nerd		fa-user_pen	
nerd		fa-user_plus	
nerd		fa-user_secret	
nerd		fa-user_shield	
nerd		fa-user_slash	
nerd		fa-user_tag	
nerd		fa-user_tie	
nerd		fa-user_times	
nerd		fa-user_xmark	
nerd		fa-users	
nerd		fa-users_gear	
nerd		fa-usps	
nerd		fa-ussunnah	
nerd		fa-utensils	
nerd		fa-vaadin	
nerd		fa-van_shuttle	
nerd		fa-vcard	
nerd		fa-vcard_o	
nerd		fa-vector_square	
nerd		fa-venus	
nerd		fa-venus_double	
nerd		fa-venus_mars	
nerd		fa-viacoin	
nerd		fa-viadeo	
nerd		fa-viadeo_square	
nerd		fa-vial	
nerd		fa-vials	
nerd		fa-viber	
nerd		fa-video	
nerd		fa-video_camera	
nerd		fa-video_slash	
nerd		fa-vihara	
nerd		fa-vimeo	
nerd		fa-vimeo_square	
nerd		fa-vimeo_v	
nerd		fa-vine	
nerd		fa-vk	
nerd		fa-vnv	
nerd		fa-voicemail	
nerd		fa-volcano	
nerd		fa-volleyball	
nerd		fa-volume	
nerd		fa-volume_control_phone	
nerd		fa-volume_down	
nerd		fa-volume_high	
nerd		fa-volume_low	
nerd		fa-volume_off	
nerd		fa-volume_up	
nerd		fa-volume_xmark	
nerd		fa-vr_cardboard	
nerd		fa-vuejs	
nerd		fa-walkie_talkie	
nerd		fa-wallet	
nerd		fa-wand_magic	
nerd		fa-wand_sparkles	
nerd		fa-warehouse	
nerd		fa-warning	
nerd		fa-water	
nerd		fa-water_ladder	
nerd		fa-wave_square	
nerd		fa-waze	
nerd		fa-wechat	
nerd		fa-weebly	
nerd		fa-weibo	
nerd		fa-weight_hanging	
nerd		fa-weight_scale	
nerd		fa-weixin	
nerd		fa-whatsapp	
nerd		fa-wheelchair	
nerd		fa-wheelchair_alt	
nerd		fa-whiskey_glass	
nerd		fa-whmcs	
nerd		fa-wifi	
nerd		fa-wikipedia_w	
nerd		fa-wind	
nerd		fa-window_close	
nerd		fa-window_close_o	
nerd		fa-window_maximize	
nerd		fa-window_minimize	
nerd		fa-window_restore	
nerd		fa-windows	
nerd		fa-wine_bottle	
nerd		fa-wine_glass	
nerd		fa-wine_glass_empty	
nerd		fa-wix	
nerd		fa-wizards_of_the_coast	
nerd		fa-wolf_pack_battalion	
nerd		fa-won	
nerd		fa-won_sign	
nerd		fa-wordpress	
nerd		fa-wordpress_simple	
nerd		fa-wpbeginner	
nerd		fa-wpexplorer	
nerd		fa-wpforms	
nerd		fa-wpressr	
nerd		fa-wrench	
nerd		fa-x_ray	
nerd		fa-xbox	
nerd		fa-xing	
nerd		fa-xing_square	
nerd		fa-xmark	
nerd		fa-y_combinator	
nerd		fa-y_combinator_square	
nerd		fa-yahoo	
nerd		fa-yammer	
nerd		fa-yandex	
nerd		fa-yandex_international	
nerd		fa-yarn	
nerd		fa-yc	
nerd		fa-yc_square	
nerd		fa-yelp	
nerd		fa-yen	
nerd		fa-yen_sign	
nerd		fa-yin_yang	
nerd		fa-yoast	
nerd		fa-youtube	
nerd		fa-youtube_play	
nerd		fa-youtube_square	
nerd		fa-zhihu	
nerd		fae-apple_fruit	
nerd		fae-atom	
nerd		fae-bacteria	
nerd		fae-banana	
nerd		fae-bath	
nerd		fae-bed	
nerd		fae-benzene	
nerd		fae-bigger	
nerd		fae-biohazard	
nerd		fae-blogger_circle	
nerd		fae-blogger_square	
nerd		fae-bones	
nerd		fae-book_open	
nerd		fae-book_open_o	
nerd		fae-brain	
nerd		fae-bread	
nerd		fae-butterfly	
nerd		fae-carot	
nerd		fae-cc_by	
nerd		fae-cc_cc	
nerd		fae-cc_nc	
nerd		fae-cc_nc_eu	
nerd		fae-cc_nc_jp	
nerd		fae-cc_nd	
nerd		fae-cc_remix	
nerd		fae-cc_sa	
nerd		fae-cc_share	
nerd		fae-cc_zero	
nerd		fae-checklist_o	
nerd		fae-cheese	
nerd		fae-cherry	
nerd		fae-chess_bishop	
nerd		fae-chess_horse	
nerd		fae-chess_king	
nerd		fae-chess_pawn	
nerd		fae-chess_queen	
nerd		fae-chess_tower	
nerd		fae-chicken_thigh	
nerd		fae-chilli	
nerd		fae-chip	
nerd		fae-cicling	
nerd		fae-cloud	
nerd		fae-cockroach	
nerd		fae-coffe_beans	
nerd		fae-coins	
nerd		fae-comb	
nerd		fae-comet	
nerd		fae-crown	
nerd		fae-cup_coffe	
nerd		fae-dice	
nerd		fae-disco	
nerd		fae-dna	
nerd		fae-donut	
nerd		fae-dress	
nerd		fae-drop	
nerd		fae-ello	
nerd		fae-envelope_open	
nerd		fae-envelope_open_o	
nerd		fae-equal	
nerd		fae-equal_bigger	
nerd		fae-feedly	
nerd		fae-file_export	
nerd		fae-file_import	
nerd		fae-fingerprint	
nerd		fae-floppy	
nerd		fae-footprint	
nerd		fae-freecodecamp	
nerd		fae-galaxy	
nerd		fae-galery	
nerd		fae-gift_card	
nerd		fae-glass	
nerd		fae-google_drive	
nerd		fae-google_play	
nerd		fae-gps	
nerd		fae-grav	
nerd		fae-guitar	
nerd		fae-gut	
nerd		fae-halter	
nerd		fae-hamburger	
nerd		fae-hat	
nerd		fae-hexagon	
nerd		fae-high_heel	
nerd		fae-hotdog	
nerd		fae-ice_cream	
nerd		fae-id_card	
nerd		fae-imdb	
nerd		fae-infinity	
nerd		fae-injection	
nerd		fae-isle	
nerd		fae-java	
nerd		fae-layers	
nerd		fae-lips	
nerd		fae-lipstick	
nerd		fae-liver	
nerd		fae-lollipop	
nerd		fae-loyalty_card	
nerd		fae-lung	
nerd		fae-makeup_brushes	
nerd		fae-maximize	
nerd		fae-meat	
nerd		fae-medicine	
nerd		fae-microscope	
nerd		fae-milk_bottle	
nerd		fae-minimize	
nerd		fae-molecule	
nerd		fae-moon_cloud	
nerd		fae-mountains	
nerd		fae-mushroom	
nerd		fae-mustache	
nerd		fae-mysql	
nerd		fae-nintendo	
nerd		fae-orange	
nerd		fae-palette_color	
nerd		fae-peach	
nerd		fae-pear	
nerd		fae-pi	
nerd		fae-pizza	
nerd		fae-planet	
nerd		fae-plant	
nerd		fae-playstation	
nerd		fae-poison	
nerd		fae-popcorn	
nerd		fae-popsicle	
nerd		fae-pulse	
nerd		fae-python	
nerd		fae-quora_circle	
nerd		fae-quora_square	
nerd		fae-radioactive	
nerd		fae-raining	
nerd		fae-real_heart	
nerd		fae-refrigerator	
nerd		fae-restore	
nerd		fae-ring	
nerd		fae-ruby	
nerd		fae-ruby_o	
nerd		fae-ruler	
nerd		fae-shirt	
nerd		fae-slash	
nerd		fae-smaller	
nerd		fae-snowing	
nerd		fae-soda	
nerd		fae-sofa	
nerd		fae-soup	
nerd		fae-spermatozoon	
nerd		fae-spin_double	
nerd		fae-stomach	
nerd		fae-storm	
nerd		fae-sun_cloud	
nerd		fae-sushi	
nerd		fae-tacos	
nerd		fae-telegram	
nerd		fae-telegram_circle	
nerd		fae-telescope	
nerd		fae-thermometer	
nerd		fae-thermometer_high	
nerd		fae-thermometer_low	
nerd		fae-thin_close	
nerd		fae-toilet	
nerd		fae-tools	
nerd		fae-tooth	
nerd		fae-tree	
nerd		fae-triangle_ruler	
nerd		fae-umbrella	
nerd		fae-uterus	
nerd		fae-virus	
nerd		fae-w3c	
nerd		fae-walking	
nerd		fae-wallet	
nerd		fae-wind	
nerd		fae-xbox	
nerd	⏻	iec-power	
nerd	⭘	iec-power_off	
nerd	⏽	iec-power_on	
nerd	⏾	iec-sleep_mode	
nerd	⏼	iec-toggle_power	
nerd		indent-dotted_guide	
nerd		indent-line	
nerd		indentation-line	
nerd		linux-almalinux	
nerd		linux-alpine	
nerd		linux-aosc	
nerd		linux-apple	
nerd		linux-archcraft	
nerd		linux-archlabs	
nerd		linux-archlinux	
nerd		linux-arcolinux	
nerd		linux-arduino	
nerd		linux-artix	
nerd		linux-awesome	
nerd		linux-biglinux	
nerd		linux-bspwm	
nerd		linux-budgie	
nerd		linux-cachyos	
nerd		linux-centos	
nerd		linux-cinnamon	
nerd		linux-codeberg	
nerd		linux-coreos	
nerd		linux-crystal	
nerd		linux-debian	
nerd		linux-deepin	
nerd		linux-devuan	
nerd		linux-docker	
nerd		linux-dwm	
nerd		linux-elementary	
nerd		linux-endeavour	
nerd		linux-enlightenment	
nerd		linux-fdroid	
nerd		linux-fedora	
nerd		linux-fedora_inverse	
nerd		linux-ferris	
nerd		linux-ffmpeg	
nerd		linux-flathub	
nerd		linux-fluxbox	
nerd		linux-forgejo	
nerd		linux-fosdem	
nerd		linux-freebsd	
nerd		linux-freecad	
nerd		linux-freedesktop	
nerd		linux-garuda	
nerd		linux-gentoo	
nerd		linux-gimp	
nerd		linux-gitea	
nerd		linux-gnome	
nerd		linux-gnu_guix	
nerd		linux-gtk	
nerd		linux-hyperbola	
nerd		linux-hyprland	
nerd		linux-i3	
nerd		linux-illumos	
nerd		linux-inkscape	
nerd		linux-jwm	
nerd		linux-kali_linux	
nerd		linux-kde	
nerd		linux-kde_neon	
nerd		linux-kde_plasma	
nerd		linux-kdenlive	
nerd		linux-kicad	
nerd		linux-krita	
nerd		linux-kubuntu	
nerd		linux-kubuntu_inverse	
nerd		linux-leap	
nerd		linux-libreoffice	
nerd		linux-libreofficebase	
nerd		linux-libreofficecalc	
nerd		linux-libreofficedraw	
nerd		linux-libreofficeimpress	
nerd		linux-libreofficemath	
nerd		linux-libreofficewriter	
nerd		linux-linuxmint	
nerd		linux-linuxmint_inverse	
nerd		linux-locos	
nerd		linux-lxde	
nerd		linux-lxle	
nerd		linux-lxqt	
nerd		linux-mageia	
nerd		linux-mandriva	
nerd		linux-manjaro	
nerd		linux-mate	
nerd		linux-mpv	
nerd		linux-mxlinux	
nerd		linux-neovim	
nerd		linux-nixos	
nerd		linux-nobara	
nerd		linux-octoprint	
nerd		linux-openbsd	
nerd		linux-openscad	
nerd		linux-opensuse	
nerd		linux-openwrt	
nerd		linux-osh	
nerd		linux-oshwa	
nerd		linux-osi	
nerd		linux-parabola	
nerd		linux-parrot	
nerd		linux-pop_os	
nerd		linux-postmarketos	
nerd		linux-prusaslicer	
nerd		linux-puppy	
nerd		linux-qt	
nerd		linux-qtile	
nerd		linux-qubesos	
nerd		linux-raspberry_pi	
nerd		linux-redhat	
nerd		linux-reprap	
nerd		linux-riscv	
nerd		linux-river	
nerd		linux-rocky_linux	
nerd		linux-sabayon	
nerd		linux-slackware	
nerd		linux-slackware_inverse	
nerd		linux-snappy	
nerd		linux-solus	
nerd		linux-sway	
nerd		linux-tails	
nerd		linux-thunderbird	
nerd		linux-tor	
nerd		linux-trisquel	
nerd		linux-tumbleweed	
nerd		linux-tux	
nerd		linux-typst	
nerd		linux-ubuntu	
nerd		linux-ubuntu_inverse	
nerd		linux-vanilla	
nerd		linux-void	
nerd		linux-vscodium	
nerd		linux-wayland	
nerd		linux-wikimedia	
nerd		linux-wireguard	
nerd		linux-xerolinux	
nerd		linux-xfce	
nerd		linux-xmonad	
nerd		linux-xorg	
nerd		linux-zorin	
nerd	󰇉	md-ab_testing	
nerd	󱛠	md-abacus	
nerd	󱌨	md-abjad_arabic	
nerd	󱌩	md-abjad_hebrew	
nerd	󱌪	md-abugida_devanagari	
nerd	󱌫	md-abugida_thai	
nerd	󰀃	md-access_point	
nerd	󱔸	md-access_point_check	
nerd	󱔹	md-access_point_minus	
nerd	󰀂	md-access_point_network	
nerd	󰯡	md-access_point_network_off	
nerd	󱔑	md-access_point_off	
nerd	󱔺	md-access_point_plus	
nerd	󱔻	md-access_point_remove	
nerd	󰀄	md-account	
nerd	󰀅	md-account_alert	
nerd	󰭐	md-account_alert_outline	
nerd	󱡨	md-account_arrow_down	
nerd	󱡩	md-account_arrow_down_outline	
nerd	󰭑	md-account_arrow_left	
nerd	󰭒	md-account_arrow_left_outline	
nerd	󰭓	md-account_arrow_right	
nerd	󰭔	md-account_arrow_right_outline	
nerd	󱡧	md-account_arrow_up	
nerd	󱡪	md-account_arrow_up_outline	
nerd	󰀆	md-account_box	
nerd	󰤴	md-account_box_multiple	
nerd	󱀊	md-account_box_multiple_outline	
nerd	󰀇	md-account_box_outline	
nerd	󱋟	md-account_cancel	
nerd	󱋠	md-account_cancel_outline	
nerd	󱂗	md-account_cash	
nerd	󱂘	md-account_cash_outline	
nerd	󰀈	md-account_check	
nerd	󰯢	md-account_check_outline	
nerd	󰪉	md-account_child	
nerd	󰪊	md-account_child_circle	
nerd	󱃈	md-account_child_outline	
nerd	󰀉	md-account_circle	
nerd	󰭕	md-account_circle_outline	
nerd	󰭖	md-account_clock	
nerd	󰭗	md-account_clock_outline	
nerd	󱍰	md-account_cog	
nerd	󱍱	md-account_cog_outline	
nerd	󰀊	md-account_convert	
nerd	󱌁	md-account_convert_outline	
nerd	󰺛	md-account_cowboy_hat	
nerd	󱟳	md-account_cowboy_hat_outline	
nerd	󰘱	md-account_details	
nerd	󱍲	md-account_details_outline	
nerd	󰚼	md-account_edit	
nerd	󰿻	md-account_edit_outline	
nerd	󰐠	md-account_eye	
nerd	󱉻	md-account_eye_outline	
nerd	󰤶	md-account_filter	
nerd	󰾝	md-account_filter_outline	
nerd	󰡉	md-account_group	
nerd	󰭘	md-account_group_outline	
nerd	󰖵	md-account_hard_hat	
nerd	󱨟	md-account_hard_hat_outline	
nerd	󰢙	md-account_heart	
nerd	󰯣	md-account_heart_outline	
nerd	󱠕	md-account_injury	
nerd	󱠖	md-account_injury_outline	
nerd	󰀋	md-account_key	
nerd	󰯤	md-account_key_outline	
nerd	󱅞	md-account_lock	
nerd	󱥠	md-account_lock_open	
nerd	󱥡	md-account_lock_open_outline	
nerd	󱅟	md-account_lock_outline	
nerd	󰀍	md-account_minus	
nerd	󰫬	md-account_minus_outline	
nerd	󰀎	md-account_multiple	
nerd	󰣅	md-account_multiple_check	
nerd	󱇾	md-account_multiple_check_outline	
nerd	󰗓	md-account_multiple_minus	
nerd	󰯥	md-account_multiple_minus_outline	
nerd	󰀏	md-account_multiple_outline	
nerd	󰀐	md-account_multiple_plus	
nerd	󰠀	md-account_multiple_plus_outline	
nerd	󱈊	md-account_multiple_remove	
nerd	󱈋	md-account_multiple_remove_outline	
nerd	󰠃	md-account_music	
nerd	󰳩	md-account_music_outline	
nerd	󰀑	md-account_network	
nerd	󰯦	md-account_network_outline	
nerd	󰀒	md-account_off	
nerd	󰯧	md-account_off_outline	
nerd	󰀓	md-account_outline	
nerd	󰀔	md-account_plus	
nerd	󰠁	md-account_plus_outline	
nerd	󰭙	md-account_question	
nerd	󰭚	md-account_question_outline	
nerd	󱔫	md-account_reactivate	
nerd	󱔬	md-account_reactivate_outline	
nerd	󰀕	md-account_remove	
nerd	󰫭	md-account_remove_outline	
nerd	󱨠	md-account_school	
nerd	󱨡	md-account_school_outline	
nerd	󰀖	md-account_search	
nerd	󰤵	md-account_search_outline	
nerd	󰘰	md-account_settings	
nerd	󱃉	md-account_settings_outline	
nerd	󰀗	md-account_star	
nerd	󰯨	md-account_star_outline	
nerd	󰪋	md-account_supervisor	
nerd	󰪌	md-account_supervisor_circle	
nerd	󱓬	md-account_supervisor_circle_outline	
nerd	󱄭	md-account_supervisor_outline	
nerd	󰀙	md-account_switch	
nerd	󰓋	md-account_switch_outline	
nerd	󱤛	md-account_sync	
nerd	󱤜	md-account_sync_outline	
nerd	󰳣	md-account_tie	
nerd	󱢘	md-account_tie_hat	
nerd	󱢙	md-account_tie_hat_outline	
nerd	󱃊	md-account_tie_outline	
nerd	󱌈	md-account_tie_voice	
nerd	󱌊	md-account_tie_voice_off	
nerd	󱌋	md-account_tie_voice_off_outline	
nerd	󱌉	md-account_tie_voice_outline	
nerd	󱪌	md-account_tie_woman	
nerd	󰗋	md-account_voice	
nerd	󰻔	md-account_voice_off	
nerd	󱢚	md-account_wrench	
nerd	󱢛	md-account_wrench_outline	
nerd	󰀚	md-adjust	
nerd	󱤪	md-advertisements	
nerd	󱤫	md-advertisements_off	
nerd	󰀛	md-air_conditioner	
nerd	󰵃	md-air_filter	
nerd	󰶬	md-air_horn	
nerd	󱂙	md-air_humidifier	
nerd	󱑦	md-air_humidifier_off	
nerd	󰵄	md-air_purifier	
nerd	󰯩	md-airbag	
nerd	󰀜	md-airballoon	
nerd	󱀋	md-airballoon_outline	
nerd	󰀝	md-airplane	
nerd	󱡺	md-airplane_alert	
nerd	󱡻	md-airplane_check	
nerd	󱡼	md-airplane_clock	
nerd	󱡽	md-airplane_cog	
nerd	󱡾	md-airplane_edit	
nerd	󰗔	md-airplane_landing	
nerd	󱡿	md-airplane_marker	
nerd	󱢀	md-airplane_minus	
nerd	󰀞	md-airplane_off	
nerd	󱢁	md-airplane_plus	
nerd	󱢂	md-airplane_remove	
nerd	󱢃	md-airplane_search	
nerd	󱢄	md-airplane_settings	
nerd	󰗕	md-airplane_takeoff	
nerd	󰡋	md-airport	
nerd	󰀠	md-alarm	
nerd	󰞎	md-alarm_bell	
nerd	󰀡	md-alarm_check	
nerd	󰞏	md-alarm_light	
nerd	󱜞	md-alarm_light_off	
nerd	󱜟	md-alarm_light_off_outline	
nerd	󰯪	md-alarm_light_outline	
nerd	󰀢	md-alarm_multiple	
nerd	󰹱	md-alarm_note	
nerd	󰹲	md-alarm_note_off	
nerd	󰀣	md-alarm_off	
nerd	󱗄	md-alarm_panel	
nerd	󱗅	md-alarm_panel_outline	
nerd	󰀤	md-alarm_plus	
nerd	󰚎	md-alarm_snooze	
nerd	󰀥	md-album	
nerd	󰀦	md-alert	
nerd	󰀧	md-alert_box	
nerd	󰳤	md-alert_box_outline	
nerd	󰀨	md-alert_circle	
nerd	󱇭	md-alert_circle_check	
nerd	󱇮	md-alert_circle_check_outline	
nerd	󰗖	md-alert_circle_outline	
nerd	󰚽	md-alert_decagram	
nerd	󰳥	md-alert_decagram_outline	
nerd	󱒻	md-alert_minus	
nerd	󱒾	md-alert_minus_outline	
nerd	󰀩	md-alert_octagon	
nerd	󰳦	md-alert_octagon_outline	
nerd	󰝧	md-alert_octagram	
nerd	󰳧	md-alert_octagram_outline	
nerd	󰀪	md-alert_outline	
nerd	󱒺	md-alert_plus	
nerd	󱒽	md-alert_plus_outline	
nerd	󱒼	md-alert_remove	
nerd	󱒿	md-alert_remove_outline	
nerd	󱇎	md-alert_rhombus	
nerd	󱇏	md-alert_rhombus_outline	
nerd	󰢚	md-alien	
nerd	󱃋	md-alien_outline	
nerd	󱇃	md-align_horizontal_center	
nerd	󱥢	md-align_horizontal_distribute	
nerd	󱇂	md-align_horizontal_left	
nerd	󱇄	md-align_horizontal_right	
nerd	󱇅	md-align_vertical_bottom	
nerd	󱇆	md-align_vertical_center	
nerd	󱥣	md-align_vertical_distribute	
nerd	󱇇	md-align_vertical_top	
nerd	󰚾	md-all_inclusive	
nerd	󱢍	md-all_inclusive_box	
nerd	󱢎	md-all_inclusive_box_outline	
nerd	󱉘	md-allergy	
nerd	󰀫	md-alpha	
nerd	󰫮	md-alpha_a	
nerd	󰬈	md-alpha_a_box	
nerd	󰯫	md-alpha_a_box_outline	
nerd	󰯬	md-alpha_a_circle	
nerd	󰯭	md-alpha_a_circle_outline	
nerd	󰫯	md-alpha_b	
nerd	󰬉	md-alpha_b_box	
nerd	󰯮	md-alpha_b_box_outline	
nerd	󰯯	md-alpha_b_circle	
nerd	󰯰	md-alpha_b_circle_outline	
nerd	󰫰	md-alpha_c	
nerd	󰬊	md-alpha_c_box	
nerd	󰯱	md-alpha_c_box_outline	
nerd	󰯲	md-alpha_c_circle	
nerd	󰯳	md-alpha_c_circle_outline	
nerd	󰫱	md-alpha_d	
nerd	󰬋	md-alpha_d_box	
nerd	󰯴	md-alpha_d_box_outline	
nerd	󰯵	md-alpha_d_circle	
nerd	󰯶	md-alpha_d_circle_outline	
nerd	󰫲	md-alpha_e	
nerd	󰬌	md-alpha_e_box	
nerd	󰯷	md-alpha_e_box_outline	
nerd	󰯸	md-alpha_e_circle	
nerd	󰯹	md-alpha_e_circle_outline	
nerd	󰫳	md-alpha_f	
nerd	󰬍	md-alpha_f_box	
nerd	󰯺	md-alpha_f_box_outline	
nerd	󰯻	md-alpha_f_circle	
nerd	󰯼	md-alpha_f_circle_outline	
nerd	󰫴	md-alpha_g	
nerd	󰬎	md-alpha_g_box	
nerd	󰯽	md-alpha_g_box_outline	
nerd	󰯾	md-alpha_g_circle	
nerd	󰯿	md-alpha_g_circle_outline	
nerd	󰫵	md-alpha_h	
nerd	󰬏	md-alpha_h_box	
nerd	󰰀	md-alpha_h_box_outline	
nerd	󰰁	md-alpha_h_circle	
nerd	󰰂	md-alpha_h_circle_outline	
nerd	󰫶	md-alpha_i	
nerd	󰬐	md-alpha_i_box	
nerd	󰰃	md-alpha_i_box_outline	
nerd	󰰄	md-alpha_i_circle	
nerd	󰰅	md-alpha_i_circle_outline	
nerd	󰫷	md-alpha_j	
nerd	󰬑	md-alpha_j_box	
nerd	󰰆	md-alpha_j_box_outline	
nerd	󰰇	md-alpha_j_circle	
nerd	󰰈	md-alpha_j_circle_outline	
nerd	󰫸	md-alpha_k	
nerd	󰬒	md-alpha_k_box	
nerd	󰰉	md-alpha_k_box_outline	
nerd	󰰊	md-alpha_k_circle	
nerd	󰰋	md-alpha_k_circle_outline	
nerd	󰫹	md-alpha_l	
nerd	󰬓	md-alpha_l_box	
nerd	󰰌	md-alpha_l_box_outline	
nerd	󰰍	md-alpha_l_circle	
nerd	󰰎	md-alpha_l_circle_outline	
nerd	󰫺	md-alpha_m	
nerd	󰬔	md-alpha_m_box	
nerd	󰰏	md-alpha_m_box_outline	
nerd	󰰐	md-alpha_m_circle	
nerd	󰰑	md-alpha_m_circle_outline	
nerd	󰫻	md-alpha_n	
nerd	󰬕	md-alpha_n_box	
nerd	󰰒	md-alpha_n_box_outline	
nerd	󰰓	md-alpha_n_circle	
nerd	󰰔	md-alpha_n_circle_outline	
nerd	󰫼	md-alpha_o	
nerd	󰬖	md-alpha_o_box	
nerd	󰰕	md-alpha_o_box_outline	
nerd	󰰖	md-alpha_o_circle	
nerd	󰰗	md-alpha_o_circle_outline	
nerd	󰫽	md-alpha_p	
nerd	󰬗	md-alpha_p_box	
nerd	󰰘	md-alpha_p_box_outline	
nerd	󰰙	md-alpha_p_circle	
nerd	󰰚	md-alpha_p_circle_outline	
nerd	󰫾	md-alpha_q	
nerd	󰬘	md-alpha_q_box	
nerd	󰰛	md-alpha_q_box_outline	
nerd	󰰜	md-alpha_q_circle	
nerd	󰰝	md-alpha_q_circle_outline	
nerd	󰫿	md-alpha_r	
nerd	󰬙	md-alpha_r_box	
nerd	󰰞	md-alpha_r_box_outline	
nerd	󰰟	md-alpha_r_circle	
nerd	󰰠	md-alpha_r_circle_outline	
nerd	󰬀	md-alpha_s	
nerd	󰬚	md-alpha_s_box	
nerd	󰰡	md-alpha_s_box_outline	
nerd	󰰢	md-alpha_s_circle	
nerd	󰰣	md-alpha_s_circle_outline	
nerd	󰬁	md-alpha_t	
nerd	󰬛	md-alpha_t_box	
nerd	󰰤	md-alpha_t_box_outline	
nerd	󰰥	md-alpha_t_circle	
nerd	󰰦	md-alpha_t_circle_outline	
nerd	󰬂	md-alpha_u	
nerd	󰬜	md-alpha_u_box	
nerd	󰰧	md-alpha_u_box_outline	
nerd	󰰨	md-alpha_u_circle	
nerd	󰰩	md-alpha_u_circle_outline	
nerd	󰬃	md-alpha_v	
nerd	󰬝	md-alpha_v_box	
nerd	󰰪	md-alpha_v_box_outline	
nerd	󰰫	md-alpha_v_circle	
nerd	󰰬	md-alpha_v_circle_outline	
nerd	󰬄	md-alpha_w	
nerd	󰬞	md-alpha_w_box	
nerd	󰰭	md-alpha_w_box_outline	
nerd	󰰮	md-alpha_w_circle	
nerd	󰰯	md-alpha_w_circle_outline	
nerd	󰬅	md-alpha_x	
nerd	󰬟	md-alpha_x_box	
nerd	󰰰	md-alpha_x_box_outline	
nerd	󰰱	md-alpha_x_circle	
nerd	󰰲	md-alpha_x_circle_outline	
nerd	󰬆	md-alpha_y	
nerd	󰬠	md-alpha_y_box	
nerd	󰰳	md-alpha_y_box_outline	
nerd	󰰴	md-alpha_y_circle	
nerd	󰰵	md-alpha_y_circle_outline	
nerd	󰬇	md-alpha_z	
nerd	󰬡	md-alpha_z_box	
nerd	󰰶	md-alpha_z_box_outline	
nerd	󰰷	md-alpha_z_circle	
nerd	󰰸	md-alpha_z_circle_outline	
nerd	󱌬	md-alphabet_aurebesh	
nerd	󱌭	md-alphabet_cyrillic	
nerd	󱌮	md-alphabet_greek	
nerd	󱌯	md-alphabet_latin	
nerd	󱌰	md-alphabet_piqad	
nerd	󱌷	md-alphabet_tengwar	
nerd	󰀬	md-alphabetical	
nerd	󱀌	md-alphabetical_off	
nerd	󱀍	md-alphabetical_variant	
nerd	󱀎	md-alphabetical_variant_off	
nerd	󰗗	md-altimeter	
nerd	󰀯	md-ambulance	
nerd	󰳨	md-ammunition	
nerd	󰪍	md-ampersand	
nerd	󰀰	md-amplifier	
nerd	󱆵	md-amplifier_off	
nerd	󰀱	md-anchor	
nerd	󰀲	md-android	
nerd	󰵅	md-android_messages	
nerd	󰀴	md-android_studio	
nerd	󰤷	md-angle_acute	
nerd	󰤸	md-angle_obtuse	
nerd	󰤹	md-angle_right	
nerd	󰚲	md-angular	
nerd	󰚿	md-angularjs	
nerd	󰗘	md-animation	
nerd	󰪏	md-animation_outline	
nerd	󰤺	md-animation_play	
nerd	󰪐	md-animation_play_outline	
nerd	󱂚	md-ansible	
nerd	󱄙	md-antenna	
nerd	󰢛	md-anvil	
nerd	󱀏	md-apache_kafka	
nerd	󱂛	md-api	
nerd	󱉗	md-api_off	
nerd	󰀵	md-apple	
nerd	󰀶	md-apple_finder	
nerd	󰀸	md-apple_icloud	
nerd	󰀷	md-apple_ios	
nerd	󰘲	md-apple_keyboard_caps	
nerd	󰘳	md-apple_keyboard_command	
nerd	󰘴	md-apple_keyboard_control	
nerd	󰘵	md-apple_keyboard_option	
nerd	󰘶	md-apple_keyboard_shift	
nerd	󰀹	md-apple_safari	
nerd	󰣆	md-application	
nerd	󱃵	md-application_array	
nerd	󱃶	md-application_array_outline	
nerd	󱃷	md-application_braces	
nerd	󱃸	md-application_braces_outline	
nerd	󰲋	md-application_brackets	
nerd	󰲌	md-application_brackets_outline	
nerd	󰙵	md-application_cog	
nerd	󱕷	md-application_cog_outline	
nerd	󰂮	md-application_edit	
nerd	󰘙	md-application_edit_outline	
nerd	󰶭	md-application_export	
nerd	󰶮	md-application_import	
nerd	󰘔	md-application_outline	
nerd	󱃹	md-application_parentheses	
nerd	󱃺	md-application_parentheses_outline	
nerd	󰭠	md-application_settings	
nerd	󱕕	md-application_settings_outline	
nerd	󱃻	md-application_variable	
nerd	󱃼	md-application_variable_outline	
nerd	󰾞	md-approximately_equal	
nerd	󰾟	md-approximately_equal_box	
nerd	󰀻	md-apps	
nerd	󰵆	md-apps_box	
nerd	󰣇	md-arch	
nerd	󰀼	md-archive	
nerd	󱓽	md-archive_alert	
nerd	󱓾	md-archive_alert_outline	
nerd	󱉙	md-archive_arrow_down	
nerd	󱉚	md-archive_arrow_down_outline	
nerd	󱉛	md-archive_arrow_up	
nerd	󱉜	md-archive_arrow_up_outline	
nerd	󱝋	md-archive_cancel	
nerd	󱝌	md-archive_cancel_outline	
nerd	󱝍	md-archive_check	
nerd	󱝎	md-archive_check_outline	
nerd	󱝏	md-archive_clock	
nerd	󱝐	md-archive_clock_outline	
nerd	󱝑	md-archive_cog	
nerd	󱝒	md-archive_cog_outline	
nerd	󱝓	md-archive_edit	
nerd	󱝔	md-archive_edit_outline	
nerd	󱝕	md-archive_eye	
nerd	󱝖	md-archive_eye_outline	
nerd	󱝗	md-archive_lock	
nerd	󱝘	md-archive_lock_open	
nerd	󱝙	md-archive_lock_open_outline	
nerd	󱝚	md-archive_lock_outline	
nerd	󱝛	md-archive_marker	
nerd	󱝜	md-archive_marker_outline	
nerd	󱝝	md-archive_minus	
nerd	󱝞	md-archive_minus_outline	
nerd	󱝟	md-archive_music	
nerd	󱝠	md-archive_music_outline	
nerd	󱝡	md-archive_off	
nerd	󱝢	md-archive_off_outline	
nerd	󱈎	md-archive_outline	
nerd	󱝣	md-archive_plus	
nerd	󱝤	md-archive_plus_outline	
nerd	󱝥	md-archive_refresh	
nerd	󱝦	md-archive_refresh_outline	
nerd	󱝧	md-archive_remove	
nerd	󱝨	md-archive_remove_outline	
nerd	󱝩	md-archive_search	
nerd	󱝪	md-archive_search_outline	
nerd	󱝫	md-archive_settings	
nerd	󱝬	md-archive_settings_outline	
nerd	󱝭	md-archive_star	
nerd	󱝮	md-archive_star_outline	
nerd	󱝯	md-archive_sync	
nerd	󱝰	md-archive_sync_outline	
nerd	󰿗	md-arm_flex	
nerd	󰿖	md-arm_flex_outline	
nerd	󰀽	md-arrange_bring_forward	
nerd	󰀾	md-arrange_bring_to_front	
nerd	󰀿	md-arrange_send_backward	
nerd	󰁀	md-arrange_send_to_back	
nerd	󰁁	md-arrow_all	
nerd	󰁂	md-arrow_bottom_left	
nerd	󱥤	md-arrow_bottom_left_bold_box	
nerd	󱥥	md-arrow_bottom_left_bold_box_outline	
nerd	󰦷	md-arrow_bottom_left_bold_outline	
nerd	󰦸	md-arrow_bottom_left_thick	
nerd	󱦶	md-arrow_bottom_left_thin	
nerd	󱖖	md-arrow_bottom_left_thin_circle_outline	
nerd	󰁃	md-arrow_bottom_right	
nerd	󱥦	md-arrow_bottom_right_bold_box	
nerd	󱥧	md-arrow_bottom_right_bold_box_outline	
nerd	󰦹	md-arrow_bottom_right_bold_outline	
nerd	󰦺	md-arrow_bottom_right_thick	
nerd	󱦷	md-arrow_bottom_right_thin	
nerd	󱖕	md-arrow_bottom_right_thin_circle_outline	
nerd	󰘕	md-arrow_collapse	
nerd	󰁄	md-arrow_collapse_all	
nerd	󰞒	md-arrow_collapse_down	
nerd	󰡌	md-arrow_collapse_horizontal	
nerd	󰞓	md-arrow_collapse_left	
nerd	󰞔	md-arrow_collapse_right	
nerd	󰞕	md-arrow_collapse_up	
nerd	󰡍	md-arrow_collapse_vertical	
nerd	󰦻	md-arrow_decision	
nerd	󰦼	md-arrow_decision_auto	
nerd	󰦽	md-arrow_decision_auto_outline	
nerd	󰦾	md-arrow_decision_outline	
nerd	󰁅	md-arrow_down	
nerd	󰜮	md-arrow_down_bold	
nerd	󰜯	md-arrow_down_bold_box	
nerd	󰜰	md-arrow_down_bold_box_outline	
nerd	󰁇	md-arrow_down_bold_circle	
nerd	󰁈	md-arrow_down_bold_circle_outline	
nerd	󰁉	md-arrow_down_bold_hexagon_outline	
nerd	󰦿	md-arrow_down_bold_outline	
nerd	󰛀	md-arrow_down_box	
nerd	󰳛	md-arrow_down_circle	
nerd	󰳜	md-arrow_down_circle_outline	
nerd	󰁊	md-arrow_down_drop_circle	
nerd	󰁋	md-arrow_down_drop_circle_outline	
nerd	󱞡	md-arrow_down_left	
nerd	󱞢	md-arrow_down_left_bold	
nerd	󱞣	md-arrow_down_right	
nerd	󱞤	md-arrow_down_right_bold	
nerd	󰁆	md-arrow_down_thick	
nerd	󱦳	md-arrow_down_thin	
nerd	󱖙	md-arrow_down_thin_circle_outline	
nerd	󰘖	md-arrow_expand	
nerd	󰁌	md-arrow_expand_all	
nerd	󰞖	md-arrow_expand_down	
nerd	󰡎	md-arrow_expand_horizontal	
nerd	󰞗	md-arrow_expand_left	
nerd	󰞘	md-arrow_expand_right	
nerd	󰞙	md-arrow_expand_up	
nerd	󰡏	md-arrow_expand_vertical	
nerd	󱅛	md-arrow_horizontal_lock	
nerd	󰁍	md-arrow_left	
nerd	󰜱	md-arrow_left_bold	
nerd	󰜲	md-arrow_left_bold_box	
nerd	󰜳	md-arrow_left_bold_box_outline	
nerd	󰁏	md-arrow_left_bold_circle	
nerd	󰁐	md-arrow_left_bold_circle_outline	
nerd	󰁑	md-arrow_left_bold_hexagon_outline	
nerd	󰧀	md-arrow_left_bold_outline	
nerd	󱞥	md-arrow_left_bottom	
nerd	󱞦	md-arrow_left_bottom_bold	
nerd	󰛁	md-arrow_left_box	
nerd	󰳝	md-arrow_left_circle	
nerd	󰳞	md-arrow_left_circle_outline	
nerd	󰁒	md-arrow_left_drop_circle	
nerd	󰁓	md-arrow_left_drop_circle_outline	
nerd	󰹳	md-arrow_left_right	
nerd	󰹴	md-arrow_left_right_bold	
nerd	󰧁	md-arrow_left_right_bold_outline	
nerd	󰁎	md-arrow_left_thick	
nerd	󱦱	md-arrow_left_thin	
nerd	󱖚	md-arrow_left_thin_circle_outline	
nerd	󱞧	md-arrow_left_top	
nerd	󱞨	md-arrow_left_top_bold	
nerd	󱡀	md-arrow_projectile	
nerd	󱠿	md-arrow_projectile_multiple	
nerd	󰁔	md-arrow_right	
nerd	󰜴	md-arrow_right_bold	
nerd	󰜵	md-arrow_right_bold_box	
nerd	󰜶	md-arrow_right_bold_box_outline	
nerd	󰁖	md-arrow_right_bold_circle	
nerd	󰁗	md-arrow_right_bold_circle_outline	
nerd	󰁘	md-arrow_right_bold_hexagon_outline	
nerd	󰧂	md-arrow_right_bold_outline	
nerd	󱞩	md-arrow_right_bottom	
nerd	󱞪	md-arrow_right_bottom_bold	
nerd	󰛂	md-arrow_right_box	
nerd	󰳟	md-arrow_right_circle	
nerd	󰳠	md-arrow_right_circle_outline	
nerd	󰁙	md-arrow_right_drop_circle	
nerd	󰁚	md-arrow_right_drop_circle_outline	
nerd	󰁕	md-arrow_right_thick	
nerd	󱦰	md-arrow_right_thin	
nerd	󱖘	md-arrow_right_thin_circle_outline	
nerd	󱞫	md-arrow_right_top	
nerd	󱞬	md-arrow_right_top_bold	
nerd	󰤻	md-arrow_split_horizontal	
nerd	󰤼	md-arrow_split_vertical	
nerd	󰁛	md-arrow_top_left	
nerd	󱥨	md-arrow_top_left_bold_box	
nerd	󱥩	md-arrow_top_left_bold_box_outline	
nerd	󰧃	md-arrow_top_left_bold_outline	
nerd	󰹵	md-arrow_top_left_bottom_right	
nerd	󰹶	md-arrow_top_left_bottom_right_bold	
nerd	󰧄	md-arrow_top_left_thick	
nerd	󱦵	md-arrow_top_left_thin	
nerd	󱖓	md-arrow_top_left_thin_circle_outline	
nerd	󰁜	md-arrow_top_right	
nerd	󱥪	md-arrow_top_right_bold_box	
nerd	󱥫	md-arrow_top_right_bold_box_outline	
nerd	󰧅	md-arrow_top_right_bold_outline	
nerd	󰹷	md-arrow_top_right_bottom_left	
nerd	󰹸	md-arrow_top_right_bottom_left_bold	
nerd	󰧆	md-arrow_top_right_thick	
nerd	󱦴	md-arrow_top_right_thin	
nerd	󱖔	md-arrow_top_right_thin_circle_outline	
nerd	󱞭	md-arrow_u_down_left	
nerd	󱞮	md-arrow_u_down_left_bold	
nerd	󱞯	md-arrow_u_down_right	
nerd	󱞰	md-arrow_u_down_right_bold	
nerd	󱞱	md-arrow_u_left_bottom	
nerd	󱞲	md-arrow_u_left_bottom_bold	
nerd	󱞳	md-arrow_u_left_top	
nerd	󱞴	md-arrow_u_left_top_bold	
nerd	󱞵	md-arrow_u_right_bottom	
nerd	󱞶	md-arrow_u_right_bottom_bold	
nerd	󱞷	md-arrow_u_right_top	
nerd	󱞸	md-arrow_u_right_top_bold	
nerd	󱞹	md-arrow_u_up_left	
nerd	󱞺	md-arrow_u_up_left_bold	
nerd	󱞻	md-arrow_u_up_right	
nerd	󱞼	md-arrow_u_up_right_bold	
nerd	󰁝	md-arrow_up	
nerd	󰜷	md-arrow_up_bold	
nerd	󰜸	md-arrow_up_bold_box	
nerd	󰜹	md-arrow_up_bold_box_outline	
nerd	󰁟	md-arrow_up_bold_circle	
nerd	󰁠	md-arrow_up_bold_circle_outline	
nerd	󰁡	md-arrow_up_bold_hexagon_outline	
nerd	󰧇	md-arrow_up_bold_outline	
nerd	󰛃	md-arrow_up_box	
nerd	󰳡	md-arrow_up_circle	
nerd	󰳢	md-arrow_up_circle_outline	
nerd	󰹹	md-arrow_up_down	
nerd	󰹺	md-arrow_up_down_bold	
nerd	󰧈	md-arrow_up_down_bold_outline	
nerd	󰁢	md-arrow_up_drop_circle	
nerd	󰁣	md-arrow_up_drop_circle_outline	
nerd	󱞽	md-arrow_up_left	
nerd	󱞾	md-arrow_up_left_bold	
nerd	󱞿	md-arrow_up_right	
nerd	󱟀	md-arrow_up_right_bold	
nerd	󰁞	md-arrow_up_thick	
nerd	󱦲	md-arrow_up_thin	
nerd	󱖗	md-arrow_up_thin_circle_outline	
nerd	󱅜	md-arrow_vertical_lock	
nerd	󰭛	md-artstation	
nerd	󰨤	md-aspect_ratio	
nerd	󰁤	md-assistant	
nerd	󰛄	md-asterisk	
nerd	󱨧	md-asterisk_circle_outline	
nerd	󰁥	md-at	
nerd	󰠄	md-atlassian	
nerd	󰵇	md-atm	
nerd	󰝨	md-atom	
nerd	󰹻	md-atom_variant	
nerd	󰁦	md-attachment	
nerd	󱫁	md-attachment_check	
nerd	󱧄	md-attachment_lock	
nerd	󱫂	md-attachment_minus	
nerd	󱫃	md-attachment_off	
nerd	󱫄	md-attachment_plus	
nerd	󱫅	md-attachment_remove	
nerd	󱡫	md-audio_input_rca	
nerd	󱡬	md-audio_input_stereo_minijack	
nerd	󱡭	md-audio_input_xlr	
nerd	󰤽	md-audio_video	
nerd	󱆶	md-audio_video_off	
nerd	󰡐	md-augmented_reality	
nerd	󱍾	md-auto_download	
nerd	󰁨	md-auto_fix	
nerd	󰁩	md-auto_upload	
nerd	󰁪	md-autorenew	
nerd	󱧧	md-autorenew_off	
nerd	󰁫	md-av_timer	
nerd	󰸏	md-aws	
nerd	󰣈	md-axe	
nerd	󱡂	md-axe_battle	
nerd	󰵈	md-axis	
nerd	󰵉	md-axis_arrow	
nerd	󱐎	md-axis_arrow_info	
nerd	󰵊	md-axis_arrow_lock	
nerd	󰵋	md-axis_lock	
nerd	󰵌	md-axis_x_arrow	
nerd	󰵍	md-axis_x_arrow_lock	
nerd	󰵎	md-axis_x_rotate_clockwise	
nerd	󰵏	md-axis_x_rotate_counterclockwise	
nerd	󰵐	md-axis_x_y_arrow_lock	
nerd	󰵑	md-axis_y_arrow	
nerd	󰵒	md-axis_y_arrow_lock	
nerd	󰵓	md-axis_y_rotate_clockwise	
nerd	󰵔	md-axis_y_rotate_counterclockwise	
nerd	󰵕	md-axis_z_arrow	
nerd	󰵖	md-axis_z_arrow_lock	
nerd	󰵗	md-axis_z_rotate_clockwise	
nerd	󰵘	md-axis_z_rotate_counterclockwise	
nerd	󰨥	md-babel	
nerd	󰁬	md-baby	
nerd	󰼹	md-baby_bottle	
nerd	󰼺	md-baby_bottle_outline	
nerd	󱏠	md-baby_buggy	
nerd	󰚏	md-baby_carriage	
nerd	󰾠	md-baby_carriage_off	
nerd	󰹼	md-baby_face	
nerd	󰹽	md-baby_face_outline	
nerd	󰁭	md-backburger	
nerd	󰁮	md-backspace	
nerd	󰭜	md-backspace_outline	
nerd	󰹾	md-backspace_reverse	
nerd	󰹿	md-backspace_reverse_outline	
nerd	󰁯	md-backup_restore	
nerd	󰻕	md-bacteria	
nerd	󰻖	md-bacteria_outline	
nerd	󰶧	md-badge_account	
nerd	󰶨	md-badge_account_alert	
nerd	󰶩	md-badge_account_alert_outline	
nerd	󰸍	md-badge_account_horizontal	
nerd	󰸎	md-badge_account_horizontal_outline	
nerd	󰶪	md-badge_account_outline	
nerd	󰡑	md-badminton	
nerd	󰼻	md-bag_carry_on	
nerd	󰵥	md-bag_carry_on_check	
nerd	󰼼	md-bag_carry_on_off	
nerd	󰼽	md-bag_checked	
nerd	󰸐	md-bag_personal	
nerd	󰸑	md-bag_personal_off	
nerd	󰸒	md-bag_personal_off_outline	
nerd	󰸓	md-bag_personal_outline	
nerd	󱖋	md-bag_suitcase	
nerd	󱖍	md-bag_suitcase_off	
nerd	󱖎	md-bag_suitcase_off_outline	
nerd	󱖌	md-bag_suitcase_outline	
nerd	󰼾	md-baguette	
nerd	󱠗	md-balcony	
nerd	󰨦	md-balloon	
nerd	󰧉	md-ballot	
nerd	󰧊	md-ballot_outline	
nerd	󰰹	md-ballot_recount	
nerd	󰰺	md-ballot_recount_outline	
nerd	󰶯	md-bandage	
nerd	󰁰	md-bank	
nerd	󱙕	md-bank_check	
nerd	󰶰	md-bank_minus	
nerd	󱙖	md-bank_off	
nerd	󱙗	md-bank_off_outline	
nerd	󰺀	md-bank_outline	
nerd	󰶱	md-bank_plus	
nerd	󰶲	md-bank_remove	
nerd	󰨧	md-bank_transfer	
nerd	󰨨	md-bank_transfer_in	
nerd	󰨩	md-bank_transfer_out	
nerd	󰁱	md-barcode	
nerd	󱈶	md-barcode_off	
nerd	󰁲	md-barcode_scan	
nerd	󰁳	md-barley	
nerd	󰭝	md-barley_off	
nerd	󰭞	md-barn	
nerd	󰁴	md-barrel	
nerd	󱨨	md-barrel_outline	
nerd	󰡒	md-baseball	
nerd	󰡓	md-baseball_bat	
nerd	󱗬	md-baseball_diamond	
nerd	󱗭	md-baseball_diamond_outline	
nerd	󱆃	md-bash	
nerd	󰁶	md-basket	
nerd	󱣥	md-basket_check	
nerd	󱣦	md-basket_check_outline	
nerd	󰁷	md-basket_fill	
nerd	󱔣	md-basket_minus	
nerd	󱔤	md-basket_minus_outline	
nerd	󱔥	md-basket_off	
nerd	󱔦	md-basket_off_outline	
nerd	󱆁	md-basket_outline	
nerd	󱔧	md-basket_plus	
nerd	󱔨	md-basket_plus_outline	
nerd	󱔩	md-basket_remove	
nerd	󱔪	md-basket_remove_outline	
nerd	󰁸	md-basket_unfill	
nerd	󰠆	md-basketball	
nerd	󰰻	md-basketball_hoop	
nerd	󰰼	md-basketball_hoop_outline	
nerd	󰭟	md-bat	
nerd	󱠘	md-bathtub	
nerd	󱠙	md-bathtub_outline	
nerd	󰁹	md-battery	
nerd	󰁺	md-battery_10	
nerd	󰤾	md-battery_10_bluetooth	
nerd	󰁻	md-battery_20	
nerd	󰤿	md-battery_20_bluetooth	
nerd	󰁼	md-battery_30	
nerd	󰥀	md-battery_30_bluetooth	
nerd	󰁽	md-battery_40	
nerd	󰥁	md-battery_40_bluetooth	
nerd	󰁾	md-battery_50	
nerd	󰥂	md-battery_50_bluetooth	
nerd	󰁿	md-battery_60	
nerd	󰥃	md-battery_60_bluetooth	
nerd	󰂀	md-battery_70	
nerd	󰥄	md-battery_70_bluetooth	
nerd	󰂁	md-battery_80	
nerd	󰥅	md-battery_80_bluetooth	
nerd	󰂂	md-battery_90	
nerd	󰥆	md-battery_90_bluetooth	
nerd	󰂃	md-battery_alert	
nerd	󰥇	md-battery_alert_bluetooth	
nerd	󱃌	md-battery_alert_variant	
nerd	󱃍	md-battery_alert_variant_outline	
nerd	󱟞	md-battery_arrow_down	
nerd	󱟟	md-battery_arrow_down_outline	
nerd	󱟠	md-battery_arrow_up	
nerd	󱟡	md-battery_arrow_up_outline	
nerd	󰥈	md-battery_bluetooth	
nerd	󰥉	md-battery_bluetooth_variant	
nerd	󰂄	md-battery_charging	
nerd	󰢜	md-battery_charging_10	
nerd	󰂅	md-battery_charging_100	
nerd	󰂆	md-battery_charging_20	
nerd	󰂇	md-battery_charging_30	
nerd	󰂈	md-battery_charging_40	
nerd	󰢝	md-battery_charging_50	
nerd	󰂉	md-battery_charging_60	
nerd	󰢞	md-battery_charging_70	
nerd	󰂊	md-battery_charging_80	
nerd	󰂋	md-battery_charging_90	
nerd	󱊦	md-battery_charging_high	
nerd	󱊤	md-battery_charging_low	
nerd	󱊥	md-battery_charging_medium	
nerd	󰢟	md-battery_charging_outline	
nerd	󰠇	md-battery_charging_wireless	
nerd	󰠈	md-battery_charging_wireless_10	
nerd	󰠉	md-battery_charging_wireless_20	
nerd	󰠊	md-battery_charging_wireless_30	
nerd	󰠋	md-battery_charging_wireless_40	
nerd	󰠌	md-battery_charging_wireless_50	
nerd	󰠍	md-battery_charging_wireless_60	
nerd	󰠎	md-battery_charging_wireless_70	
nerd	󰠏	md-battery_charging_wireless_80	
nerd	󰠐	md-battery_charging_wireless_90	
nerd	󰠑	md-battery_charging_wireless_alert	
nerd	󰠒	md-battery_charging_wireless_outline	
nerd	󱟢	md-battery_check	
nerd	󱟣	md-battery_check_outline	
nerd	󱧥	md-battery_clock	
nerd	󱧦	md-battery_clock_outline	
nerd	󱈏	md-battery_heart	
nerd	󱈐	md-battery_heart_outline	
nerd	󱈑	md-battery_heart_variant	
nerd	󱊣	md-battery_high	
nerd	󱞜	md-battery_lock	
nerd	󱞝	md-battery_lock_open	
nerd	󱊡	md-battery_low	
nerd	󱊢	md-battery_medium	
nerd	󱟤	md-battery_minus	
nerd	󱟥	md-battery_minus_outline	
nerd	󰂌	md-battery_minus_variant	
nerd	󰂍	md-battery_negative	
nerd	󱉝	md-battery_off	
nerd	󱉞	md-battery_off_outline	
nerd	󰂎	md-battery_outline	
nerd	󱟦	md-battery_plus	
nerd	󱟧	md-battery_plus_outline	
nerd	󰂏	md-battery_plus_variant	
nerd	󰂐	md-battery_positive	
nerd	󱟨	md-battery_remove	
nerd	󱟩	md-battery_remove_outline	
nerd	󱠴	md-battery_sync	
nerd	󱠵	md-battery_sync_outline	
nerd	󰂑	md-battery_unknown	
nerd	󰥊	md-battery_unknown_bluetooth	
nerd	󰂒	md-beach	
nerd	󰳪	md-beaker	
nerd	󱈩	md-beaker_alert	
nerd	󱈪	md-beaker_alert_outline	
nerd	󱈫	md-beaker_check	
nerd	󱈬	md-beaker_check_outline	
nerd	󱈭	md-beaker_minus	
nerd	󱈮	md-beaker_minus_outline	
nerd	󰚐	md-beaker_outline	
nerd	󱈯	md-beaker_plus	
nerd	󱈰	md-beaker_plus_outline	
nerd	󱈱	md-beaker_question	
nerd	󱈲	md-beaker_question_outline	
nerd	󱈳	md-beaker_remove	
nerd	󱈴	md-beaker_remove_outline	
nerd	󰋣	md-bed	
nerd	󰿔	md-bed_double	
nerd	󰿓	md-bed_double_outline	
nerd	󰢠	md-bed_empty	
nerd	󰿒	md-bed_king	
nerd	󰿑	md-bed_king_outline	
nerd	󰂙	md-bed_outline	
nerd	󰿐	md-bed_queen	
nerd	󰿛	md-bed_queen_outline	
nerd	󱁭	md-bed_single	
nerd	󱁮	md-bed_single_outline	
nerd	󰾡	md-bee	
nerd	󰾢	md-bee_flower	
nerd	󱏭	md-beehive_off_outline	
nerd	󱃎	md-beehive_outline	
nerd	󱓢	md-beekeeper	
nerd	󰂘	md-beer	
nerd	󱌌	md-beer_outline	
nerd	󰂚	md-bell	
nerd	󰵙	md-bell_alert	
nerd	󰺁	md-bell_alert_outline	
nerd	󱅫	md-bell_badge	
nerd	󰅸	md-bell_badge_outline	
nerd	󱏧	md-bell_cancel	
nerd	󱏨	md-bell_cancel_outline	
nerd	󱇥	md-bell_check	
nerd	󱇦	md-bell_check_outline	
nerd	󰵚	md-bell_circle	
nerd	󰵛	md-bell_circle_outline	
nerd	󱨩	md-bell_cog	
nerd	󱨪	md-bell_cog_outline	
nerd	󱏩	md-bell_minus	
nerd	󱏪	md-bell_minus_outline	
nerd	󰂛	md-bell_off	
nerd	󰪑	md-bell_off_outline	
nerd	󰂜	md-bell_outline	
nerd	󰂝	md-bell_plus	
nerd	󰪒	md-bell_plus_outline	
nerd	󱏫	md-bell_remove	
nerd	󱏬	md-bell_remove_outline	
nerd	󰂞	md-bell_ring	
nerd	󰂟	md-bell_ring_outline	
nerd	󰂠	md-bell_sleep	
nerd	󰪓	md-bell_sleep_outline	
nerd	󰂡	md-beta	
nerd	󰧋	md-betamax	
nerd	󰸔	md-biathlon	
nerd	󱂜	md-bicycle	
nerd	󱈵	md-bicycle_basket	
nerd	󱢜	md-bicycle_cargo	
nerd	󱖴	md-bicycle_electric	
nerd	󱗩	md-bicycle_penny_farthing	
nerd	󰂣	md-bike	
nerd	󱄟	md-bike_fast	
nerd	󱀐	md-billboard	
nerd	󰭡	md-billiards	
nerd	󰭢	md-billiards_rack	
nerd	󰂥	md-binoculars	
nerd	󰂦	md-bio	
nerd	󰂧	md-biohazard	
nerd	󱗆	md-bird	
nerd	󰂨	md-bitbucket	
nerd	󰠓	md-bitcoin	
nerd	󰂩	md-black_mesa	
nerd	󰳫	md-blender	
nerd	󱠚	md-blender_outline	
nerd	󰂫	md-blender_software	
nerd	󰂬	md-blinds	
nerd	󱨫	md-blinds_horizontal	
nerd	󱨬	md-blinds_horizontal_closed	
nerd	󱀑	md-blinds_open	
nerd	󱨭	md-blinds_vertical	
nerd	󱨮	md-blinds_vertical_closed	
nerd	󰂭	md-block_helper	
nerd	󰳬	md-blood_bag	
nerd	󰂯	md-bluetooth	
nerd	󰂰	md-bluetooth_audio	
nerd	󰂱	md-bluetooth_connect	
nerd	󰂲	md-bluetooth_off	
nerd	󰂳	md-bluetooth_settings	
nerd	󰂴	md-bluetooth_transfer	
nerd	󰂵	md-blur	
nerd	󰂶	md-blur_linear	
nerd	󰂷	md-blur_off	
nerd	󰂸	md-blur_radial	
nerd	󰶳	md-bolt	
nerd	󰚑	md-bomb	
nerd	󰛅	md-bomb_off	
nerd	󰂹	md-bone	
nerd	󱧠	md-bone_off	
nerd	󰂺	md-book	
nerd	󱎭	md-book_account	
nerd	󱎮	md-book_account_outline	
nerd	󱙼	md-book_alert	
nerd	󱙽	md-book_alert_outline	
nerd	󰘝	md-book_alphabet	
nerd	󱙾	md-book_arrow_down	
nerd	󱙿	md-book_arrow_down_outline	
nerd	󱚀	md-book_arrow_left	
nerd	󱚁	md-book_arrow_left_outline	
nerd	󱚂	md-book_arrow_right	
nerd	󱚃	md-book_arrow_right_outline	
nerd	󱚄	md-book_arrow_up	
nerd	󱚅	md-book_arrow_up_outline	
nerd	󱚆	md-book_cancel	
nerd	󱚇	md-book_cancel_outline	
nerd	󱓳	md-book_check	
nerd	󱓴	md-book_check_outline	
nerd	󱚈	md-book_clock	
nerd	󱚉	md-book_clock_outline	
nerd	󱚊	md-book_cog	
nerd	󱚋	md-book_cog_outline	
nerd	󰂢	md-book_cross	
nerd	󱚌	md-book_edit	
nerd	󱚍	md-book_edit_outline	
nerd	󱛉	md-book_education	
nerd	󱛊	md-book_education_outline	
nerd	󱨝	md-book_heart	
nerd	󱨞	md-book_heart_outline	
nerd	󱁯	md-book_information_variant	
nerd	󰞚	md-book_lock	
nerd	󰞛	md-book_lock_open	
nerd	󱚎	md-book_lock_open_outline	
nerd	󱚏	md-book_lock_outline	
nerd	󱚐	md-book_marker	
nerd	󱚑	md-book_marker_outline	
nerd	󰗙	md-book_minus	
nerd	󰪔	md-book_minus_multiple	
nerd	󰤋	md-book_minus_multiple_outline	
nerd	󱚒	md-book_minus_outline	
nerd	󰂻	md-book_multiple	
nerd	󰐶	md-book_multiple_outline	
nerd	󰁧	md-book_music	
nerd	󱚓	md-book_music_outline	
nerd	󱚔	md-book_off	
nerd	󱚕	md-book_off_outline	
nerd	󰂽	md-book_open	
nerd	󰂾	md-book_open_blank_variant	
nerd	󰭣	md-book_open_outline	
nerd	󰗚	md-book_open_page_variant	
nerd	󱗖	md-book_open_page_variant_outline	
nerd	󱓷	md-book_open_variant	
nerd	󰭤	md-book_outline	
nerd	󰺂	md-book_play	
nerd	󰺃	md-book_play_outline	
nerd	󰗛	md-book_plus	
nerd	󰪕	md-book_plus_multiple	
nerd	󰫞	md-book_plus_multiple_outline	
nerd	󱚖	md-book_plus_outline	
nerd	󱚗	md-book_refresh	
nerd	󱚘	md-book_refresh_outline	
nerd	󰪗	md-book_remove	
nerd	󰪖	md-book_remove_multiple	
nerd	󰓊	md-book_remove_multiple_outline	
nerd	󱚙	md-book_remove_outline	
nerd	󰺄	md-book_search	
nerd	󰺅	md-book_search_outline	
nerd	󱚚	md-book_settings	
nerd	󱚛	md-book_settings_outline	
nerd	󱚜	md-book_sync	
nerd	󱛈	md-book_sync_outline	
nerd	󰂿	md-book_variant	
nerd	󰂼	md-book_variant_multiple	
nerd	󰃀	md-bookmark	
nerd	󱥬	md-bookmark_box_multiple	
nerd	󱥭	md-bookmark_box_multiple_outline	
nerd	󰃁	md-bookmark_check	
nerd	󱍻	md-bookmark_check_outline	
nerd	󰧌	md-bookmark_minus	
nerd	󰧍	md-bookmark_minus_outline	
nerd	󰸕	md-bookmark_multiple	
nerd	󰸖	md-bookmark_multiple_outline	
nerd	󰃂	md-bookmark_music	
nerd	󱍹	md-bookmark_music_outline	
nerd	󰧎	md-bookmark_off	
nerd	󰧏	md-bookmark_off_outline	
nerd	󰃃	md-bookmark_outline	
nerd	󰃅	md-bookmark_plus	
nerd	󰃄	md-bookmark_plus_outline	
nerd	󰃆	md-bookmark_remove	
nerd	󱍺	md-bookmark_remove_outline	
nerd	󱉟	md-bookshelf	
nerd	󰺆	md-boom_gate	
nerd	󰺇	md-boom_gate_alert	
nerd	󰺈	md-boom_gate_alert_outline	
nerd	󰺉	md-boom_gate_arrow_down	
nerd	󰺊	md-boom_gate_arrow_down_outline	
nerd	󰺌	md-boom_gate_arrow_up	
nerd	󰺍	md-boom_gate_arrow_up_outline	
nerd	󰺋	md-boom_gate_outline	
nerd	󱟹	md-boom_gate_up	
nerd	󱟺	md-boom_gate_up_outline	
nerd	󰗜	md-boombox	
nerd	󱃏	md-boomerang	
nerd	󰛆	md-bootstrap	
nerd	󰃇	md-border_all	
nerd	󰢡	md-border_all_variant	
nerd	󰃈	md-border_bottom	
nerd	󰢢	md-border_bottom_variant	
nerd	󰃉	md-border_color	
nerd	󰃊	md-border_horizontal	
nerd	󰃋	md-border_inside	
nerd	󰃌	md-border_left	
nerd	󰢣	md-border_left_variant	
nerd	󰃍	md-border_none	
nerd	󰢤	md-border_none_variant	
nerd	󰃎	md-border_outside	
nerd	󰃏	md-border_right	
nerd	󰢥	md-border_right_variant	
nerd	󰃐	md-border_style	
nerd	󰃑	md-border_top	
nerd	󰢦	md-border_top_variant	
nerd	󰃒	md-border_vertical	
nerd	󱁰	md-bottle_soda	
nerd	󱁱	md-bottle_soda_classic	
nerd	󱍣	md-bottle_soda_classic_outline	
nerd	󱁲	md-bottle_soda_outline	
nerd	󱄮	md-bottle_tonic	
nerd	󱄯	md-bottle_tonic_outline	
nerd	󱄰	md-bottle_tonic_plus	
nerd	󱄱	md-bottle_tonic_plus_outline	
nerd	󱄲	md-bottle_tonic_skull	
nerd	󱄳	md-bottle_tonic_skull_outline	
nerd	󰡔	md-bottle_wine	
nerd	󱌐	md-bottle_wine_outline	
nerd	󱡁	md-bow_arrow	
nerd	󰙸	md-bow_tie	
nerd	󰊎	md-bowl	
nerd	󰘗	md-bowl_mix	
nerd	󰋤	md-bowl_mix_outline	
nerd	󰊩	md-bowl_outline	
nerd	󰃓	md-bowling	
nerd	󰃔	md-box	
nerd	󰃕	md-box_cutter	
nerd	󰭊	md-box_cutter_off	
nerd	󰘷	md-box_shadow	
nerd	󰭥	md-boxing_glove	
nerd	󰧐	md-braille	
nerd	󰧑	md-brain	
nerd	󰳮	md-bread_slice	
nerd	󰳯	md-bread_slice_outline	
nerd	󰘘	md-bridge	
nerd	󰃖	md-briefcase	
nerd	󰳰	md-briefcase_account	
nerd	󰳱	md-briefcase_account_outline	
nerd	󱪍	md-briefcase_arrow_left_right	
nerd	󱪎	md-briefcase_arrow_left_right_outline	
nerd	󱪏	md-briefcase_arrow_up_down	
nerd	󱪐	md-briefcase_arrow_up_down_outline	
nerd	󰃗	md-briefcase_check	
nerd	󱌞	md-briefcase_check_outline	
nerd	󱃐	md-briefcase_clock	
nerd	󱃑	md-briefcase_clock_outline	
nerd	󰃘	md-briefcase_download	
nerd	󰰽	md-briefcase_download_outline	
nerd	󰪘	md-briefcase_edit	
nerd	󰰾	md-briefcase_edit_outline	
nerd	󱟙	md-briefcase_eye	
nerd	󱟚	md-briefcase_eye_outline	
nerd	󰨪	md-briefcase_minus	
nerd	󰰿	md-briefcase_minus_outline	
nerd	󱙘	md-briefcase_off	
nerd	󱙙	md-briefcase_off_outline	
nerd	󰠔	md-briefcase_outline	
nerd	󰨫	md-briefcase_plus	
nerd	󰱀	md-briefcase_plus_outline	
nerd	󰨬	md-briefcase_remove	
nerd	󰱁	md-briefcase_remove_outline	
nerd	󰨭	md-briefcase_search	
nerd	󰱂	md-briefcase_search_outline	
nerd	󰃙	md-briefcase_upload	
nerd	󰱃	md-briefcase_upload_outline	
nerd	󱒔	md-briefcase_variant	
nerd	󱙚	md-briefcase_variant_off	
nerd	󱙛	md-briefcase_variant_off_outline	
nerd	󱒕	md-briefcase_variant_outline	
nerd	󰃚	md-brightness_1	
nerd	󰃛	md-brightness_2	
nerd	󰃜	md-brightness_3	
nerd	󰃝	md-brightness_4	
nerd	󰃞	md-brightness_5	
nerd	󰃟	md-brightness_6	
nerd	󰃠	md-brightness_7	
nerd	󰃡	md-brightness_auto	
nerd	󰳲	md-brightness_percent	
nerd	󱜠	md-broadcast	
nerd	󱜡	md-broadcast_off	
nerd	󰃢	md-broom	
nerd	󰃣	md-brush	
nerd	󱝱	md-brush_off	
nerd	󱨍	md-brush_outline	
nerd	󱠓	md-brush_variant	
nerd	󱐕	md-bucket	
nerd	󱐖	md-bucket_outline	
nerd	󰕸	md-buffet	
nerd	󰃤	md-bug	
nerd	󰨮	md-bug_check	
nerd	󰨯	md-bug_check_outline	
nerd	󰨰	md-bug_outline	
nerd	󰶴	md-bugle	
nerd	󱨯	md-bulkhead_light	
nerd	󰬢	md-bulldozer	
nerd	󰳳	md-bullet	
nerd	󰃥	md-bulletin_board	
nerd	󰃦	md-bullhorn	
nerd	󰬣	md-bullhorn_outline	
nerd	󱥮	md-bullhorn_variant	
nerd	󱥯	md-bullhorn_variant_outline	
nerd	󰗝	md-bullseye	
nerd	󰣉	md-bullseye_arrow	
nerd	󱋧	md-bulma	
nerd	󱌂	md-bunk_bed	
nerd	󰂗	md-bunk_bed_outline	
nerd	󰃧	md-bus	
nerd	󰪙	md-bus_alert	
nerd	󰞜	md-bus_articulated_end	
nerd	󰞝	md-bus_articulated_front	
nerd	󰣊	md-bus_clock	
nerd	󰞞	md-bus_double_decker	
nerd	󱤝	md-bus_electric	
nerd	󱈒	md-bus_marker	
nerd	󰼿	md-bus_multiple	
nerd	󰞟	md-bus_school	
nerd	󰞠	md-bus_side	
nerd	󱀒	md-bus_stop	
nerd	󱀓	md-bus_stop_covered	
nerd	󱀔	md-bus_stop_uncovered	
nerd	󱖉	md-butterfly	
nerd	󱖊	md-butterfly_outline	
nerd	󱢌	md-cabin_a_frame	
nerd	󱎔	md-cable_data	
nerd	󰃨	md-cached	
nerd	󰶵	md-cactus	
nerd	󰃩	md-cake	
nerd	󰃪	md-cake_layered	
nerd	󰃫	md-cake_variant	
nerd	󱟰	md-cake_variant_outline	
nerd	󰃬	md-calculator	
nerd	󰪚	md-calculator_variant	
nerd	󱖦	md-calculator_variant_outline	
nerd	󰃭	md-calendar	
nerd	󰻗	md-calendar_account	
nerd	󰻘	md-calendar_account_outline	
nerd	󰨱	md-calendar_alert	
nerd	󱄴	md-calendar_arrow_left	
nerd	󱄵	md-calendar_arrow_right	
nerd	󰃮	md-calendar_blank	
nerd	󱁳	md-calendar_blank_multiple	
nerd	󰭦	md-calendar_blank_outline	
nerd	󰃯	md-calendar_check	
nerd	󰱄	md-calendar_check_outline	
nerd	󰃰	md-calendar_clock	
nerd	󱛡	md-calendar_clock_outline	
nerd	󱢝	md-calendar_collapse_horizontal	
nerd	󱕻	md-calendar_cursor	
nerd	󰢧	md-calendar_edit	
nerd	󱙬	md-calendar_end	
nerd	󱢞	md-calendar_expand_horizontal	
nerd	󰬤	md-calendar_export	
nerd	󰧒	md-calendar_heart	
nerd	󰬥	md-calendar_import	
nerd	󱙁	md-calendar_lock	
nerd	󱙂	md-calendar_lock_outline	
nerd	󰵜	md-calendar_minus	
nerd	󰸗	md-calendar_month	
nerd	󰸘	md-calendar_month_outline	
nerd	󰃱	md-calendar_multiple	
nerd	󰃲	md-calendar_multiple_check	
nerd	󰨲	md-calendar_multiselect	
nerd	󰭧	md-calendar_outline	
nerd	󰃳	md-calendar_plus	
nerd	󰚒	md-calendar_question	
nerd	󰙹	md-calendar_range	
nerd	󰭨	md-calendar_range_outline	
nerd	󰇡	md-calendar_refresh	
nerd	󰈃	md-calendar_refresh_outline	
nerd	󰃴	md-calendar_remove	
nerd	󰱅	md-calendar_remove_outline	
nerd	󰥌	md-calendar_search	
nerd	󰧓	md-calendar_star	
nerd	󱙭	md-calendar_start	
nerd	󰺎	md-calendar_sync	
nerd	󰺏	md-calendar_sync_outline	
nerd	󰃵	md-calendar_text	
nerd	󰱆	md-calendar_text_outline	
nerd	󰃶	md-calendar_today	
nerd	󱨰	md-calendar_today_outline	
nerd	󰨳	md-calendar_week	
nerd	󰨴	md-calendar_week_begin	
nerd	󱨱	md-calendar_week_begin_outline	
nerd	󱨲	md-calendar_week_end	
nerd	󱨳	md-calendar_week_end_outline	
nerd	󱨴	md-calendar_week_outline	
nerd	󰻙	md-calendar_weekend	
nerd	󰻚	md-calendar_weekend_outline	
nerd	󰃷	md-call_made	
nerd	󰃸	md-call_merge	
nerd	󰃹	md-call_missed	
nerd	󰃺	md-call_received	
nerd	󰃻	md-call_split	
nerd	󰃼	md-camcorder	
nerd	󰃿	md-camcorder_off	
nerd	󰄀	md-camera	
nerd	󰣋	md-camera_account	
nerd	󰚓	md-camera_burst	
nerd	󰭩	md-camera_control	
nerd	󱡱	md-camera_document	
nerd	󱡲	md-camera_document_off	
nerd	󰄁	md-camera_enhance	
nerd	󰭪	md-camera_enhance_outline	
nerd	󱗙	md-camera_flip	
nerd	󱗚	md-camera_flip_outline	
nerd	󰄂	md-camera_front	
nerd	󰄃	md-camera_front_variant	
nerd	󰞡	md-camera_gopro	
nerd	󰣌	md-camera_image	
nerd	󰄄	md-camera_iris	
nerd	󱨔	md-camera_lock	
nerd	󱨕	md-camera_lock_outline	
nerd	󱦧	md-camera_marker	
nerd	󱦨	md-camera_marker_outline	
nerd	󰞢	md-camera_metering_center	
nerd	󰞣	md-camera_metering_matrix	
nerd	󰞤	md-camera_metering_partial	
nerd	󰞥	md-camera_metering_spot	
nerd	󰗟	md-camera_off	
nerd	󱦿	md-camera_off_outline	
nerd	󰵝	md-camera_outline	
nerd	󰄅	md-camera_party_mode	
nerd	󰻛	md-camera_plus	
nerd	󰻜	md-camera_plus_outline	
nerd	󰄆	md-camera_rear	
nerd	󰄇	md-camera_rear_variant	
nerd	󰸙	md-camera_retake	
nerd	󰸚	md-camera_retake_outline	
nerd	󰄈	md-camera_switch	
nerd	󰡊	md-camera_switch_outline	
nerd	󰄉	md-camera_timer	
nerd	󰶶	md-camera_wireless	
nerd	󰶷	md-camera_wireless_outline	
nerd	󰻝	md-campfire	
nerd	󰜺	md-cancel	
nerd	󱟒	md-candelabra	
nerd	󱟓	md-candelabra_fire	
nerd	󰗢	md-candle	
nerd	󱥰	md-candy	
nerd	󱥱	md-candy_off	
nerd	󱥲	md-candy_off_outline	
nerd	󱥳	md-candy_outline	
nerd	󰄊	md-candycane	
nerd	󰞦	md-cannabis	
nerd	󱙮	md-cannabis_off	
nerd	󰪛	md-caps_lock	
nerd	󰄋	md-car	
nerd	󱀕	md-car_2_plus	
nerd	󱀖	md-car_3_plus	
nerd	󱎲	md-car_arrow_left	
nerd	󱎳	md-car_arrow_right	
nerd	󰸛	md-car_back	
nerd	󰄌	md-car_battery	
nerd	󰱇	md-car_brake_abs	
nerd	󰱈	md-car_brake_alert	
nerd	󱤉	md-car_brake_fluid_level	
nerd	󰵞	md-car_brake_hold	
nerd	󱤊	md-car_brake_low_pressure	
nerd	󰵟	md-car_brake_parking	
nerd	󱀗	md-car_brake_retarder	
nerd	󱤋	md-car_brake_temperature	
nerd	󱤌	md-car_brake_worn_linings	
nerd	󰾣	md-car_child_seat	
nerd	󱥴	md-car_clock	
nerd	󱀘	md-car_clutch	
nerd	󱏌	md-car_cog	
nerd	󰄍	md-car_connected	
nerd	󰞧	md-car_convertible	
nerd	󱀙	md-car_coolant_level	
nerd	󰵠	md-car_cruise_control	
nerd	󰵡	md-car_defrost_front	
nerd	󰵢	md-car_defrost_rear	
nerd	󰭫	md-car_door	
nerd	󱂝	md-car_door_lock	
nerd	󰭬	md-car_electric	
nerd	󱖵	md-car_electric_outline	
nerd	󱘏	md-car_emergency	
nerd	󰱉	md-car_esp	
nerd	󰞨	md-car_estate	
nerd	󰞩	md-car_hatchback	
nerd	󱆾	md-car_info	
nerd	󰭭	md-car_key	
nerd	󱔭	md-car_lifted_pickup	
nerd	󱤍	md-car_light_alert	
nerd	󰱊	md-car_light_dimmed	
nerd	󰱋	md-car_light_fog	
nerd	󰱌	md-car_light_high	
nerd	󰣍	md-car_limousine	
nerd	󰭮	md-car_multiple	
nerd	󰸜	md-car_off	
nerd	󱓭	md-car_outline	
nerd	󰵣	md-car_parking_lights	
nerd	󰞪	md-car_pickup	
nerd	󰾤	md-car_seat	
nerd	󰾥	md-car_seat_cooler	
nerd	󰾦	md-car_seat_heater	
nerd	󱡹	md-car_select	
nerd	󱏍	md-car_settings	
nerd	󰽀	md-car_shift_pattern	
nerd	󰞫	md-car_side	
nerd	󱤎	md-car_speed_limiter	
nerd	󰞬	md-car_sports	
nerd	󰱍	md-car_tire_alert	
nerd	󰵤	md-car_traction_control	
nerd	󱀚	md-car_turbocharger	
nerd	󰄎	md-car_wash	
nerd	󱀛	md-car_windshield	
nerd	󱀜	md-car_windshield_outline	
nerd	󱡸	md-car_wireless	
nerd	󱠔	md-car_wrench	
nerd	󱓀	md-carabiner	
nerd	󰞭	md-caravan	
nerd	󰭯	md-card	
nerd	󰗒	md-card_account_details	
nerd	󰶫	md-card_account_details_outline	
nerd	󰊣	md-card_account_details_star	
nerd	󰛛	md-card_account_details_star_outline	
nerd	󰆎	md-card_account_mail	
nerd	󰺘	md-card_account_mail_outline	
nerd	󰺙	md-card_account_phone	
nerd	󰺚	md-card_account_phone_outline	
nerd	󰭰	md-card_bulleted	
nerd	󰭱	md-card_bulleted_off	
nerd	󰭲	md-card_bulleted_off_outline	
nerd	󰭳	md-card_bulleted_outline	
nerd	󰭴	md-card_bulleted_settings	
nerd	󰭵	md-card_bulleted_settings_outline	
nerd	󱘀	md-card_minus	
nerd	󱘁	md-card_minus_outline	
nerd	󱟱	md-card_multiple	
nerd	󱟲	md-card_multiple_outline	
nerd	󱘂	md-card_off	
nerd	󱘃	md-card_off_outline	
nerd	󰭶	md-card_outline	
nerd	󱇿	md-card_plus	
nerd	󱈀	md-card_plus_outline	
nerd	󱘄	md-card_remove	
nerd	󱘅	md-card_remove_outline	
nerd	󱁴	md-card_search	
nerd	󱁵	md-card_search_outline	
nerd	󰭷	md-card_text	
nerd	󰭸	md-card_text_outline	
nerd	󰘸	md-cards	
nerd	󰣎	md-cards_club	
nerd	󱢟	md-cards_club_outline	
nerd	󰣏	md-cards_diamond	
nerd	󱀝	md-cards_diamond_outline	
nerd	󰣐	md-cards_heart	
nerd	󱢠	md-cards_heart_outline	
nerd	󰘹	md-cards_outline	
nerd	󱢡	md-cards_playing	
nerd	󱢢	md-cards_playing_club	
nerd	󱢣	md-cards_playing_club_multiple	
nerd	󱢤	md-cards_playing_club_multiple_outline	
nerd	󱢥	md-cards_playing_club_outline	
nerd	󱢦	md-cards_playing_diamond	
nerd	󱢧	md-cards_playing_diamond_multiple	
nerd	󱢨	md-cards_playing_diamond_multiple_outline	
nerd	󱢩	md-cards_playing_diamond_outline	
nerd	󱢪	md-cards_playing_heart	
nerd	󱢫	md-cards_playing_heart_multiple	
nerd	󱢬	md-cards_playing_heart_multiple_outline	
nerd	󱢭	md-cards_playing_heart_outline	
nerd	󰘺	md-cards_playing_outline	
nerd	󱢮	md-cards_playing_spade	
nerd	󱢯	md-cards_playing_spade_multiple	
nerd	󱢰	md-cards_playing_spade_multiple_outline	
nerd	󱢱	md-cards_playing_spade_outline	
nerd	󰣑	md-cards_spade	
nerd	󱢲	md-cards_spade_outline	
nerd	󰛇	md-cards_variant	
nerd	󰄏	md-carrot	
nerd	󰄐	md-cart	
nerd	󰵦	md-cart_arrow_down	
nerd	󰱎	md-cart_arrow_right	
nerd	󰵧	md-cart_arrow_up	
nerd	󱗪	md-cart_check	
nerd	󱣠	md-cart_heart	
nerd	󰵨	md-cart_minus	
nerd	󰙫	md-cart_off	
nerd	󰄑	md-cart_outline	
nerd	󰄒	md-cart_plus	
nerd	󰵩	md-cart_remove	
nerd	󱗫	md-cart_variant	
nerd	󰄓	md-case_sensitive_alt	
nerd	󰄔	md-cash	
nerd	󰄕	md-cash_100	
nerd	󱓮	md-cash_check	
nerd	󱪑	md-cash_clock	
nerd	󱡜	md-cash_fast	
nerd	󱓪	md-cash_lock	
nerd	󱓫	md-cash_lock_open	
nerd	󰶸	md-cash_marker	
nerd	󱉠	md-cash_minus	
nerd	󰄖	md-cash_multiple	
nerd	󱉡	md-cash_plus	
nerd	󰪜	md-cash_refund	
nerd	󰳴	md-cash_register	
nerd	󱉢	md-cash_remove	
nerd	󱪒	md-cash_sync	
nerd	󰧔	md-cassette	
nerd	󰄘	md-cast	
nerd	󱀞	md-cast_audio	
nerd	󱝉	md-cast_audio_variant	
nerd	󰄙	md-cast_connected	
nerd	󰸝	md-cast_education	
nerd	󰞊	md-cast_off	
nerd	󰀟	md-cast_variant	
nerd	󰄚	md-castle	
nerd	󰄛	md-cat	
nerd	󰞮	md-cctv	
nerd	󱡟	md-cctv_off	
nerd	󱞗	md-ceiling_fan	
nerd	󱞘	md-ceiling_fan_light	
nerd	󰝩	md-ceiling_light	
nerd	󱣝	md-ceiling_light_multiple	
nerd	󱣞	md-ceiling_light_multiple_outline	
nerd	󱟇	md-ceiling_light_outline	
nerd	󰄜	md-cellphone	
nerd	󰧕	md-cellphone_arrow_down	
nerd	󱧅	md-cellphone_arrow_down_variant	
nerd	󰄞	md-cellphone_basic	
nerd	󱎗	md-cellphone_charging	
nerd	󱟽	md-cellphone_check	
nerd	󰥑	md-cellphone_cog	
nerd	󰄟	md-cellphone_dock	
nerd	󰽁	md-cellphone_information	
nerd	󰥎	md-cellphone_key	
nerd	󰄡	md-cellphone_link	
nerd	󰄢	md-cellphone_link_off	
nerd	󰥏	md-cellphone_lock	
nerd	󱠺	md-cellphone_marker	
nerd	󰣓	md-cellphone_message	
nerd	󱃒	md-cellphone_message_off	
nerd	󰺐	md-cellphone_nfc	
nerd	󱋘	md-cellphone_nfc_off	
nerd	󰥐	md-cellphone_off	
nerd	󱀟	md-cellphone_play	
nerd	󰥍	md-cellphone_remove	
nerd	󰨵	md-cellphone_screenshot	
nerd	󰄣	md-cellphone_settings	
nerd	󰥒	md-cellphone_sound	
nerd	󰣒	md-cellphone_text	
nerd	󰠕	md-cellphone_wireless	
nerd	󱄚	md-centos	
nerd	󰄤	md-certificate	
nerd	󱆈	md-certificate_outline	
nerd	󰽈	md-chair_rolling	
nerd	󰄥	md-chair_school	
nerd	󱞓	md-chandelier	
nerd	󰱏	md-charity	
nerd	󰄦	md-chart_arc	
nerd	󰄧	md-chart_areaspline	
nerd	󰺑	md-chart_areaspline_variant	
nerd	󰄨	md-chart_bar	
nerd	󰝪	md-chart_bar_stacked	
nerd	󰱐	md-chart_bell_curve	
nerd	󰾧	md-chart_bell_curve_cumulative	
nerd	󱕍	md-chart_box	
nerd	󱕎	md-chart_box_outline	
nerd	󱕏	md-chart_box_plus_outline	
nerd	󰗣	md-chart_bubble	
nerd	󰞯	md-chart_donut	
nerd	󰞰	md-chart_donut_variant	
nerd	󰙬	md-chart_gantt	
nerd	󰄩	md-chart_histogram	
nerd	󰄪	md-chart_line	
nerd	󰝫	md-chart_line_stacked	
nerd	󰞱	md-chart_line_variant	
nerd	󰣔	md-chart_multiline	
nerd	󱈓	md-chart_multiple	
nerd	󰄫	md-chart_pie	
nerd	󱎀	md-chart_ppf	
nerd	󱇟	md-chart_sankey	
nerd	󱇠	md-chart_sankey_variant	
nerd	󰺒	md-chart_scatter_plot	
nerd	󰙭	md-chart_scatter_plot_hexbin	
nerd	󰙮	md-chart_timeline	
nerd	󰺓	md-chart_timeline_variant	
nerd	󱖶	md-chart_timeline_variant_shimmer	
nerd	󰺔	md-chart_tree	
nerd	󱤘	md-chart_waterfall	
nerd	󰭹	md-chat	
nerd	󰭺	md-chat_alert	
nerd	󱋉	md-chat_alert_outline	
nerd	󱐐	md-chat_minus	
nerd	󱐓	md-chat_minus_outline	
nerd	󰻞	md-chat_outline	
nerd	󱐏	md-chat_plus	
nerd	󱐒	md-chat_plus_outline	
nerd	󰭻	md-chat_processing	
nerd	󱋊	md-chat_processing_outline	
nerd	󱜸	md-chat_question	
nerd	󱜹	md-chat_question_outline	
nerd	󱐑	md-chat_remove	
nerd	󱐔	md-chat_remove_outline	
nerd	󱋑	md-chat_sleep	
nerd	󱋒	md-chat_sleep_outline	
nerd	󰄬	md-check	
nerd	󰄭	md-check_all	
nerd	󰸞	md-check_bold	
nerd	󰗠	md-check_circle	
nerd	󰗡	md-check_circle_outline	
nerd	󰞑	md-check_decagram	
nerd	󱝀	md-check_decagram_outline	
nerd	󰱓	md-check_network	
nerd	󰱔	md-check_network_outline	
nerd	󰡕	md-check_outline	
nerd	󰸟	md-check_underline	
nerd	󰸠	md-check_underline_circle	
nerd	󰸡	md-check_underline_circle_outline	
nerd	󰪝	md-checkbook	
nerd	󰄮	md-checkbox_blank	
nerd	󱅶	md-checkbox_blank_badge	
nerd	󰄗	md-checkbox_blank_badge_outline	
nerd	󰄯	md-checkbox_blank_circle	
nerd	󰄰	md-checkbox_blank_circle_outline	
nerd	󱋬	md-checkbox_blank_off	
nerd	󱋭	md-checkbox_blank_off_outline	
nerd	󰄱	md-checkbox_blank_outline	
nerd	󰡖	md-checkbox_intermediate	
nerd	󰄲	md-checkbox_marked	
nerd	󰄳	md-checkbox_marked_circle	
nerd	󰄴	md-checkbox_marked_circle_outline	
nerd	󱤧	md-checkbox_marked_circle_plus_outline	
nerd	󰄵	md-checkbox_marked_outline	
nerd	󰄶	md-checkbox_multiple_blank	
nerd	󰘻	md-checkbox_multiple_blank_circle	
nerd	󰘼	md-checkbox_multiple_blank_circle_outline	
nerd	󰄷	md-checkbox_multiple_blank_outline	
nerd	󰄸	md-checkbox_multiple_marked	
nerd	󰘽	md-checkbox_multiple_marked_circle	
nerd	󰘾	md-checkbox_multiple_marked_circle_outline	
nerd	󰄹	md-checkbox_multiple_marked_outline	
nerd	󰱑	md-checkbox_multiple_outline	
nerd	󰱒	md-checkbox_outline	
nerd	󰄺	md-checkerboard	
nerd	󱈂	md-checkerboard_minus	
nerd	󱈁	md-checkerboard_plus	
nerd	󱈃	md-checkerboard_remove	
nerd	󱊹	md-cheese	
nerd	󱏮	md-cheese_off	
nerd	󰭼	md-chef_hat	
nerd	󰄻	md-chemical_weapon	
nerd	󰡜	md-chess_bishop	
nerd	󰡗	md-chess_king	
nerd	󰡘	md-chess_knight	
nerd	󰡙	md-chess_pawn	
nerd	󰡚	md-chess_queen	
nerd	󰡛	md-chess_rook	
nerd	󰄼	md-chevron_double_down	
nerd	󰄽	md-chevron_double_left	
nerd	󰄾	md-chevron_double_right	
nerd	󰄿	md-chevron_double_up	
nerd	󰅀	md-chevron_down	
nerd	󰧖	md-chevron_down_box	
nerd	󰧗	md-chevron_down_box_outline	
nerd	󰬦	md-chevron_down_circle	
nerd	󰬧	md-chevron_down_circle_outline	
nerd	󰅁	md-chevron_left	
nerd	󰧘	md-chevron_left_box	
nerd	󰧙	md-chevron_left_box_outline	
nerd	󰬨	md-chevron_left_circle	
nerd	󰬩	md-chevron_left_circle_outline	
nerd	󰅂	md-chevron_right	
nerd	󰧚	md-chevron_right_box	
nerd	󰧛	md-chevron_right_box_outline	
nerd	󰬪	md-chevron_right_circle	
nerd	󰬫	md-chevron_right_circle_outline	
nerd	󰶹	md-chevron_triple_down	
nerd	󰶺	md-chevron_triple_left	
nerd	󰶻	md-chevron_triple_right	
nerd	󰶼	md-chevron_triple_up	
nerd	󰅃	md-chevron_up	
nerd	󰧜	md-chevron_up_box	
nerd	󰧝	md-chevron_up_box_outline	
nerd	󰬬	md-chevron_up_circle	
nerd	󰬭	md-chevron_up_circle_outline	
nerd	󱟪	md-chili_alert	
nerd	󱟫	md-chili_alert_outline	
nerd	󰞲	md-chili_hot	
nerd	󱟬	md-chili_hot_outline	
nerd	󰞳	md-chili_medium	
nerd	󱟭	md-chili_medium_outline	
nerd	󰞴	md-chili_mild	
nerd	󱟮	md-chili_mild_outline	
nerd	󱑧	md-chili_off	
nerd	󱟯	md-chili_off_outline	
nerd	󰘚	md-chip	
nerd	󰅄	md-church	
nerd	󱆉	md-cigar	
nerd	󱐛	md-cigar_off	
nerd	󰝥	md-circle	
nerd	󱗜	md-circle_box	
nerd	󱗝	md-circle_box_outline	
nerd	󰺕	md-circle_double	
nerd	󰣕	md-circle_edit_outline	
nerd	󰺖	md-circle_expand	
nerd	󱎕	md-circle_half	
nerd	󱎖	md-circle_half_full	
nerd	󰧞	md-circle_medium	
nerd	󰬸	md-circle_multiple	
nerd	󰚕	md-circle_multiple_outline	
nerd	󱃓	md-circle_off_outline	
nerd	󱡓	md-circle_opacity	
nerd	󰝦	md-circle_outline	
nerd	󰪞	md-circle_slice_1	
nerd	󰪟	md-circle_slice_2	
nerd	󰪠	md-circle_slice_3	
nerd	󰪡	md-circle_slice_4	
nerd	󰪢	md-circle_slice_5	
nerd	󰪣	md-circle_slice_6	
nerd	󰪤	md-circle_slice_7	
nerd	󰪥	md-circle_slice_8	
nerd	󰧟	md-circle_small	
nerd	󰸢	md-circular_saw	
nerd	󰅆	md-city	
nerd	󰨶	md-city_variant	
nerd	󰨷	md-city_variant_outline	
nerd	󰅇	md-clipboard	
nerd	󰅈	md-clipboard_account	
nerd	󰱕	md-clipboard_account_outline	
nerd	󰅉	md-clipboard_alert	
nerd	󰳷	md-clipboard_alert_outline	
nerd	󰅊	md-clipboard_arrow_down	
nerd	󰱖	md-clipboard_arrow_down_outline	
nerd	󰅋	md-clipboard_arrow_left	
nerd	󰳸	md-clipboard_arrow_left_outline	
nerd	󰳹	md-clipboard_arrow_right	
nerd	󰳺	md-clipboard_arrow_right_outline	
nerd	󰱗	md-clipboard_arrow_up	
nerd	󰱘	md-clipboard_arrow_up_outline	
nerd	󰅎	md-clipboard_check	
nerd	󱉣	md-clipboard_check_multiple	
nerd	󱉤	md-clipboard_check_multiple_outline	
nerd	󰢨	md-clipboard_check_outline	
nerd	󱛢	md-clipboard_clock	
nerd	󱛣	md-clipboard_clock_outline	
nerd	󱓥	md-clipboard_edit	
nerd	󱓦	md-clipboard_edit_outline	
nerd	󱉥	md-clipboard_file	
nerd	󱉦	md-clipboard_file_outline	
nerd	󰛈	md-clipboard_flow	
nerd	󱄗	md-clipboard_flow_outline	
nerd	󱃔	md-clipboard_list	
nerd	󱃕	md-clipboard_list_outline	
nerd	󱘘	md-clipboard_minus	
nerd	󱘙	md-clipboard_minus_outline	
nerd	󱉧	md-clipboard_multiple	
nerd	󱉨	md-clipboard_multiple_outline	
nerd	󱘚	md-clipboard_off	
nerd	󱘛	md-clipboard_off_outline	
nerd	󰅌	md-clipboard_outline	
nerd	󰱙	md-clipboard_play	
nerd	󱉩	md-clipboard_play_multiple	
nerd	󱉪	md-clipboard_play_multiple_outline	
nerd	󰱚	md-clipboard_play_outline	
nerd	󰝑	md-clipboard_plus	
nerd	󱌟	md-clipboard_plus_outline	
nerd	󰡝	md-clipboard_pulse	
nerd	󰡞	md-clipboard_pulse_outline	
nerd	󱘜	md-clipboard_remove	
nerd	󱘝	md-clipboard_remove_outline	
nerd	󱘞	md-clipboard_search	
nerd	󱘟	md-clipboard_search_outline	
nerd	󰅍	md-clipboard_text	
nerd	󱣹	md-clipboard_text_clock	
nerd	󱣺	md-clipboard_text_clock_outline	
nerd	󱉫	md-clipboard_text_multiple	
nerd	󱉬	md-clipboard_text_multiple_outline	
nerd	󱘠	md-clipboard_text_off	
nerd	󱘡	md-clipboard_text_off_outline	
nerd	󰨸	md-clipboard_text_outline	
nerd	󰱛	md-clipboard_text_play	
nerd	󰱜	md-clipboard_text_play_outline	
nerd	󱘢	md-clipboard_text_search	
nerd	󱘣	md-clipboard_text_search_outline	
nerd	󰅏	md-clippy	
nerd	󰥔	md-clock	
nerd	󰥕	md-clock_alert	
nerd	󰗎	md-clock_alert_outline	
nerd	󰾨	md-clock_check	
nerd	󰾩	md-clock_check_outline	
nerd	󰺗	md-clock_digital	
nerd	󱦺	md-clock_edit	
nerd	󱦻	md-clock_edit_outline	
nerd	󰅑	md-clock_end	
nerd	󰅒	md-clock_fast	
nerd	󰅓	md-clock_in	
nerd	󱡣	md-clock_minus	
nerd	󱡤	md-clock_minus_outline	
nerd	󰅔	md-clock_out	
nerd	󰅐	md-clock_outline	
nerd	󱡡	md-clock_plus	
nerd	󱡢	md-clock_plus_outline	
nerd	󱡥	md-clock_remove	
nerd	󱡦	md-clock_remove_outline	
nerd	󰅕	md-clock_start	
nerd	󱑆	md-clock_time_eight	
nerd	󱑒	md-clock_time_eight_outline	
nerd	󱑉	md-clock_time_eleven	
nerd	󱑕	md-clock_time_eleven_outline	
nerd	󱑃	md-clock_time_five	
nerd	󱑏	md-clock_time_five_outline	
nerd	󱑂	md-clock_time_four	
nerd	󱑎	md-clock_time_four_outline	
nerd	󱑇	md-clock_time_nine	
nerd	󱑓	md-clock_time_nine_outline	
nerd	󱐿	md-clock_time_one	
nerd	󱑋	md-clock_time_one_outline	
nerd	󱑅	md-clock_time_seven	
nerd	󱑑	md-clock_time_seven_outline	
nerd	󱑄	md-clock_time_six	
nerd	󱑐	md-clock_time_six_outline	
nerd	󱑈	md-clock_time_ten	
nerd	󱑔	md-clock_time_ten_outline	
nerd	󱑁	md-clock_time_three	
nerd	󱑍	md-clock_time_three_outline	
nerd	󱑊	md-clock_time_twelve	
nerd	󱑖	md-clock_time_twelve_outline	
nerd	󱑀	md-clock_time_two	
nerd	󱑌	md-clock_time_two_outline	
nerd	󰅖	md-close	
nerd	󰅗	md-close_box	
nerd	󰱝	md-close_box_multiple	
nerd	󰱞	md-close_box_multiple_outline	
nerd	󰅘	md-close_box_outline	
nerd	󰅙	md-close_circle	
nerd	󰘪	md-close_circle_multiple	
nerd	󰢃	md-close_circle_multiple_outline	
nerd	󰅚	md-close_circle_outline	
nerd	󰅛	md-close_network	
nerd	󰱟	md-close_network_outline	
nerd	󰅜	md-close_octagon	
nerd	󰅝	md-close_octagon_outline	
nerd	󰛉	md-close_outline	
nerd	󱎘	md-close_thick	
nerd	󰅞	md-closed_caption	
nerd	󰶽	md-closed_caption_outline	
nerd	󰅟	md-cloud	
nerd	󰧠	md-cloud_alert	
nerd	󰞵	md-cloud_braces	
nerd	󰅠	md-cloud_check	
nerd	󱋌	md-cloud_check_outline	
nerd	󰅡	md-cloud_circle	
nerd	󰅢	md-cloud_download	
nerd	󰭽	md-cloud_download_outline	
nerd	󱇱	md-cloud_lock	
nerd	󱇲	md-cloud_lock_outline	
nerd	󰅤	md-cloud_off_outline	
nerd	󰅣	md-cloud_outline	
nerd	󱨵	md-cloud_percent	
nerd	󱨶	md-cloud_percent_outline	
nerd	󰅥	md-cloud_print	
nerd	󰅦	md-cloud_print_outline	
nerd	󰨹	md-cloud_question	
nerd	󰔪	md-cloud_refresh	
nerd	󰥖	md-cloud_search	
nerd	󰥗	md-cloud_search_outline	
nerd	󰘿	md-cloud_sync	
nerd	󱋖	md-cloud_sync_outline	
nerd	󰞶	md-cloud_tags	
nerd	󰅧	md-cloud_upload	
nerd	󰭾	md-cloud_upload_outline	
nerd	󰠖	md-clover	
nerd	󱀠	md-coach_lamp	
nerd	󱨷	md-coach_lamp_variant	
nerd	󱂞	md-coat_rack	
nerd	󰅨	md-code_array	
nerd	󰅩	md-code_braces	
nerd	󱃖	md-code_braces_box	
nerd	󰅪	md-code_brackets	
nerd	󰅫	md-code_equal	
nerd	󰅬	md-code_greater_than	
nerd	󰅭	md-code_greater_than_or_equal	
nerd	󰘦	md-code_json	
nerd	󰅮	md-code_less_than	
nerd	󰅯	md-code_less_than_or_equal	
nerd	󰅰	md-code_not_equal	
nerd	󰅱	md-code_not_equal_variant	
nerd	󰅲	md-code_parentheses	
nerd	󱃗	md-code_parentheses_box	
nerd	󰅳	md-code_string	
nerd	󰅴	md-code_tags	
nerd	󰚔	md-code_tags_check	
nerd	󰅵	md-codepen	
nerd	󰅶	md-coffee	
nerd	󱂟	md-coffee_maker	
nerd	󱤱	md-coffee_maker_check	
nerd	󱤲	md-coffee_maker_check_outline	
nerd	󱠛	md-coffee_maker_outline	
nerd	󰾪	md-coffee_off	
nerd	󰾫	md-coffee_off_outline	
nerd	󰛊	md-coffee_outline	
nerd	󰅷	md-coffee_to_go	
nerd	󱌎	md-coffee_to_go_outline	
nerd	󰭿	md-coffin	
nerd	󰒓	md-cog	
nerd	󰒔	md-cog_box	
nerd	󱇝	md-cog_clockwise	
nerd	󱇞	md-cog_counterclockwise	
nerd	󱏎	md-cog_off	
nerd	󱏏	md-cog_off_outline	
nerd	󰢻	md-cog_outline	
nerd	󱤳	md-cog_pause	
nerd	󱤴	md-cog_pause_outline	
nerd	󱤵	md-cog_play	
nerd	󱤶	md-cog_play_outline	
nerd	󱑞	md-cog_refresh	
nerd	󱑟	md-cog_refresh_outline	
nerd	󱤷	md-cog_stop	
nerd	󱤸	md-cog_stop_outline	
nerd	󱑠	md-cog_sync	
nerd	󱑡	md-cog_sync_outline	
nerd	󱁛	md-cog_transfer	
nerd	󱁜	md-cog_transfer_outline	
nerd	󰣖	md-cogs	
nerd	󰙀	md-collage	
nerd	󰪦	md-collapse_all	
nerd	󰪧	md-collapse_all_outline	
nerd	󰅹	md-color_helper	
nerd	󰸣	md-comma	
nerd	󰸫	md-comma_box	
nerd	󰸤	md-comma_box_outline	
nerd	󰸥	md-comma_circle	
nerd	󰸦	md-comma_circle_outline	
nerd	󰅺	md-comment	
nerd	󰅻	md-comment_account	
nerd	󰅼	md-comment_account_outline	
nerd	󰅽	md-comment_alert	
nerd	󰅾	md-comment_alert_outline	
nerd	󰧡	md-comment_arrow_left	
nerd	󰧢	md-comment_arrow_left_outline	
nerd	󰧣	md-comment_arrow_right	
nerd	󰧤	md-comment_arrow_right_outline	
nerd	󱖮	md-comment_bookmark	
nerd	󱖯	md-comment_bookmark_outline	
nerd	󰅿	md-comment_check	
nerd	󰆀	md-comment_check_outline	
nerd	󱆿	md-comment_edit	
nerd	󱋄	md-comment_edit_outline	
nerd	󰨺	md-comment_eye	
nerd	󰨻	md-comment_eye_outline	
nerd	󱖰	md-comment_flash	
nerd	󱖱	md-comment_flash_outline	
nerd	󱗟	md-comment_minus	
nerd	󱗠	md-comment_minus_outline	
nerd	󰡟	md-comment_multiple	
nerd	󰆁	md-comment_multiple_outline	
nerd	󱗡	md-comment_off	
nerd	󱗢	md-comment_off_outline	
nerd	󰆂	md-comment_outline	
nerd	󰧥	md-comment_plus	
nerd	󰆃	md-comment_plus_outline	
nerd	󰆄	md-comment_processing	
nerd	󰆅	md-comment_processing_outline	
nerd	󰠗	md-comment_question	
nerd	󰆆	md-comment_question_outline	
nerd	󱀡	md-comment_quote	
nerd	󱀢	md-comment_quote_outline	
nerd	󰗞	md-comment_remove	
nerd	󰆇	md-comment_remove_outline	
nerd	󰨼	md-comment_search	
nerd	󰨽	md-comment_search_outline	
nerd	󰆈	md-comment_text	
nerd	󰡠	md-comment_text_multiple	
nerd	󰡡	md-comment_text_multiple_outline	
nerd	󰆉	md-comment_text_outline	
nerd	󰆊	md-compare	
nerd	󱒒	md-compare_horizontal	
nerd	󱢳	md-compare_remove	
nerd	󱒓	md-compare_vertical	
nerd	󰆋	md-compass	
nerd	󰮀	md-compass_off	
nerd	󰮁	md-compass_off_outline	
nerd	󰆌	md-compass_outline	
nerd	󱎂	md-compass_rose	
nerd	󱨸	md-compost	
nerd	󱥌	md-cone	
nerd	󱥍	md-cone_off	
nerd	󱘖	md-connection	
nerd	󰆍	md-console	
nerd	󰞷	md-console_line	
nerd	󰢩	md-console_network	
nerd	󰱠	md-console_network_outline	
nerd	󱃘	md-consolidate	
nerd	󰵪	md-contactless_payment	
nerd	󰌡	md-contactless_payment_circle	
nerd	󰐈	md-contactless_payment_circle_outline	
nerd	󰛋	md-contacts	
nerd	󰖸	md-contacts_outline	
nerd	󰨾	md-contain	
nerd	󰨿	md-contain_end	
nerd	󰩀	md-contain_start	
nerd	󰆏	md-content_copy	
nerd	󰆐	md-content_cut	
nerd	󰆑	md-content_duplicate	
nerd	󰆒	md-content_paste	
nerd	󰆓	md-content_save	
nerd	󰽂	md-content_save_alert	
nerd	󰽃	md-content_save_alert_outline	
nerd	󰆔	md-content_save_all	
nerd	󰽄	md-content_save_all_outline	
nerd	󱣪	md-content_save_check	
nerd	󱣫	md-content_save_check_outline	
nerd	󱑛	md-content_save_cog	
nerd	󱑜	md-content_save_cog_outline	
nerd	󰳻	md-content_save_edit	
nerd	󰳼	md-content_save_edit_outline	
nerd	󰸧	md-content_save_move	
nerd	󰸨	md-content_save_move_outline	
nerd	󱙃	md-content_save_off	
nerd	󱙄	md-content_save_off_outline	
nerd	󰠘	md-content_save_outline	
nerd	󰘛	md-content_save_settings	
nerd	󰬮	md-content_save_settings_outline	
nerd	󰆕	md-contrast	
nerd	󰆖	md-contrast_box	
nerd	󰆗	md-contrast_circle	
nerd	󰮂	md-controller_classic	
nerd	󰮃	md-controller_classic_outline	
nerd	󰆘	md-cookie	
nerd	󱛐	md-cookie_alert	
nerd	󱛑	md-cookie_alert_outline	
nerd	󱛒	md-cookie_check	
nerd	󱛓	md-cookie_check_outline	
nerd	󱛤	md-cookie_clock	
nerd	󱛥	md-cookie_clock_outline	
nerd	󱛔	md-cookie_cog	
nerd	󱛕	md-cookie_cog_outline	
nerd	󱛦	md-cookie_edit	
nerd	󱛧	md-cookie_edit_outline	
nerd	󱛨	md-cookie_lock	
nerd	󱛩	md-cookie_lock_outline	
nerd	󱛚	md-cookie_minus	
nerd	󱛛	md-cookie_minus_outline	
nerd	󱛪	md-cookie_off	
nerd	󱛫	md-cookie_off_outline	
nerd	󱛞	md-cookie_outline	
nerd	󱛖	md-cookie_plus	
nerd	󱛗	md-cookie_plus_outline	
nerd	󱛬	md-cookie_refresh	
nerd	󱛭	md-cookie_refresh_outline	
nerd	󱛘	md-cookie_remove	
nerd	󱛙	md-cookie_remove_outline	
nerd	󱛜	md-cookie_settings	
nerd	󱛝	md-cookie_settings_outline	
nerd	󰏈	md-coolant_temperature	
nerd	󱤹	md-copyleft	
nerd	󰗦	md-copyright	
nerd	󰥘	md-cordova	
nerd	󰞸	md-corn	
nerd	󱏯	md-corn_off	
nerd	󱑹	md-cosine_wave	
nerd	󰆙	md-counter	
nerd	󱠜	md-countertop	
nerd	󱠝	md-countertop_outline	
nerd	󰆚	md-cow	
nerd	󱣼	md-cow_off	
nerd	󰻟	md-cpu_32_bit	
nerd	󰻠	md-cpu_64_bit	
nerd	󱦋	md-cradle	
nerd	󱦑	md-cradle_outline	
nerd	󰡢	md-crane	
nerd	󰙴	md-creation	
nerd	󰵫	md-creative_commons	
nerd	󰿯	md-credit_card	
nerd	󱏐	md-credit_card_check	
nerd	󱏑	md-credit_card_check_outline	
nerd	󱤏	md-credit_card_chip	
nerd	󱤐	md-credit_card_chip_outline	
nerd	󰻡	md-credit_card_clock	
nerd	󰻢	md-credit_card_clock_outline	
nerd	󱟗	md-credit_card_edit	
nerd	󱟘	md-credit_card_edit_outline	
nerd	󱤑	md-credit_card_fast	
nerd	󱤒	md-credit_card_fast_outline	
nerd	󱣧	md-credit_card_lock	
nerd	󱣨	md-credit_card_lock_outline	
nerd	󰚨	md-credit_card_marker	
nerd	󰶾	md-credit_card_marker_outline	
nerd	󰾬	md-credit_card_minus	
nerd	󰾭	md-credit_card_minus_outline	
nerd	󰿰	md-credit_card_multiple	
nerd	󰆜	md-credit_card_multiple_outline	
nerd	󰿱	md-credit_card_off	
nerd	󰗤	md-credit_card_off_outline	
nerd	󰆛	md-credit_card_outline	
nerd	󰿲	md-credit_card_plus	
nerd	󰙶	md-credit_card_plus_outline	
nerd	󱙅	md-credit_card_refresh	
nerd	󱙆	md-credit_card_refresh_outline	
nerd	󰿳	md-credit_card_refund	
nerd	󰪨	md-credit_card_refund_outline	
nerd	󰾮	md-credit_card_remove	
nerd	󰾯	md-credit_card_remove_outline	
nerd	󰿴	md-credit_card_scan	
nerd	󰆝	md-credit_card_scan_outline	
nerd	󱙇	md-credit_card_search	
nerd	󱙈	md-credit_card_search_outline	
nerd	󰿵	md-credit_card_settings	
nerd	󰣗	md-credit_card_settings_outline	
nerd	󱙉	md-credit_card_sync	
nerd	󱙊	md-credit_card_sync_outline	
nerd	󰠂	md-credit_card_wireless	
nerd	󰕺	md-credit_card_wireless_off	
nerd	󰕻	md-credit_card_wireless_off_outline	
nerd	󰵬	md-credit_card_wireless_outline	
nerd	󰵭	md-cricket	
nerd	󰆞	md-crop	
nerd	󰆟	md-crop_free	
nerd	󰆠	md-crop_landscape	
nerd	󰆡	md-crop_portrait	
nerd	󰚖	md-crop_rotate	
nerd	󰆢	md-crop_square	
nerd	󰥓	md-cross	
nerd	󰳭	md-cross_bolnisi	
nerd	󰳵	md-cross_celtic	
nerd	󰳶	md-cross_outline	
nerd	󰆣	md-crosshairs	
nerd	󰆤	md-crosshairs_gps	
nerd	󰽅	md-crosshairs_off	
nerd	󱄶	md-crosshairs_question	
nerd	󱥵	md-crowd	
nerd	󰆥	md-crown	
nerd	󱟜	md-crown_circle	
nerd	󱟝	md-crown_circle_outline	
nerd	󱇐	md-crown_outline	
nerd	󰥙	md-cryengine	
nerd	󰬯	md-crystal_ball	
nerd	󰆦	md-cube	
nerd	󱐜	md-cube_off	
nerd	󱐝	md-cube_off_outline	
nerd	󰆧	md-cube_outline	
nerd	󰮄	md-cube_scan	
nerd	󰆨	md-cube_send	
nerd	󰆩	md-cube_unfolded	
nerd	󰆪	md-cup	
nerd	󰗥	md-cup_off	
nerd	󱍽	md-cup_off_outline	
nerd	󱌏	md-cup_outline	
nerd	󰆫	md-cup_water	
nerd	󰽆	md-cupboard	
nerd	󰽇	md-cupboard_outline	
nerd	󰥚	md-cupcake	
nerd	󰡣	md-curling	
nerd	󰡤	md-currency_bdt	
nerd	󰮅	md-currency_brl	
nerd	󰆬	md-currency_btc	
nerd	󰞺	md-currency_cny	
nerd	󰞻	md-currency_eth	
nerd	󰆭	md-currency_eur	
nerd	󱌕	md-currency_eur_off	
nerd	󱨹	md-currency_fra	
nerd	󰆮	md-currency_gbp	
nerd	󰱡	md-currency_ils	
nerd	󰆯	md-currency_inr	
nerd	󰞼	md-currency_jpy	
nerd	󰞽	md-currency_krw	
nerd	󰡥	md-currency_kzt	
nerd	󱔒	md-currency_mnt	
nerd	󰆰	md-currency_ngn	
nerd	󰧦	md-currency_php	
nerd	󰺜	md-currency_rial	
nerd	󰆱	md-currency_rub	
nerd	󱥶	md-currency_rupee	
nerd	󰞾	md-currency_sign	
nerd	󰆲	md-currency_try	
nerd	󰞿	md-currency_twd	
nerd	󰇁	md-currency_usd	
nerd	󰙺	md-currency_usd_off	
nerd	󱒀	md-current_ac	
nerd	󰥜	md-current_dc	
nerd	󰇀	md-cursor_default	
nerd	󰳽	md-cursor_default_click	
nerd	󰳾	md-cursor_default_click_outline	
nerd	󱄧	md-cursor_default_gesture	
nerd	󱄨	md-cursor_default_gesture_outline	
nerd	󰆿	md-cursor_default_outline	
nerd	󰆾	md-cursor_move	
nerd	󰆽	md-cursor_pointer	
nerd	󰗧	md-cursor_text	
nerd	󱡆	md-curtains	
nerd	󱡇	md-curtains_closed	
nerd	󱥎	md-cylinder	
nerd	󱥏	md-cylinder_off	
nerd	󱗻	md-dance_ballroom	
nerd	󱕸	md-dance_pole	
nerd	󱔼	md-data_matrix	
nerd	󱔽	md-data_matrix_edit	
nerd	󱔾	md-data_matrix_minus	
nerd	󱔿	md-data_matrix_plus	
nerd	󱕀	md-data_matrix_remove	
nerd	󱕁	md-data_matrix_scan	
nerd	󰆼	md-database	
nerd	󱘺	md-database_alert	
nerd	󱘤	md-database_alert_outline	
nerd	󱘻	md-database_arrow_down	
nerd	󱘥	md-database_arrow_down_outline	
nerd	󱘼	md-database_arrow_left	
nerd	󱘦	md-database_arrow_left_outline	
nerd	󱘽	md-database_arrow_right	
nerd	󱘧	md-database_arrow_right_outline	
nerd	󱘾	md-database_arrow_up	
nerd	󱘨	md-database_arrow_up_outline	
nerd	󰪩	md-database_check	
nerd	󱘩	md-database_check_outline	
nerd	󱘿	md-database_clock	
nerd	󱘪	md-database_clock_outline	
nerd	󱙋	md-database_cog	
nerd	󱙌	md-database_cog_outline	
nerd	󰮆	md-database_edit	
nerd	󱘫	md-database_edit_outline	
nerd	󰥞	md-database_export	
nerd	󱘬	md-database_export_outline	
nerd	󱤟	md-database_eye	
nerd	󱤠	md-database_eye_off	
nerd	󱤡	md-database_eye_off_outline	
nerd	󱤢	md-database_eye_outline	
nerd	󰥝	md-database_import	
nerd	󱘭	md-database_import_outline	
nerd	󰪪	md-database_lock	
nerd	󱘮	md-database_lock_outline	
nerd	󱋶	md-database_marker	
nerd	󱘯	md-database_marker_outline	
nerd	󰆻	md-database_minus	
nerd	󱘰	md-database_minus_outline	
nerd	󱙀	md-database_off	
nerd	󱘱	md-database_off_outline	
nerd	󱘲	md-database_outline	
nerd	󰆺	md-database_plus	
nerd	󱘳	md-database_plus_outline	
nerd	󰗂	md-database_refresh	
nerd	󱘴	md-database_refresh_outline	
nerd	󰴀	md-database_remove	
nerd	󱘵	md-database_remove_outline	
nerd	󰡦	md-database_search	
nerd	󱘶	md-database_search_outline	
nerd	󰴁	md-database_settings	
nerd	󱘷	md-database_settings_outline	
nerd	󰳿	md-database_sync	
nerd	󱘸	md-database_sync_outline	
nerd	󰣘	md-death_star	
nerd	󰣙	md-death_star_variant	
nerd	󰮇	md-deathly_hallows	
nerd	󰣚	md-debian	
nerd	󰆹	md-debug_step_into	
nerd	󰆸	md-debug_step_out	
nerd	󰆷	md-debug_step_over	
nerd	󰝬	md-decagram	
nerd	󰝭	md-decagram_outline	
nerd	󱂡	md-decimal	
nerd	󱂢	md-decimal_comma	
nerd	󱂣	md-decimal_comma_decrease	
nerd	󱂤	md-decimal_comma_increase	
nerd	󰆶	md-decimal_decrease	
nerd	󰆵	md-decimal_increase	
nerd	󰆴	md-delete	
nerd	󱂥	md-delete_alert	
nerd	󱂦	md-delete_alert_outline	
nerd	󰚃	md-delete_circle	
nerd	󰮈	md-delete_circle_outline	
nerd	󱕖	md-delete_clock	
nerd	󱕗	md-delete_clock_outline	
nerd	󰛌	md-delete_empty	
nerd	󰺝	md-delete_empty_outline	
nerd	󰗨	md-delete_forever	
nerd	󰮉	md-delete_forever_outline	
nerd	󱂧	md-delete_off	
nerd	󱂨	md-delete_off_outline	
nerd	󰧧	md-delete_outline	
nerd	󰠙	md-delete_restore	
nerd	󰗩	md-delete_sweep	
nerd	󰱢	md-delete_sweep_outline	
nerd	󰆳	md-delete_variant	
nerd	󰇂	md-delta	
nerd	󱈹	md-desk	
nerd	󰥟	md-desk_lamp	
nerd	󰇃	md-deskphone	
nerd	󰟀	md-desktop_classic	
nerd	󰇄	md-desktop_mac	
nerd	󰧨	md-desktop_mac_dashboard	
nerd	󰇅	md-desktop_tower	
nerd	󰪫	md-desktop_tower_monitor	
nerd	󰇆	md-details	
nerd	󰵮	md-dev_to	
nerd	󰚗	md-developer_board	
nerd	󰇇	md-deviantart	
nerd	󰾰	md-devices	
nerd	󰥋	md-dharmachakra	
nerd	󱄦	md-diabetes	
nerd	󰘜	md-dialpad	
nerd	󰱣	md-diameter	
nerd	󰱤	md-diameter_outline	
nerd	󰱥	md-diameter_variant	
nerd	󰮊	md-diamond	
nerd	󰮋	md-diamond_outline	
nerd	󰇈	md-diamond_stone	
nerd	󰇊	md-dice_1	
nerd	󱅊	md-dice_1_outline	
nerd	󰇋	md-dice_2	
nerd	󱅋	md-dice_2_outline	
nerd	󰇌	md-dice_3	
nerd	󱅌	md-dice_3_outline	
nerd	󰇍	md-dice_4	
nerd	󱅍	md-dice_4_outline	
nerd	󰇎	md-dice_5	
nerd	󱅎	md-dice_5_outline	
nerd	󰇏	md-dice_6	
nerd	󱅏	md-dice_6_outline	
nerd	󱅓	md-dice_d10	
nerd	󰝯	md-dice_d10_outline	
nerd	󱅔	md-dice_d12	
nerd	󰡧	md-dice_d12_outline	
nerd	󱅕	md-dice_d20	
nerd	󰗪	md-dice_d20_outline	
nerd	󱅐	md-dice_d4	
nerd	󰗫	md-dice_d4_outline	
nerd	󱅑	md-dice_d6	
nerd	󰗭	md-dice_d6_outline	
nerd	󱅒	md-dice_d8	
nerd	󰗬	md-dice_d8_outline	
nerd	󰝮	md-dice_multiple	
nerd	󱅖	md-dice_multiple_outline	
nerd	󱈷	md-digital_ocean	
nerd	󰟁	md-dip_switch	
nerd	󰇐	md-directions	
nerd	󰙁	md-directions_fork	
nerd	󰗮	md-disc	
nerd	󰇑	md-disc_alert	
nerd	󰥠	md-disc_player	
nerd	󰙯	md-discord	
nerd	󰪬	md-dishwasher	
nerd	󱆸	md-dishwasher_alert	
nerd	󱆹	md-dishwasher_off	
nerd	󰇒	md-disqus	
nerd	󱇉	md-distribute_horizontal_center	
nerd	󱇈	md-distribute_horizontal_left	
nerd	󱇊	md-distribute_horizontal_right	
nerd	󱇋	md-distribute_vertical_bottom	
nerd	󱇌	md-distribute_vertical_center	
nerd	󱇍	md-distribute_vertical_top	
nerd	󱡷	md-diversify	
nerd	󱥷	md-diving	
nerd	󰶿	md-diving_flippers	
nerd	󰷀	md-diving_helmet	
nerd	󰷁	md-diving_scuba	
nerd	󰷂	md-diving_scuba_flag	
nerd	󰷃	md-diving_scuba_tank	
nerd	󰷄	md-diving_scuba_tank_multiple	
nerd	󰷅	md-diving_snorkel	
nerd	󰇔	md-division	
nerd	󰇕	md-division_box	
nerd	󰩁	md-dlna	
nerd	󰚄	md-dna	
nerd	󰇖	md-dns	
nerd	󰮌	md-dns_outline	
nerd	󱂩	md-dock_bottom	
nerd	󱂪	md-dock_left	
nerd	󱂫	md-dock_right	
nerd	󱔓	md-dock_top	
nerd	󱂬	md-dock_window	
nerd	󰡨	md-docker	
nerd	󰩂	md-doctor	
nerd	󰩃	md-dog	
nerd	󰪭	md-dog_service	
nerd	󰩄	md-dog_side	
nerd	󱛮	md-dog_side_off	
nerd	󰚳	md-dolby	
nerd	󰺞	md-dolly	
nerd	󱢴	md-dolphin	
nerd	󰇗	md-domain	
nerd	󰵯	md-domain_off	
nerd	󱂭	md-domain_plus	
nerd	󱂮	md-domain_remove	
nerd	󱐞	md-dome_light	
nerd	󱀣	md-domino_mask	
nerd	󰟂	md-donkey	
nerd	󰠚	md-door	
nerd	󰠛	md-door_closed	
nerd	󱂯	md-door_closed_lock	
nerd	󰠜	md-door_open	
nerd	󱠞	md-door_sliding	
nerd	󱠟	md-door_sliding_lock	
nerd	󱠠	md-door_sliding_open	
nerd	󱋦	md-doorbell	
nerd	󰡩	md-doorbell_video	
nerd	󰪮	md-dot_net	
nerd	󱥸	md-dots_circle	
nerd	󱗼	md-dots_grid	
nerd	󱗿	md-dots_hexagon	
nerd	󰇘	md-dots_horizontal	
nerd	󰟃	md-dots_horizontal_circle	
nerd	󰮍	md-dots_horizontal_circle_outline	
nerd	󱗽	md-dots_square	
nerd	󱗾	md-dots_triangle	
nerd	󰇙	md-dots_vertical	
nerd	󰟄	md-dots_vertical_circle	
nerd	󰮎	md-dots_vertical_circle_outline	
nerd	󰇚	md-download	
nerd	󱑢	md-download_box	
nerd	󱑣	md-download_box_outline	
nerd	󱑤	md-download_circle	
nerd	󱑥	md-download_circle_outline	
nerd	󱌠	md-download_lock	
nerd	󱌡	md-download_lock_outline	
nerd	󰧩	md-download_multiple	
nerd	󰛴	md-download_network	
nerd	󰱦	md-download_network_outline	
nerd	󱂰	md-download_off	
nerd	󱂱	md-download_off_outline	
nerd	󰮏	md-download_outline	
nerd	󰇛	md-drag	
nerd	󰇜	md-drag_horizontal	
nerd	󱋰	md-drag_horizontal_variant	
nerd	󰮐	md-drag_variant	
nerd	󰇝	md-drag_vertical	
nerd	󱋱	md-drag_vertical_variant	
nerd	󰴂	md-drama_masks	
nerd	󰽉	md-draw	
nerd	󱦹	md-draw_pen	
nerd	󰇞	md-drawing	
nerd	󰇟	md-drawing_box	
nerd	󰽊	md-dresser	
nerd	󰽋	md-dresser_outline	
nerd	󰇢	md-drone	
nerd	󰇣	md-dropbox	
nerd	󰇤	md-drupal	
nerd	󰇥	md-duck	
nerd	󰇦	md-dumbbell	
nerd	󰱧	md-dump_truck	
nerd	󰟅	md-ear_hearing	
nerd	󱫮	md-ear_hearing_loop	
nerd	󰩅	md-ear_hearing_off	
nerd	󱡏	md-earbuds	
nerd	󱡐	md-earbuds_off	
nerd	󱡑	md-earbuds_off_outline	
nerd	󱡒	md-earbuds_outline	
nerd	󰇧	md-earth	
nerd	󱌑	md-earth_arrow_right	
nerd	󰛍	md-earth_box	
nerd	󱐇	md-earth_box_minus	
nerd	󰛎	md-earth_box_off	
nerd	󱐆	md-earth_box_plus	
nerd	󱐈	md-earth_box_remove	
nerd	󱐄	md-earth_minus	
nerd	󰇨	md-earth_off	
nerd	󱐃	md-earth_plus	
nerd	󱐅	md-earth_remove	
nerd	󰪯	md-egg	
nerd	󰪰	md-egg_easter	
nerd	󱡊	md-egg_fried	
nerd	󱏰	md-egg_off	
nerd	󱏱	md-egg_off_outline	
nerd	󱏲	md-egg_outline	
nerd	󱕫	md-eiffel_tower	
nerd	󰧪	md-eight_track	
nerd	󰇪	md-eject	
nerd	󰮑	md-eject_outline	
nerd	󰺟	md-electric_switch	
nerd	󱃙	md-electric_switch_closed	
nerd	󱀤	md-electron_framework	
nerd	󰟆	md-elephant	
nerd	󰇫	md-elevation_decline	
nerd	󰇬	md-elevation_rise	
nerd	󰇭	md-elevator	
nerd	󱋂	md-elevator_down	
nerd	󱎁	md-elevator_passenger	
nerd	󱥹	md-elevator_passenger_off	
nerd	󱥺	md-elevator_passenger_off_outline	
nerd	󱥻	md-elevator_passenger_outline	
nerd	󱋁	md-elevator_up	
nerd	󰺠	md-ellipse	
nerd	󰺡	md-ellipse_outline	
nerd	󰇮	md-email	
nerd	󰛏	md-email_alert	
nerd	󰵂	md-email_alert_outline	
nerd	󰴃	md-email_box	
nerd	󰪱	md-email_check	
nerd	󰪲	md-email_check_outline	
nerd	󰻣	md-email_edit	
nerd	󰻤	md-email_edit_outline	
nerd	󱡯	md-email_fast	
nerd	󱡰	md-email_fast_outline	
nerd	󰇱	md-email_lock	
nerd	󰮒	md-email_mark_as_unread	
nerd	󰻥	md-email_minus	
nerd	󰻦	md-email_minus_outline	
nerd	󰻧	md-email_multiple	
nerd	󰻨	md-email_multiple_outline	
nerd	󰾱	md-email_newsletter	
nerd	󱏣	md-email_off	
nerd	󱏤	md-email_off_outline	
nerd	󰇯	md-email_open	
nerd	󰻩	md-email_open_multiple	
nerd	󰻪	md-email_open_multiple_outline	
nerd	󰗯	md-email_open_outline	
nerd	󰇰	md-email_outline	
nerd	󰧫	md-email_plus	
nerd	󰧬	md-email_plus_outline	
nerd	󱃚	md-email_receive	
nerd	󱃛	md-email_receive_outline	
nerd	󱙡	md-email_remove	
nerd	󱙢	md-email_remove_outline	
nerd	󱥛	md-email_seal	
nerd	󱥜	md-email_seal_outline	
nerd	󰥡	md-email_search	
nerd	󰥢	md-email_search_outline	
nerd	󱃜	md-email_send	
nerd	󱃝	md-email_send_outline	
nerd	󱋇	md-email_sync	
nerd	󱋈	md-email_sync_outline	
nerd	󰗰	md-email_variant	
nerd	󰬰	md-ember	
nerd	󰚴	md-emby	
nerd	󰱨	md-emoticon	
nerd	󰱩	md-emoticon_angry	
nerd	󰱪	md-emoticon_angry_outline	
nerd	󱃞	md-emoticon_confused	
nerd	󱃟	md-emoticon_confused_outline	
nerd	󰱫	md-emoticon_cool	
nerd	󰇳	md-emoticon_cool_outline	
nerd	󰱬	md-emoticon_cry	
nerd	󰱭	md-emoticon_cry_outline	
nerd	󰱮	md-emoticon_dead	
nerd	󰚛	md-emoticon_dead_outline	
nerd	󰱯	md-emoticon_devil	
nerd	󰇴	md-emoticon_devil_outline	
nerd	󰱰	md-emoticon_excited	
nerd	󰚜	md-emoticon_excited_outline	
nerd	󰽌	md-emoticon_frown	
nerd	󰽍	md-emoticon_frown_outline	
nerd	󰱱	md-emoticon_happy	
nerd	󰇵	md-emoticon_happy_outline	
nerd	󰱲	md-emoticon_kiss	
nerd	󰱳	md-emoticon_kiss_outline	
nerd	󱈔	md-emoticon_lol	
nerd	󱈕	md-emoticon_lol_outline	
nerd	󰱴	md-emoticon_neutral	
nerd	󰇶	md-emoticon_neutral_outline	
nerd	󰇲	md-emoticon_outline	
nerd	󰇷	md-emoticon_poop	
nerd	󰱵	md-emoticon_poop_outline	
nerd	󰱶	md-emoticon_sad	
nerd	󰇸	md-emoticon_sad_outline	
nerd	󱕼	md-emoticon_sick	
nerd	󱕽	md-emoticon_sick_outline	
nerd	󰇹	md-emoticon_tongue	
nerd	󰱷	md-emoticon_tongue_outline	
nerd	󰱸	md-emoticon_wink	
nerd	󰱹	md-emoticon_wink_outline	
nerd	󰇺	md-engine	
nerd	󰩆	md-engine_off	
nerd	󰩇	md-engine_off_outline	
nerd	󰇻	md-engine_outline	
nerd	󱃠	md-epsilon	
nerd	󰇼	md-equal	
nerd	󰇽	md-equal_box	
nerd	󰺢	md-equalizer	
nerd	󰺣	md-equalizer_outline	
nerd	󰇾	md-eraser	
nerd	󰙂	md-eraser_variant	
nerd	󰇿	md-escalator	
nerd	󱎙	md-escalator_box	
nerd	󱋀	md-escalator_down	
nerd	󱊿	md-escalator_up	
nerd	󰱺	md-eslint	
nerd	󰪳	md-et	
nerd	󰡪	md-ethereum	
nerd	󰈀	md-ethernet	
nerd	󰈁	md-ethernet_cable	
nerd	󰈂	md-ethernet_cable_off	
nerd	󱔙	md-ev_plug_ccs1	
nerd	󱔚	md-ev_plug_ccs2	
nerd	󱔛	md-ev_plug_chademo	
nerd	󱔜	md-ev_plug_tesla	
nerd	󱔝	md-ev_plug_type1	
nerd	󱔞	md-ev_plug_type2	
nerd	󰗱	md-ev_station	
nerd	󰈄	md-evernote	
nerd	󱀥	md-excavator	
nerd	󰈅	md-exclamation	
nerd	󱈸	md-exclamation_thick	
nerd	󰩈	md-exit_run	
nerd	󰈆	md-exit_to_app	
nerd	󰪴	md-expand_all	
nerd	󰪵	md-expand_all_outline	
nerd	󰢮	md-expansion_card	
nerd	󰾲	md-expansion_card_variant	
nerd	󰥣	md-exponent	
nerd	󰥤	md-exponent_box	
nerd	󰈇	md-export	
nerd	󰮓	md-export_variant	
nerd	󰈈	md-eye	
nerd	󱣽	md-eye_arrow_left	
nerd	󱣾	md-eye_arrow_left_outline	
nerd	󱣿	md-eye_arrow_right	
nerd	󱤀	md-eye_arrow_right_outline	
nerd	󰴄	md-eye_check	
nerd	󰴅	md-eye_check_outline	
nerd	󰮔	md-eye_circle	
nerd	󰮕	md-eye_circle_outline	
nerd	󱀦	md-eye_minus	
nerd	󱀧	md-eye_minus_outline	
nerd	󰈉	md-eye_off	
nerd	󰛑	md-eye_off_outline	
nerd	󰛐	md-eye_outline	
nerd	󰡫	md-eye_plus	
nerd	󰡬	md-eye_plus_outline	
nerd	󱥼	md-eye_refresh	
nerd	󱥽	md-eye_refresh_outline	
nerd	󱗣	md-eye_remove	
nerd	󱗤	md-eye_remove_outline	
nerd	󰡭	md-eye_settings	
nerd	󰡮	md-eye_settings_outline	
nerd	󰈊	md-eyedropper	
nerd	󱏝	md-eyedropper_minus	
nerd	󱏟	md-eyedropper_off	
nerd	󱏜	md-eyedropper_plus	
nerd	󱏞	md-eyedropper_remove	
nerd	󰈋	md-eyedropper_variant	
nerd	󰵰	md-face_agent	
nerd	󰙃	md-face_man	
nerd	󰮖	md-face_man_outline	
nerd	󰙄	md-face_man_profile	
nerd	󱗌	md-face_man_shimmer	
nerd	󱗍	md-face_man_shimmer_outline	
nerd	󱖆	md-face_mask	
nerd	󱖇	md-face_mask_outline	
nerd	󰱻	md-face_recognition	
nerd	󱁷	md-face_woman	
nerd	󱁸	md-face_woman_outline	
nerd	󱁶	md-face_woman_profile	
nerd	󱗎	md-face_woman_shimmer	
nerd	󱗏	md-face_woman_shimmer_outline	
nerd	󰈌	md-facebook	
nerd	󰟝	md-facebook_gaming	
nerd	󰈎	md-facebook_messenger	
nerd	󰬱	md-facebook_workplace	
nerd	󰈏	md-factory	
nerd	󱘎	md-family_tree	
nerd	󰈐	md-fan	
nerd	󱑬	md-fan_alert	
nerd	󱜝	md-fan_auto	
nerd	󱑭	md-fan_chevron_down	
nerd	󱑮	md-fan_chevron_up	
nerd	󱨺	md-fan_clock	
nerd	󱑰	md-fan_minus	
nerd	󰠝	md-fan_off	
nerd	󱑯	md-fan_plus	
nerd	󱑱	md-fan_remove	
nerd	󱑲	md-fan_speed_1	
nerd	󱑳	md-fan_speed_2	
nerd	󱑴	md-fan_speed_3	
nerd	󰈑	md-fast_forward	
nerd	󰵱	md-fast_forward_10	
nerd	󱤺	md-fast_forward_15	
nerd	󰴆	md-fast_forward_30	
nerd	󱇸	md-fast_forward_5	
nerd	󱘋	md-fast_forward_60	
nerd	󰛒	md-fast_forward_outline	
nerd	󰈒	md-fax	
nerd	󰛓	md-feather	
nerd	󰩉	md-feature_search	
nerd	󰩊	md-feature_search_outline	
nerd	󰣛	md-fedora	
nerd	󱞚	md-fence	
nerd	󱟶	md-fence_electric	
nerd	󱓁	md-fencing	
nerd	󰺤	md-ferris_wheel	
nerd	󰈓	md-ferry	
nerd	󰈔	md-file	
nerd	󰜻	md-file_account	
nerd	󱀨	md-file_account_outline	
nerd	󰩋	md-file_alert	
nerd	󰩌	md-file_alert_outline	
nerd	󱪓	md-file_arrow_left_right	
nerd	󱪔	md-file_arrow_left_right_outline	
nerd	󱪕	md-file_arrow_up_down	
nerd	󱪖	md-file_arrow_up_down_outline	
nerd	󰪶	md-file_cabinet	
nerd	󰻫	md-file_cad	
nerd	󰻬	md-file_cad_box	
nerd	󰷆	md-file_cancel	
nerd	󰷇	md-file_cancel_outline	
nerd	󱆆	md-file_certificate	
nerd	󱆇	md-file_certificate_outline	
nerd	󰈕	md-file_chart	
nerd	󱧆	md-file_chart_check	
nerd	󱧇	md-file_chart_check_outline	
nerd	󱀩	md-file_chart_outline	
nerd	󰈖	md-file_check	
nerd	󰸩	md-file_check_outline	
nerd	󱋡	md-file_clock	
nerd	󱋢	md-file_clock_outline	
nerd	󰈗	md-file_cloud	
nerd	󱀪	md-file_cloud_outline	
nerd	󰈮	md-file_code	
nerd	󱀫	md-file_code_outline	
nerd	󱁻	md-file_cog	
nerd	󱁼	md-file_cog_outline	
nerd	󰢪	md-file_compare	
nerd	󰈘	md-file_delimited	
nerd	󰺥	md-file_delimited_outline	
nerd	󰈙	md-file_document	
nerd	󱪗	md-file_document_alert	
nerd	󱪘	md-file_document_alert_outline	
nerd	󱪙	md-file_document_check	
nerd	󱪚	md-file_document_check_outline	
nerd	󰷈	md-file_document_edit	
nerd	󰷉	md-file_document_edit_outline	
nerd	󱪛	md-file_document_minus	
nerd	󱪜	md-file_document_minus_outline	
nerd	󱔗	md-file_document_multiple	
nerd	󱔘	md-file_document_multiple_outline	
nerd	󰧮	md-file_document_outline	
nerd	󱪝	md-file_document_plus	
nerd	󱪞	md-file_document_plus_outline	
nerd	󱪟	md-file_document_remove	
nerd	󱪠	md-file_document_remove_outline	
nerd	󰥥	md-file_download	
nerd	󰥦	md-file_download_outline	
nerd	󱇧	md-file_edit	
nerd	󱇨	md-file_edit_outline	
nerd	󰈛	md-file_excel	
nerd	󰈜	md-file_excel_box	
nerd	󱀬	md-file_excel_box_outline	
nerd	󱀭	md-file_excel_outline	
nerd	󰈝	md-file_export	
nerd	󱀮	md-file_export_outline	
nerd	󰷊	md-file_eye	
nerd	󰷋	md-file_eye_outline	
nerd	󰈞	md-file_find	
nerd	󰮗	md-file_find_outline	
nerd	󰵸	md-file_gif_box	
nerd	󰘓	md-file_hidden	
nerd	󰈟	md-file_image	
nerd	󱝲	md-file_image_marker	
nerd	󱝳	md-file_image_marker_outline	
nerd	󱤻	md-file_image_minus	
nerd	󱤼	md-file_image_minus_outline	
nerd	󰺰	md-file_image_outline	
nerd	󱤽	md-file_image_plus	
nerd	󱤾	md-file_image_plus_outline	
nerd	󱤿	md-file_image_remove	
nerd	󱥀	md-file_image_remove_outline	
nerd	󰈠	md-file_import	
nerd	󱀯	md-file_import_outline	
nerd	󰈥	md-file_jpg_box	
nerd	󱆄	md-file_key	
nerd	󱆅	md-file_key_outline	
nerd	󱅷	md-file_link	
nerd	󱅸	md-file_link_outline	
nerd	󰈡	md-file_lock	
nerd	󱧈	md-file_lock_open	
nerd	󱧉	md-file_lock_open_outline	
nerd	󱀰	md-file_lock_outline	
nerd	󱝴	md-file_marker	
nerd	󱝵	md-file_marker_outline	
nerd	󱪡	md-file_minus	
nerd	󱪢	md-file_minus_outline	
nerd	󰪹	md-file_move	
nerd	󱀱	md-file_move_outline	
nerd	󰈢	md-file_multiple	
nerd	󱀲	md-file_multiple_outline	
nerd	󰈣	md-file_music	
nerd	󰸪	md-file_music_outline	
nerd	󰈤	md-file_outline	
nerd	󰈦	md-file_pdf_box	
nerd	󰠞	md-file_percent	
nerd	󱀳	md-file_percent_outline	
nerd	󱅹	md-file_phone	
nerd	󱅺	md-file_phone_outline	
nerd	󰝒	md-file_plus	
nerd	󰻭	md-file_plus_outline	
nerd	󰸭	md-file_png_box	
nerd	󰈧	md-file_powerpoint	
nerd	󰈨	md-file_powerpoint_box	
nerd	󱀴	md-file_powerpoint_box_outline	
nerd	󱀵	md-file_powerpoint_outline	
nerd	󰈩	md-file_presentation_box	
nerd	󰡯	md-file_question	
nerd	󱀶	md-file_question_outline	
nerd	󰤘	md-file_refresh	
nerd	󰕁	md-file_refresh_outline	
nerd	󰮘	md-file_remove	
nerd	󱀷	md-file_remove_outline	
nerd	󰬲	md-file_replace	
nerd	󰬳	md-file_replace_outline	
nerd	󰙰	md-file_restore	
nerd	󱀸	md-file_restore_outline	
nerd	󱨻	md-file_rotate_left	
nerd	󱨼	md-file_rotate_left_outline	
nerd	󱨽	md-file_rotate_right	
nerd	󱨾	md-file_rotate_right_outline	
nerd	󰱼	md-file_search	
nerd	󰱽	md-file_search_outline	
nerd	󰈪	md-file_send	
nerd	󱀹	md-file_send_outline	
nerd	󱁹	md-file_settings	
nerd	󱁺	md-file_settings_outline	
nerd	󱧃	md-file_sign	
nerd	󱀺	md-file_star	
nerd	󱀻	md-file_star_outline	
nerd	󰾴	md-file_swap	
nerd	󰾵	md-file_swap_outline	
nerd	󱈖	md-file_sync	
nerd	󱈗	md-file_sync_outline	
nerd	󰱾	md-file_table	
nerd	󱃡	md-file_table_box	
nerd	󱃢	md-file_table_box_multiple	
nerd	󱃣	md-file_table_box_multiple_outline	
nerd	󱃤	md-file_table_box_outline	
nerd	󰱿	md-file_table_outline	
nerd	󰙅	md-file_tree	
nerd	󱏒	md-file_tree_outline	
nerd	󰣜	md-file_undo	
nerd	󱀼	md-file_undo_outline	
nerd	󰩍	md-file_upload	
nerd	󰩎	md-file_upload_outline	
nerd	󰈫	md-file_video	
nerd	󰸬	md-file_video_outline	
nerd	󰈬	md-file_word	
nerd	󰈭	md-file_word_box	
nerd	󱀽	md-file_word_box_outline	
nerd	󱀾	md-file_word_outline	
nerd	󰈯	md-film	
nerd	󰈰	md-filmstrip	
nerd	󰌲	md-filmstrip_box	
nerd	󰴘	md-filmstrip_box_multiple	
nerd	󰈱	md-filmstrip_off	
nerd	󰈲	md-filter	
nerd	󱣬	md-filter_check	
nerd	󱣭	md-filter_check_outline	
nerd	󱪣	md-filter_cog	
nerd	󱪤	md-filter_cog_outline	
nerd	󱃥	md-filter_menu	
nerd	󱃦	md-filter_menu_outline	
nerd	󰻮	md-filter_minus	
nerd	󰻯	md-filter_minus_outline	
nerd	󱨿	md-filter_multiple	
nerd	󱩀	md-filter_multiple_outline	
nerd	󱓯	md-filter_off	
nerd	󱓰	md-filter_off_outline	
nerd	󰈳	md-filter_outline	
nerd	󰻰	md-filter_plus	
nerd	󰻱	md-filter_plus_outline	
nerd	󰈴	md-filter_remove	
nerd	󰈵	md-filter_remove_outline	
nerd	󱪥	md-filter_settings	
nerd	󱪦	md-filter_settings_outline	
nerd	󰈶	md-filter_variant	
nerd	󱄒	md-filter_variant_minus	
nerd	󱄓	md-filter_variant_plus	
nerd	󱀿	md-filter_variant_remove	
nerd	󰠟	md-finance	
nerd	󰛔	md-find_replace	
nerd	󰈷	md-fingerprint	
nerd	󰺱	md-fingerprint_off	
nerd	󰈸	md-fire	
nerd	󱗗	md-fire_alert	
nerd	󱠇	md-fire_circle	
nerd	󰻲	md-fire_extinguisher	
nerd	󱄷	md-fire_hydrant	
nerd	󱄸	md-fire_hydrant_alert	
nerd	󱄹	md-fire_hydrant_off	
nerd	󱜢	md-fire_off	
nerd	󰢫	md-fire_truck	
nerd	󰥧	md-firebase	
nerd	󰈹	md-firefox	
nerd	󰸮	md-fireplace	
nerd	󰸯	md-fireplace_off	
nerd	󰖾	md-firewire	
nerd	󰸰	md-firework	
nerd	󱜣	md-firework_off	
nerd	󰈺	md-fish	
nerd	󱏳	md-fish_off	
nerd	󰻳	md-fishbowl	
nerd	󰻴	md-fishbowl_outline	
nerd	󰻵	md-fit_to_page	
nerd	󰻶	md-fit_to_page_outline	
nerd	󱣴	md-fit_to_screen	
nerd	󱣵	md-fit_to_screen_outline	
nerd	󰈻	md-flag	
nerd	󰈼	md-flag_checkered	
nerd	󰮙	md-flag_minus	
nerd	󱂲	md-flag_minus_outline	
nerd	󱣮	md-flag_off	
nerd	󱣯	md-flag_off_outline	
nerd	󰈽	md-flag_outline	
nerd	󰮚	md-flag_plus	
nerd	󱂳	md-flag_plus_outline	
nerd	󰮛	md-flag_remove	
nerd	󱂴	md-flag_remove_outline	
nerd	󰈿	md-flag_triangle	
nerd	󰉀	md-flag_variant	
nerd	󰈾	md-flag_variant_outline	
nerd	󰵲	md-flare	
nerd	󰉁	md-flash	
nerd	󰻷	md-flash_alert	
nerd	󰻸	md-flash_alert_outline	
nerd	󰉂	md-flash_auto	
nerd	󰉃	md-flash_off	
nerd	󰛕	md-flash_outline	
nerd	󰙻	md-flash_red_eye	
nerd	󰉄	md-flashlight	
nerd	󰉅	md-flashlight_off	
nerd	󰂓	md-flask	
nerd	󰂔	md-flask_empty	
nerd	󱈺	md-flask_empty_minus	
nerd	󱈻	md-flask_empty_minus_outline	
nerd	󱏴	md-flask_empty_off	
nerd	󱏵	md-flask_empty_off_outline	
nerd	󰂕	md-flask_empty_outline	
nerd	󱈼	md-flask_empty_plus	
nerd	󱈽	md-flask_empty_plus_outline	
nerd	󱈾	md-flask_empty_remove	
nerd	󱈿	md-flask_empty_remove_outline	
nerd	󱉀	md-flask_minus	
nerd	󱉁	md-flask_minus_outline	
nerd	󱏶	md-flask_off	
nerd	󱏷	md-flask_off_outline	
nerd	󰂖	md-flask_outline	
nerd	󱉂	md-flask_plus	
nerd	󱉃	md-flask_plus_outline	
nerd	󱉄	md-flask_remove	
nerd	󱉅	md-flask_remove_outline	
nerd	󱉋	md-flask_round_bottom	
nerd	󱉌	md-flask_round_bottom_empty	
nerd	󱉍	md-flask_round_bottom_empty_outline	
nerd	󱉎	md-flask_round_bottom_outline	
nerd	󱌃	md-fleur_de_lis	
nerd	󱃧	md-flip_horizontal	
nerd	󰉇	md-flip_to_back	
nerd	󰉈	md-flip_to_front	
nerd	󱃨	md-flip_vertical	
nerd	󰣝	md-floor_lamp	
nerd	󱁀	md-floor_lamp_dual	
nerd	󱟎	md-floor_lamp_dual_outline	
nerd	󱟈	md-floor_lamp_outline	
nerd	󱝇	md-floor_lamp_torchiere	
nerd	󱟖	md-floor_lamp_torchiere_outline	
nerd	󱁁	md-floor_lamp_torchiere_variant	
nerd	󱟏	md-floor_lamp_torchiere_variant_outline	
nerd	󰠡	md-floor_plan	
nerd	󰉉	md-floppy	
nerd	󰧯	md-floppy_variant	
nerd	󰉊	md-flower	
nerd	󰧰	md-flower_outline	
nerd	󱢅	md-flower_pollen	
nerd	󱢆	md-flower_pollen_outline	
nerd	󰴈	md-flower_poppy	
nerd	󰧱	md-flower_tulip	
nerd	󰧲	md-flower_tulip_outline	
nerd	󰽎	md-focus_auto	
nerd	󰽏	md-focus_field	
nerd	󰽐	md-focus_field_horizontal	
nerd	󰽑	md-focus_field_vertical	
nerd	󰉋	md-folder	
nerd	󰉌	md-folder_account	
nerd	󰮜	md-folder_account_outline	
nerd	󰷌	md-folder_alert	
nerd	󰷍	md-folder_alert_outline	
nerd	󱧨	md-folder_arrow_down	
nerd	󱧩	md-folder_arrow_down_outline	
nerd	󱧪	md-folder_arrow_left	
nerd	󱧫	md-folder_arrow_left_outline	
nerd	󱧬	md-folder_arrow_left_right	
nerd	󱧭	md-folder_arrow_left_right_outline	
nerd	󱧮	md-folder_arrow_right	
nerd	󱧯	md-folder_arrow_right_outline	
nerd	󱧰	md-folder_arrow_up	
nerd	󱧱	md-folder_arrow_up_down	
nerd	󱧲	md-folder_arrow_up_down_outline	
nerd	󱧳	md-folder_arrow_up_outline	
nerd	󱧴	md-folder_cancel	
nerd	󱧵	md-folder_cancel_outline	
nerd	󱥾	md-folder_check	
nerd	󱥿	md-folder_check_outline	
nerd	󰪺	md-folder_clock	
nerd	󰪻	md-folder_clock_outline	
nerd	󱁿	md-folder_cog	
nerd	󱂀	md-folder_cog_outline	
nerd	󰉍	md-folder_download	
nerd	󱃩	md-folder_download_outline	
nerd	󰣞	md-folder_edit	
nerd	󰷎	md-folder_edit_outline	
nerd	󱞊	md-folder_eye	
nerd	󱞋	md-folder_eye_outline	
nerd	󱧶	md-folder_file	
nerd	󱧷	md-folder_file_outline	
nerd	󰉎	md-folder_google_drive	
nerd	󱃪	md-folder_heart	
nerd	󱃫	md-folder_heart_outline	
nerd	󱞞	md-folder_hidden	
nerd	󱂵	md-folder_home	
nerd	󱂶	md-folder_home_outline	
nerd	󰉏	md-folder_image	
nerd	󱂷	md-folder_information	
nerd	󱂸	md-folder_information_outline	
nerd	󰢬	md-folder_key	
nerd	󰢭	md-folder_key_network	
nerd	󰲀	md-folder_key_network_outline	
nerd	󱃬	md-folder_key_outline	
nerd	󰉐	md-folder_lock	
nerd	󰉑	md-folder_lock_open	
nerd	󱪧	md-folder_lock_open_outline	
nerd	󱪨	md-folder_lock_outline	
nerd	󱉭	md-folder_marker	
nerd	󱉮	md-folder_marker_outline	
nerd	󰉒	md-folder_move	
nerd	󱉆	md-folder_move_outline	
nerd	󰉓	md-folder_multiple	
nerd	󰉔	md-folder_multiple_image	
nerd	󰉕	md-folder_multiple_outline	
nerd	󱑾	md-folder_multiple_plus	
nerd	󱑿	md-folder_multiple_plus_outline	
nerd	󱍙	md-folder_music	
nerd	󱍚	md-folder_music_outline	
nerd	󰡰	md-folder_network	
nerd	󰲁	md-folder_network_outline	
nerd	󱧸	md-folder_off	
nerd	󱧹	md-folder_off_outline	
nerd	󰝰	md-folder_open	
nerd	󰷏	md-folder_open_outline	
nerd	󰉖	md-folder_outline	
nerd	󱧺	md-folder_play	
nerd	󱧻	md-folder_play_outline	
nerd	󰉗	md-folder_plus	
nerd	󰮝	md-folder_plus_outline	
nerd	󰴉	md-folder_pound	
nerd	󰴊	md-folder_pound_outline	
nerd	󱧊	md-folder_question	
nerd	󱧋	md-folder_question_outline	
nerd	󰝉	md-folder_refresh	
nerd	󰕂	md-folder_refresh_outline	
nerd	󰉘	md-folder_remove	
nerd	󰮞	md-folder_remove_outline	
nerd	󰥨	md-folder_search	
nerd	󰥩	md-folder_search_outline	
nerd	󱁽	md-folder_settings	
nerd	󱁾	md-folder_settings_outline	
nerd	󰚝	md-folder_star	
nerd	󱏓	md-folder_star_multiple	
nerd	󱏔	md-folder_star_multiple_outline	
nerd	󰮟	md-folder_star_outline	
nerd	󰾶	md-folder_swap	
nerd	󰾷	md-folder_swap_outline	
nerd	󰴋	md-folder_sync	
nerd	󰴌	md-folder_sync_outline	
nerd	󱋣	md-folder_table	
nerd	󱋤	md-folder_table_outline	
nerd	󰲂	md-folder_text	
nerd	󰲃	md-folder_text_outline	
nerd	󰉙	md-folder_upload	
nerd	󱃭	md-folder_upload_outline	
nerd	󱧼	md-folder_wrench	
nerd	󱧽	md-folder_wrench_outline	
nerd	󰛫	md-folder_zip	
nerd	󰞹	md-folder_zip_outline	
nerd	󰀺	md-font_awesome	
nerd	󰉚	md-food	
nerd	󰉛	md-food_apple	
nerd	󰲄	md-food_apple_outline	
nerd	󰟈	md-food_croissant	
nerd	󱐟	md-food_drumstick	
nerd	󱑨	md-food_drumstick_off	
nerd	󱑩	md-food_drumstick_off_outline	
nerd	󱐠	md-food_drumstick_outline	
nerd	󰗲	md-food_fork_drink	
nerd	󱕲	md-food_halal	
nerd	󱡋	md-food_hot_dog	
nerd	󱕳	md-food_kosher	
nerd	󰗳	md-food_off	
nerd	󱤕	md-food_off_outline	
nerd	󱤖	md-food_outline	
nerd	󱑪	md-food_steak	
nerd	󱑫	md-food_steak_off	
nerd	󱠶	md-food_takeout_box	
nerd	󱠷	md-food_takeout_box_outline	
nerd	󱜜	md-food_turkey	
nerd	󰉜	md-food_variant	
nerd	󱏥	md-food_variant_off	
nerd	󰽒	md-foot_print	
nerd	󰉝	md-football	
nerd	󰉞	md-football_australian	
nerd	󰉟	md-football_helmet	
nerd	󱢗	md-forest	
nerd	󰟉	md-forklift	
nerd	󱐀	md-form_dropdown	
nerd	󱐁	md-form_select	
nerd	󱂕	md-form_textarea	
nerd	󰘎	md-form_textbox	
nerd	󱍝	md-form_textbox_lock	
nerd	󰟵	md-form_textbox_password	
nerd	󰝓	md-format_align_bottom	
nerd	󰉠	md-format_align_center	
nerd	󰉡	md-format_align_justify	
nerd	󰉢	md-format_align_left	
nerd	󰝔	md-format_align_middle	
nerd	󰉣	md-format_align_right	
nerd	󰝕	md-format_align_top	
nerd	󰪼	md-format_annotation_minus	
nerd	󰙆	md-format_annotation_plus	
nerd	󰉤	md-format_bold	
nerd	󰉥	md-format_clear	
nerd	󰉦	md-format_color_fill	
nerd	󰸱	md-format_color_highlight	
nerd	󱌓	md-format_color_marker_cancel	
nerd	󰚞	md-format_color_text	
nerd	󰣟	md-format_columns	
nerd	󰉧	md-format_float_center	
nerd	󰉨	md-format_float_left	
nerd	󰉩	md-format_float_none	
nerd	󰉪	md-format_float_right	
nerd	󰛖	md-format_font	
nerd	󰧳	md-format_font_size_decrease	
nerd	󰧴	md-format_font_size_increase	
nerd	󰉫	md-format_header_1	
nerd	󰉬	md-format_header_2	
nerd	󰉭	md-format_header_3	
nerd	󰉮	md-format_header_4	
nerd	󰉯	md-format_header_5	
nerd	󰉰	md-format_header_6	
nerd	󰉱	md-format_header_decrease	
nerd	󰉲	md-format_header_equal	
nerd	󰉳	md-format_header_increase	
nerd	󰉴	md-format_header_pound	
nerd	󰘞	md-format_horizontal_align_center	
nerd	󰘟	md-format_horizontal_align_left	
nerd	󰘠	md-format_horizontal_align_right	
nerd	󰉵	md-format_indent_decrease	
nerd	󰉶	md-format_indent_increase	
nerd	󰉷	md-format_italic	
nerd	󰬴	md-format_letter_case	
nerd	󰬵	md-format_letter_case_lower	
nerd	󰬶	md-format_letter_case_upper	
nerd	󰾸	md-format_letter_ends_with	
nerd	󰾹	md-format_letter_matches	
nerd	󱥖	md-format_letter_spacing	
nerd	󰾺	md-format_letter_starts_with	
nerd	󰉸	md-format_line_spacing	
nerd	󰗈	md-format_line_style	
nerd	󰗉	md-format_line_weight	
nerd	󰉹	md-format_list_bulleted	
nerd	󰷐	md-format_list_bulleted_square	
nerd	󰺲	md-format_list_bulleted_triangle	
nerd	󰉺	md-format_list_bulleted_type	
nerd	󰥪	md-format_list_checkbox	
nerd	󰝖	md-format_list_checks	
nerd	󱡠	md-format_list_group	
nerd	󰉻	md-format_list_numbered	
nerd	󰴍	md-format_list_numbered_rtl	
nerd	󱉯	md-format_list_text	
nerd	󰺳	md-format_overline	
nerd	󰛗	md-format_page_break	
nerd	󱤗	md-format_page_split	
nerd	󰉼	md-format_paint	
nerd	󰉽	md-format_paragraph	
nerd	󰛘	md-format_pilcrow	
nerd	󰉾	md-format_quote_close	
nerd	󱆨	md-format_quote_close_outline	
nerd	󰝗	md-format_quote_open	
nerd	󱆧	md-format_quote_open_outline	
nerd	󰚪	md-format_rotate_90	
nerd	󰚟	md-format_section	
nerd	󰉿	md-format_size	
nerd	󰊀	md-format_strikethrough	
nerd	󰊁	md-format_strikethrough_variant	
nerd	󰊂	md-format_subscript	
nerd	󰊃	md-format_superscript	
nerd	󰊄	md-format_text	
nerd	󰾻	md-format_text_rotation_angle_down	
nerd	󰾼	md-format_text_rotation_angle_up	
nerd	󰵳	md-format_text_rotation_down	
nerd	󰾽	md-format_text_rotation_down_vertical	
nerd	󰵴	md-format_text_rotation_none	
nerd	󰾾	md-format_text_rotation_up	
nerd	󰾿	md-format_text_rotation_vertical	
nerd	󰸲	md-format_text_variant	
nerd	󱔏	md-format_text_variant_outline	
nerd	󰴎	md-format_text_wrapping_clip	
nerd	󰴏	md-format_text_wrapping_overflow	
nerd	󰴐	md-format_text_wrapping_wrap	
nerd	󰴑	md-format_textbox	
nerd	󰊅	md-format_textdirection_l_to_r	
nerd	󰊆	md-format_textdirection_r_to_l	
nerd	󰗴	md-format_title	
nerd	󰊇	md-format_underline	
nerd	󱣩	md-format_underline_wavy	
nerd	󰘡	md-format_vertical_align_bottom	
nerd	󰘢	md-format_vertical_align_center	
nerd	󰘣	md-format_vertical_align_top	
nerd	󰊈	md-format_wrap_inline	
nerd	󰊉	md-format_wrap_square	
nerd	󰊊	md-format_wrap_tight	
nerd	󰊋	md-format_wrap_top_bottom	
nerd	󰊌	md-forum	
nerd	󱪩	md-forum_minus	
nerd	󱪪	md-forum_minus_outline	
nerd	󰠢	md-forum_outline	
nerd	󱪫	md-forum_plus	
nerd	󱪬	md-forum_plus_outline	
nerd	󱪭	md-forum_remove	
nerd	󱪮	md-forum_remove_outline	
nerd	󰊍	md-forward	
nerd	󰵵	md-forwardburger	
nerd	󰥫	md-fountain	
nerd	󰴒	md-fountain_pen	
nerd	󰴓	md-fountain_pen_tip	
nerd	󱦒	md-fraction_one_half	
nerd	󰣠	md-freebsd	
nerd	󱥗	md-french_fries	
nerd	󰺴	md-frequently_asked_questions	
nerd	󰊐	md-fridge	
nerd	󱆱	md-fridge_alert	
nerd	󱆲	md-fridge_alert_outline	
nerd	󰊒	md-fridge_bottom	
nerd	󱗮	md-fridge_industrial	
nerd	󱗯	md-fridge_industrial_alert	
nerd	󱗰	md-fridge_industrial_alert_outline	
nerd	󱗱	md-fridge_industrial_off	
nerd	󱗲	md-fridge_industrial_off_outline	
nerd	󱗳	md-fridge_industrial_outline	
nerd	󱆯	md-fridge_off	
nerd	󱆰	md-fridge_off_outline	
nerd	󰊏	md-fridge_outline	
nerd	󰊑	md-fridge_top	
nerd	󱗴	md-fridge_variant	
nerd	󱗵	md-fridge_variant_alert	
nerd	󱗶	md-fridge_variant_alert_outline	
nerd	󱗷	md-fridge_variant_off	
nerd	󱗸	md-fridge_variant_off_outline	
nerd	󱗹	md-fridge_variant_outline	
nerd	󱁂	md-fruit_cherries	
nerd	󱏸	md-fruit_cherries_off	
nerd	󱁃	md-fruit_citrus	
nerd	󱏹	md-fruit_citrus_off	
nerd	󱁄	md-fruit_grapes	
nerd	󱁅	md-fruit_grapes_outline	
nerd	󱨎	md-fruit_pear	
nerd	󱁆	md-fruit_pineapple	
nerd	󱁇	md-fruit_watermelon	
nerd	󰟊	md-fuel	
nerd	󱢵	md-fuel_cell	
nerd	󰊓	md-fullscreen	
nerd	󰊔	md-fullscreen_exit	
nerd	󰊕	md-function	
nerd	󰡱	md-function_variant	
nerd	󱂁	md-furigana_horizontal	
nerd	󱂂	md-furigana_vertical	
nerd	󰲅	md-fuse	
nerd	󱐭	md-fuse_alert	
nerd	󰲆	md-fuse_blade	
nerd	󱐬	md-fuse_off	
nerd	󰊖	md-gamepad	
nerd	󰸳	md-gamepad_circle	
nerd	󰸴	md-gamepad_circle_down	
nerd	󰸵	md-gamepad_circle_left	
nerd	󰸶	md-gamepad_circle_outline	
nerd	󰸷	md-gamepad_circle_right	
nerd	󰸸	md-gamepad_circle_up	
nerd	󰸹	md-gamepad_down	
nerd	󰸺	md-gamepad_left	
nerd	󱤙	md-gamepad_outline	
nerd	󰸻	md-gamepad_right	
nerd	󰸼	md-gamepad_round	
nerd	󰸽	md-gamepad_round_down	
nerd	󰸾	md-gamepad_round_left	
nerd	󰸿	md-gamepad_round_outline	
nerd	󰹀	md-gamepad_round_right	
nerd	󰹁	md-gamepad_round_up	
nerd	󰺵	md-gamepad_square	
nerd	󰺶	md-gamepad_square_outline	
nerd	󰹂	md-gamepad_up	
nerd	󰊗	md-gamepad_variant	
nerd	󰺷	md-gamepad_variant_outline	
nerd	󱃮	md-gamma	
nerd	󰷑	md-gantry_crane	
nerd	󰛙	md-garage	
nerd	󰡲	md-garage_alert	
nerd	󱋕	md-garage_alert_variant	
nerd	󱟻	md-garage_lock	
nerd	󰛚	md-garage_open	
nerd	󱋔	md-garage_open_variant	
nerd	󱋓	md-garage_variant	
nerd	󱟼	md-garage_variant_lock	
nerd	󱨛	md-gas_burner	
nerd	󰙇	md-gas_cylinder	
nerd	󰊘	md-gas_station	
nerd	󱐉	md-gas_station_off	
nerd	󱐊	md-gas_station_off_outline	
nerd	󰺸	md-gas_station_outline	
nerd	󰊙	md-gate	
nerd	󱟸	md-gate_alert	
nerd	󰣡	md-gate_and	
nerd	󱟷	md-gate_arrow_left	
nerd	󱅩	md-gate_arrow_right	
nerd	󰣢	md-gate_nand	
nerd	󰣣	md-gate_nor	
nerd	󰣤	md-gate_not	
nerd	󱅪	md-gate_open	
nerd	󰣥	md-gate_or	
nerd	󰣦	md-gate_xnor	
nerd	󰣧	md-gate_xor	
nerd	󰹃	md-gatsby	
nerd	󰊚	md-gauge	
nerd	󰡳	md-gauge_empty	
nerd	󰡴	md-gauge_full	
nerd	󰡵	md-gauge_low	
nerd	󰊛	md-gavel	
nerd	󰊜	md-gender_female	
nerd	󰊝	md-gender_male	
nerd	󰊞	md-gender_male_female	
nerd	󱄿	md-gender_male_female_variant	
nerd	󱅀	md-gender_non_binary	
nerd	󰊟	md-gender_transgender	
nerd	󰣨	md-gentoo	
nerd	󰟋	md-gesture	
nerd	󰜼	md-gesture_double_tap	
nerd	󰪽	md-gesture_pinch	
nerd	󰪾	md-gesture_spread	
nerd	󰵶	md-gesture_swipe	
nerd	󰜽	md-gesture_swipe_down	
nerd	󰪿	md-gesture_swipe_horizontal	
nerd	󰜾	md-gesture_swipe_left	
nerd	󰜿	md-gesture_swipe_right	
nerd	󰝀	md-gesture_swipe_up	
nerd	󰫀	md-gesture_swipe_vertical	
nerd	󰝁	md-gesture_tap	
nerd	󱊩	md-gesture_tap_box	
nerd	󱊨	md-gesture_tap_button	
nerd	󰵷	md-gesture_tap_hold	
nerd	󰝂	md-gesture_two_double_tap	
nerd	󰝃	md-gesture_two_tap	
nerd	󰊠	md-ghost	
nerd	󰧵	md-ghost_off	
nerd	󱙜	md-ghost_off_outline	
nerd	󱙝	md-ghost_outline	
nerd	󰹄	md-gift	
nerd	󱛯	md-gift_off	
nerd	󱛰	md-gift_off_outline	
nerd	󱛱	md-gift_open	
nerd	󱛲	md-gift_open_outline	
nerd	󰊡	md-gift_outline	
nerd	󰊢	md-git	
nerd	󰊤	md-github	
nerd	󰮠	md-gitlab	
nerd	󰍖	md-glass_cocktail	
nerd	󱗦	md-glass_cocktail_off	
nerd	󰊥	md-glass_flute	
nerd	󱡳	md-glass_fragile	
nerd	󰊦	md-glass_mug	
nerd	󱗧	md-glass_mug_off	
nerd	󱄖	md-glass_mug_variant	
nerd	󱗨	md-glass_mug_variant_off	
nerd	󱌍	md-glass_pint_outline	
nerd	󰊧	md-glass_stange	
nerd	󰊨	md-glass_tulip	
nerd	󰡶	md-glass_wine	
nerd	󰊪	md-glasses	
nerd	󱋗	md-globe_light	
nerd	󰣩	md-globe_model	
nerd	󰊫	md-gmail	
nerd	󰊬	md-gnome	
nerd	󰵹	md-go_kart	
nerd	󰵺	md-go_kart_track	
nerd	󰮡	md-gog	
nerd	󱉏	md-gold	
nerd	󰠣	md-golf	
nerd	󱆤	md-golf_cart	
nerd	󱂃	md-golf_tee	
nerd	󰚆	md-gondola	
nerd	󰵻	md-goodreads	
nerd	󰊭	md-google	
nerd	󰲇	md-google_ads	
nerd	󰟌	md-google_analytics	
nerd	󰟍	md-google_assistant	
nerd	󰊮	md-google_cardboard	
nerd	󰊯	md-google_chrome	
nerd	󰊰	md-google_circles	
nerd	󰊱	md-google_circles_communities	
nerd	󰊲	md-google_circles_extended	
nerd	󰊳	md-google_circles_group	
nerd	󰋀	md-google_classroom	
nerd	󱇶	md-google_cloud	
nerd	󰊴	md-google_controller	
nerd	󰊵	md-google_controller_off	
nerd	󱍢	md-google_downasaur	
nerd	󰊶	md-google_drive	
nerd	󰊷	md-google_earth	
nerd	󰥬	md-google_fit	
nerd	󰊸	md-google_glass	
nerd	󰋉	md-google_hangouts	
nerd	󰠤	md-google_home	
nerd	󰛜	md-google_keep	
nerd	󰧶	md-google_lens	
nerd	󰗵	md-google_maps	
nerd	󱁈	md-google_my_business	
nerd	󰊹	md-google_nearby	
nerd	󰊼	md-google_play	
nerd	󰊽	md-google_plus	
nerd	󰺹	md-google_podcast	
nerd	󰧷	md-google_spreadsheet	
nerd	󰲈	md-google_street_view	
nerd	󰊿	md-google_translate	
nerd	󱝊	md-gradient_horizontal	
nerd	󰚠	md-gradient_vertical	
nerd	󰵼	md-grain	
nerd	󱁉	md-graph	
nerd	󱁊	md-graph_outline	
nerd	󰡷	md-graphql	
nerd	󱔐	md-grass	
nerd	󰮢	md-grave_stone	
nerd	󰙈	md-grease_pencil	
nerd	󰥭	md-greater_than	
nerd	󰥮	md-greater_than_or_equal	
nerd	󰀭	md-greenhouse	
nerd	󰋁	md-grid	
nerd	󰝘	md-grid_large	
nerd	󰋂	md-grid_off	
nerd	󰹅	md-grill	
nerd	󱆊	md-grill_outline	
nerd	󰋃	md-group	
nerd	󰝱	md-guitar_acoustic	
nerd	󰋄	md-guitar_electric	
nerd	󰋅	md-guitar_pick	
nerd	󰋆	md-guitar_pick_outline	
nerd	󰠥	md-guy_fawkes_mask	
nerd	󱩁	md-gymnastics	
nerd	󰫁	md-hail	
nerd	󱃯	md-hair_dryer	
nerd	󱃰	md-hair_dryer_outline	
nerd	󰮣	md-halloween	
nerd	󰚅	md-hamburger	
nerd	󱝶	md-hamburger_check	
nerd	󱝷	md-hamburger_minus	
nerd	󱝸	md-hamburger_off	
nerd	󱝹	md-hamburger_plus	
nerd	󱝺	md-hamburger_remove	
nerd	󰣪	md-hammer	
nerd	󱌢	md-hammer_screwdriver	
nerd	󱢇	md-hammer_sickle	
nerd	󱌣	md-hammer_wrench	
nerd	󰹆	md-hand_back_left	
nerd	󱠰	md-hand_back_left_off	
nerd	󱠲	md-hand_back_left_off_outline	
nerd	󱠬	md-hand_back_left_outline	
nerd	󰹇	md-hand_back_right	
nerd	󱠱	md-hand_back_right_off	
nerd	󱠳	md-hand_back_right_off_outline	
nerd	󱠭	md-hand_back_right_outline	
nerd	󱥋	md-hand_clap	
nerd	󱩂	md-hand_clap_off	
nerd	󱢏	md-hand_coin	
nerd	󱢐	md-hand_coin_outline	
nerd	󱢶	md-hand_extended	
nerd	󱢷	md-hand_extended_outline	
nerd	󱠫	md-hand_front_left	
nerd	󱠮	md-hand_front_left_outline	
nerd	󰩏	md-hand_front_right	
nerd	󱠯	md-hand_front_right_outline	
nerd	󱃱	md-hand_heart	
nerd	󱕾	md-hand_heart_outline	
nerd	󰩐	md-hand_okay	
nerd	󰩑	md-hand_peace	
nerd	󰩒	md-hand_peace_variant	
nerd	󰩓	md-hand_pointing_down	
nerd	󰩔	md-hand_pointing_left	
nerd	󰋇	md-hand_pointing_right	
nerd	󰩕	md-hand_pointing_up	
nerd	󰹈	md-hand_saw	
nerd	󱕿	md-hand_wash	
nerd	󱖀	md-hand_wash_outline	
nerd	󱎟	md-hand_water	
nerd	󱠡	md-hand_wave	
nerd	󱠢	md-hand_wave_outline	
nerd	󰽓	md-handball	
nerd	󱄾	md-handcuffs	
nerd	󰕹	md-hands_pray	
nerd	󱈘	md-handshake	
nerd	󱖡	md-handshake_outline	
nerd	󰋈	md-hanger	
nerd	󰥯	md-hard_hat	
nerd	󰋊	md-harddisk	
nerd	󱁋	md-harddisk_plus	
nerd	󱁌	md-harddisk_remove	
nerd	󰮤	md-hat_fedora	
nerd	󰲉	md-hazard_lights	
nerd	󰵽	md-hdr	
nerd	󰵾	md-hdr_off	
nerd	󱍞	md-head	
nerd	󱌸	md-head_alert	
nerd	󱌹	md-head_alert_outline	
nerd	󱌺	md-head_check	
nerd	󱌻	md-head_check_outline	
nerd	󱌼	md-head_cog	
nerd	󱌽	md-head_cog_outline	
nerd	󱌾	md-head_dots_horizontal	
nerd	󱌿	md-head_dots_horizontal_outline	
nerd	󱍀	md-head_flash	
nerd	󱍁	md-head_flash_outline	
nerd	󱍂	md-head_heart	
nerd	󱍃	md-head_heart_outline	
nerd	󱍄	md-head_lightbulb	
nerd	󱍅	md-head_lightbulb_outline	
nerd	󱍆	md-head_minus	
nerd	󱍇	md-head_minus_outline	
nerd	󱍟	md-head_outline	
nerd	󱍈	md-head_plus	
nerd	󱍉	md-head_plus_outline	
nerd	󱍊	md-head_question	
nerd	󱍋	md-head_question_outline	
nerd	󱍌	md-head_remove	
nerd	󱍍	md-head_remove_outline	
nerd	󱍎	md-head_snowflake	
nerd	󱍏	md-head_snowflake_outline	
nerd	󱍐	md-head_sync	
nerd	󱍑	md-head_sync_outline	
nerd	󰋋	md-headphones	
nerd	󰥰	md-headphones_bluetooth	
nerd	󰋌	md-headphones_box	
nerd	󰟎	md-headphones_off	
nerd	󰋍	md-headphones_settings	
nerd	󰋎	md-headset	
nerd	󰋏	md-headset_dock	
nerd	󰋐	md-headset_off	
nerd	󰋑	md-heart	
nerd	󰋒	md-heart_box	
nerd	󰋓	md-heart_box_outline	
nerd	󰋔	md-heart_broken	
nerd	󰴔	md-heart_broken_outline	
nerd	󰥱	md-heart_circle	
nerd	󰥲	md-heart_circle_outline	
nerd	󱙣	md-heart_cog	
nerd	󱙤	md-heart_cog_outline	
nerd	󰻹	md-heart_flash	
nerd	󰛟	md-heart_half	
nerd	󰛞	md-heart_half_full	
nerd	󰛠	md-heart_half_outline	
nerd	󱐯	md-heart_minus	
nerd	󱐲	md-heart_minus_outline	
nerd	󰩖	md-heart_multiple	
nerd	󰩗	md-heart_multiple_outline	
nerd	󰝙	md-heart_off	
nerd	󱐴	md-heart_off_outline	
nerd	󰋕	md-heart_outline	
nerd	󱐮	md-heart_plus	
nerd	󱐱	md-heart_plus_outline	
nerd	󰗶	md-heart_pulse	
nerd	󱐰	md-heart_remove	
nerd	󱐳	md-heart_remove_outline	
nerd	󱙥	md-heart_settings	
nerd	󱙦	md-heart_settings_outline	
nerd	󱩃	md-heat_pump	
nerd	󱩄	md-heat_pump_outline	
nerd	󱩅	md-heat_wave	
nerd	󱪯	md-heating_coil	
nerd	󰫂	md-helicopter	
nerd	󰋖	md-help	
nerd	󰞋	md-help_box	
nerd	󰋗	md-help_circle	
nerd	󰘥	md-help_circle_outline	
nerd	󰛵	md-help_network	
nerd	󰲊	md-help_network_outline	
nerd	󰮥	md-help_rhombus	
nerd	󰮦	md-help_rhombus_outline	
nerd	󱊧	md-hexadecimal	
nerd	󰋘	md-hexagon	
nerd	󰛡	md-hexagon_multiple	
nerd	󱃲	md-hexagon_multiple_outline	
nerd	󰋙	md-hexagon_outline	
nerd	󰫃	md-hexagon_slice_1	
nerd	󰫄	md-hexagon_slice_2	
nerd	󰫅	md-hexagon_slice_3	
nerd	󰫆	md-hexagon_slice_4	
nerd	󰫇	md-hexagon_slice_5	
nerd	󰫈	md-hexagon_slice_6	
nerd	󰫉	md-hexagram	
nerd	󰫊	md-hexagram_outline	
nerd	󰟏	md-high_definition	
nerd	󰡸	md-high_definition_box	
nerd	󰗷	md-highway	
nerd	󰵿	md-hiking	
nerd	󰋚	md-history	
nerd	󰡹	md-hockey_puck	
nerd	󰡺	md-hockey_sticks	
nerd	󰋛	md-hololens	
nerd	󰋜	md-home	
nerd	󰠦	md-home_account	
nerd	󰡻	md-home_alert	
nerd	󱗐	md-home_alert_outline	
nerd	󰺺	md-home_analytics	
nerd	󰟐	md-home_assistant	
nerd	󰟑	md-home_automation	
nerd	󱤁	md-home_battery	
nerd	󱤂	md-home_battery_outline	
nerd	󰟒	md-home_circle	
nerd	󱁍	md-home_circle_outline	
nerd	󰴕	md-home_city	
nerd	󰴖	md-home_city_outline	
nerd	󱨒	md-home_clock	
nerd	󱨓	md-home_clock_outline	
nerd	󱅙	md-home_edit	
nerd	󱅚	md-home_edit_outline	
nerd	󰾛	md-home_export_outline	
nerd	󰻺	md-home_flood	
nerd	󰷒	md-home_floor_0	
nerd	󰶀	md-home_floor_1	
nerd	󰶁	md-home_floor_2	
nerd	󰶂	md-home_floor_3	
nerd	󰶃	md-home_floor_a	
nerd	󰶄	md-home_floor_b	
nerd	󰶅	md-home_floor_g	
nerd	󰶆	md-home_floor_l	
nerd	󰷓	md-home_floor_negative_1	
nerd	󰷔	md-home_group	
nerd	󱧁	md-home_group_minus	
nerd	󱧀	md-home_group_plus	
nerd	󱧂	md-home_group_remove	
nerd	󰠧	md-home_heart	
nerd	󰾜	md-home_import_outline	
nerd	󱉑	md-home_lightbulb	
nerd	󱉒	md-home_lightbulb_outline	
nerd	󱤃	md-home_lightning_bolt	
nerd	󱤄	md-home_lightning_bolt_outline	
nerd	󰣫	md-home_lock	
nerd	󰣬	md-home_lock_open	
nerd	󰗸	md-home_map_marker	
nerd	󰥴	md-home_minus	
nerd	󱏕	md-home_minus_outline	
nerd	󰋝	md-home_modern	
nerd	󱩆	md-home_off	
nerd	󱩇	md-home_off_outline	
nerd	󰚡	md-home_outline	
nerd	󰥵	md-home_plus	
nerd	󱏖	md-home_plus_outline	
nerd	󱉇	md-home_remove	
nerd	󱏗	md-home_remove_outline	
nerd	󱄫	md-home_roof	
nerd	󱎰	md-home_search	
nerd	󱎱	md-home_search_outline	
nerd	󱞔	md-home_switch	
nerd	󱞕	md-home_switch_outline	
nerd	󰽔	md-home_thermometer	
nerd	󰽕	md-home_thermometer_outline	
nerd	󰋞	md-home_variant	
nerd	󰮧	md-home_variant_outline	
nerd	󰛢	md-hook	
nerd	󰛣	md-hook_off	
nerd	󰹖	md-hoop_house	
nerd	󰋟	md-hops	
nerd	󱃳	md-horizontal_rotate_clockwise	
nerd	󱃴	md-horizontal_rotate_counterclockwise	
nerd	󱖿	md-horse	
nerd	󱗀	md-horse_human	
nerd	󱗁	md-horse_variant	
nerd	󱡮	md-horse_variant_fast	
nerd	󰩘	md-horseshoe	
nerd	󰿶	md-hospital	
nerd	󰋠	md-hospital_box	
nerd	󰿷	md-hospital_box_outline	
nerd	󰋡	md-hospital_building	
nerd	󰋢	md-hospital_marker	
nerd	󰠨	md-hot_tub	
nerd	󱑸	md-hours_24	
nerd	󰴗	md-hubspot	
nerd	󰠩	md-hulu	
nerd	󰋦	md-human	
nerd	󱎋	md-human_baby_changing_table	
nerd	󱖁	md-human_cane	
nerd	󱖛	md-human_capacity_decrease	
nerd	󱖜	md-human_capacity_increase	
nerd	󰋧	md-human_child	
nerd	󱦀	md-human_dolly	
nerd	󱓨	md-human_edit	
nerd	󰙉	md-human_female	
nerd	󰩙	md-human_female_boy	
nerd	󱗉	md-human_female_dance	
nerd	󰩚	md-human_female_female	
nerd	󰩛	md-human_female_girl	
nerd	󱟄	md-human_greeting	
nerd	󱖝	md-human_greeting_proximity	
nerd	󰙊	md-human_greeting_variant	
nerd	󰙋	md-human_handsdown	
nerd	󰙌	md-human_handsup	
nerd	󰙍	md-human_male	
nerd	󰢐	md-human_male_board	
nerd	󰡆	md-human_male_board_poll	
nerd	󰩜	md-human_male_boy	
nerd	󱎌	md-human_male_child	
nerd	󰋨	md-human_male_female	
nerd	󱠣	md-human_male_female_child	
nerd	󰩝	md-human_male_girl	
nerd	󰻻	md-human_male_height	
nerd	󰻼	md-human_male_height_variant	
nerd	󰩞	md-human_male_male	
nerd	󱡈	md-human_non_binary	
nerd	󰗏	md-human_pregnant	
nerd	󱕱	md-human_queue	
nerd	󱇩	md-human_scooter	
nerd	󱎍	md-human_wheelchair	
nerd	󱦁	md-human_white_cane	
nerd	󰝄	md-humble_bundle	
nerd	󱍒	md-hvac	
nerd	󱖞	md-hvac_off	
nerd	󱌤	md-hydraulic_oil_level	
nerd	󱌥	md-hydraulic_oil_temperature	
nerd	󱋥	md-hydro_power	
nerd	󱢔	md-hydrogen_station	
nerd	󰠪	md-ice_cream	
nerd	󰹒	md-ice_cream_off	
nerd	󰻽	md-ice_pop	
nerd	󰿀	md-id_card	
nerd	󰻾	md-identifier	
nerd	󱌱	md-ideogram_cjk	
nerd	󱌲	md-ideogram_cjk_variant	
nerd	󰋩	md-image	
nerd	󰋪	md-image_album	
nerd	󰋫	md-image_area	
nerd	󰋬	md-image_area_close	
nerd	󰿁	md-image_auto_adjust	
nerd	󰋭	md-image_broken	
nerd	󰋮	md-image_broken_variant	
nerd	󱇣	md-image_edit	
nerd	󱇤	md-image_edit_outline	
nerd	󰋰	md-image_filter_black_white	
nerd	󰋱	md-image_filter_center_focus	
nerd	󰻿	md-image_filter_center_focus_strong	
nerd	󰼀	md-image_filter_center_focus_strong_outline	
nerd	󰋲	md-image_filter_center_focus_weak	
nerd	󰋳	md-image_filter_drama	
nerd	󰋴	md-image_filter_frames	
nerd	󰋵	md-image_filter_hdr	
nerd	󰋶	md-image_filter_none	
nerd	󰋷	md-image_filter_tilt_shift	
nerd	󰋸	md-image_filter_vintage	
nerd	󰹉	md-image_frame	
nerd	󱪰	md-image_lock	
nerd	󱪱	md-image_lock_outline	
nerd	󱝻	md-image_marker	
nerd	󱝼	md-image_marker_outline	
nerd	󱐙	md-image_minus	
nerd	󰧸	md-image_move	
nerd	󰋹	md-image_multiple	
nerd	󰋯	md-image_multiple_outline	
nerd	󰠫	md-image_off	
nerd	󱇑	md-image_off_outline	
nerd	󰥶	md-image_outline	
nerd	󰡼	md-image_plus	
nerd	󱧾	md-image_refresh	
nerd	󱧿	md-image_refresh_outline	
nerd	󱐘	md-image_remove	
nerd	󰥷	md-image_search	
nerd	󰥸	md-image_search_outline	
nerd	󰲍	md-image_size_select_actual	
nerd	󰲎	md-image_size_select_large	
nerd	󰲏	md-image_size_select_small	
nerd	󱨀	md-image_sync	
nerd	󱨁	md-image_sync_outline	
nerd	󱘍	md-image_text	
nerd	󰋺	md-import	
nerd	󰚇	md-inbox	
nerd	󰋻	md-inbox_arrow_down	
nerd	󱉰	md-inbox_arrow_down_outline	
nerd	󰏑	md-inbox_arrow_up	
nerd	󱉱	md-inbox_arrow_up_outline	
nerd	󱉲	md-inbox_full	
nerd	󱉳	md-inbox_full_outline	
nerd	󰢰	md-inbox_multiple	
nerd	󰮨	md-inbox_multiple_outline	
nerd	󱉴	md-inbox_outline	
nerd	󱖟	md-inbox_remove	
nerd	󱖠	md-inbox_remove_outline	
nerd	󰗹	md-incognito	
nerd	󱐡	md-incognito_circle	
nerd	󱐢	md-incognito_circle_off	
nerd	󰁵	md-incognito_off	
nerd	󱡌	md-induction	
nerd	󰛤	md-infinity	
nerd	󰋼	md-information	
nerd	󱞌	md-information_off	
nerd	󱞍	md-information_off_outline	
nerd	󰋽	md-information_outline	
nerd	󰙎	md-information_variant	
nerd	󰋾	md-instagram	
nerd	󱁎	md-instrument_triangle	
nerd	󱤓	md-integrated_circuit_chip	
nerd	󰌁	md-invert_colors	
nerd	󰹊	md-invert_colors_off	
nerd	󱋨	md-iobroker	
nerd	󰩟	md-ip	
nerd	󰩠	md-ip_network	
nerd	󰲐	md-ip_network_outline	
nerd	󱦂	md-ip_outline	
nerd	󰲑	md-ipod	
nerd	󱠤	md-iron	
nerd	󱠸	md-iron_board	
nerd	󱠥	md-iron_outline	
nerd	󱁏	md-island	
nerd	󱂹	md-iv_bag	
nerd	󰷕	md-jabber	
nerd	󰌂	md-jeepney	
nerd	󰼁	md-jellyfish	
nerd	󰼂	md-jellyfish_outline	
nerd	󰌃	md-jira	
nerd	󰡽	md-jquery	
nerd	󰌄	md-jsfiddle	
nerd	󱋿	md-jump_rope	
nerd	󰶇	md-kabaddi	
nerd	󱕘	md-kangaroo	
nerd	󰠬	md-karate	
nerd	󰢯	md-kayaking	
nerd	󰌅	md-keg	
nerd	󰗺	md-kettle	
nerd	󱌗	md-kettle_alert	
nerd	󱌘	md-kettle_alert_outline	
nerd	󱌛	md-kettle_off	
nerd	󱌜	md-kettle_off_outline	
nerd	󰽖	md-kettle_outline	
nerd	󱜼	md-kettle_pour_over	
nerd	󱌙	md-kettle_steam	
nerd	󱌚	md-kettle_steam_outline	
nerd	󱌀	md-kettlebell	
nerd	󰌆	md-key	
nerd	󱦃	md-key_alert	
nerd	󱦄	md-key_alert_outline	
nerd	󱌒	md-key_arrow_right	
nerd	󱕴	md-key_chain	
nerd	󱕵	md-key_chain_variant	
nerd	󰌇	md-key_change	
nerd	󱆟	md-key_link	
nerd	󰌈	md-key_minus	
nerd	󰷖	md-key_outline	
nerd	󰌉	md-key_plus	
nerd	󰌊	md-key_remove	
nerd	󱆞	md-key_star	
nerd	󰌋	md-key_variant	
nerd	󰿂	md-key_wireless	
nerd	󰌌	md-keyboard	
nerd	󰌍	md-keyboard_backspace	
nerd	󰌎	md-keyboard_caps	
nerd	󰌏	md-keyboard_close	
nerd	󱊷	md-keyboard_esc	
nerd	󱊫	md-keyboard_f1	
nerd	󱊴	md-keyboard_f10	
nerd	󱊵	md-keyboard_f11	
nerd	󱊶	md-keyboard_f12	
nerd	󱊬	md-keyboard_f2	
nerd	󱊭	md-keyboard_f3	
nerd	󱊮	md-keyboard_f4	
nerd	󱊯	md-keyboard_f5	
nerd	󱊰	md-keyboard_f6	
nerd	󱊱	md-keyboard_f7	
nerd	󱊲	md-keyboard_f8	
nerd	󱊳	md-keyboard_f9	
nerd	󰌐	md-keyboard_off	
nerd	󰹋	md-keyboard_off_outline	
nerd	󰥻	md-keyboard_outline	
nerd	󰌑	md-keyboard_return	
nerd	󰧹	md-keyboard_settings	
nerd	󰧺	md-keyboard_settings_outline	
nerd	󱁐	md-keyboard_space	
nerd	󰌒	md-keyboard_tab	
nerd	󰌥	md-keyboard_tab_reverse	
nerd	󰌓	md-keyboard_variant	
nerd	󱃽	md-khanda	
nerd	󰝅	md-kickstarter	
nerd	󱦅	md-kite	
nerd	󱦆	md-kite_outline	
nerd	󱝄	md-kitesurfing	
nerd	󱍛	md-klingon	
nerd	󰧻	md-knife	
nerd	󰧼	md-knife_military	
nerd	󱜿	md-koala	
nerd	󰌔	md-kodi	
nerd	󱃾	md-kubernetes	
nerd	󰌕	md-label	
nerd	󱍵	md-label_multiple	
nerd	󱍶	md-label_multiple_outline	
nerd	󰫋	md-label_off	
nerd	󰫌	md-label_off_outline	
nerd	󰌖	md-label_outline	
nerd	󱋪	md-label_percent	
nerd	󱋫	md-label_percent_outline	
nerd	󰫍	md-label_variant	
nerd	󰫎	md-label_variant_outline	
nerd	󱖢	md-ladder	
nerd	󰠭	md-ladybug	
nerd	󰘧	md-lambda	
nerd	󰚵	md-lamp	
nerd	󱟐	md-lamp_outline	
nerd	󱕶	md-lamps	
nerd	󱟑	md-lamps_outline	
nerd	󰌗	md-lan	
nerd	󱊪	md-lan_check	
nerd	󰌘	md-lan_connect	
nerd	󰌙	md-lan_disconnect	
nerd	󰌚	md-lan_pending	
nerd	󱪲	md-land_fields	
nerd	󱪳	md-land_plots	
nerd	󱪴	md-land_plots_circle	
nerd	󱪵	md-land_plots_circle_variant	
nerd	󱪶	md-land_rows_horizontal	
nerd	󱪷	md-land_rows_vertical	
nerd	󱩈	md-landslide	
nerd	󱩉	md-landslide_outline	
nerd	󰙱	md-language_c	
nerd	󰙲	md-language_cpp	
nerd	󰌛	md-language_csharp	
nerd	󰌜	md-language_css3	
nerd	󱈚	md-language_fortran	
nerd	󰟓	md-language_go	
nerd	󰲒	md-language_haskell	
nerd	󰌝	md-language_html5	
nerd	󰬷	md-language_java	
nerd	󰌞	md-language_javascript	
nerd	󱈙	md-language_kotlin	
nerd	󰢱	md-language_lua	
nerd	󰍔	md-language_markdown	
nerd	󰽛	md-language_markdown_outline	
nerd	󰌟	md-language_php	
nerd	󰌠	md-language_python	
nerd	󰟔	md-language_r	
nerd	󰴭	md-language_ruby	
nerd	󰫏	md-language_ruby_on_rails	
nerd	󱘗	md-language_rust	
nerd	󰛥	md-language_swift	
nerd	󰛦	md-language_typescript	
nerd	󰙳	md-language_xaml	
nerd	󰌢	md-laptop	
nerd	󱩊	md-laptop_account	
nerd	󰛧	md-laptop_off	
nerd	󰫐	md-laravel	
nerd	󱒄	md-laser_pointer	
nerd	󰼃	md-lasso	
nerd	󰑆	md-lastpass	
nerd	󰽗	md-latitude	
nerd	󰌧	md-launch	
nerd	󰟕	md-lava_lamp	
nerd	󰌨	md-layers	
nerd	󱢒	md-layers_edit	
nerd	󰹌	md-layers_minus	
nerd	󰌩	md-layers_off	
nerd	󰧽	md-layers_off_outline	
nerd	󰧾	md-layers_outline	
nerd	󰹍	md-layers_plus	
nerd	󰹎	md-layers_remove	
nerd	󱈆	md-layers_search	
nerd	󱈇	md-layers_search_outline	
nerd	󰽘	md-layers_triple	
nerd	󰽙	md-layers_triple_outline	
nerd	󰙏	md-lead_pencil	
nerd	󰌪	md-leaf	
nerd	󱤅	md-leaf_circle	
nerd	󱤆	md-leaf_circle_outline	
nerd	󰲓	md-leaf_maple	
nerd	󱋚	md-leaf_maple_off	
nerd	󱋙	md-leaf_off	
nerd	󰷗	md-leak	
nerd	󰷘	md-leak_off	
nerd	󱫰	md-lecturn	
nerd	󰌫	md-led_off	
nerd	󰌬	md-led_on	
nerd	󰌭	md-led_outline	
nerd	󰟖	md-led_strip	
nerd	󱁑	md-led_strip_variant	
nerd	󱩋	md-led_strip_variant_off	
nerd	󰌮	md-led_variant_off	
nerd	󰌯	md-led_variant_on	
nerd	󰌰	md-led_variant_outline	
nerd	󱅽	md-leek	
nerd	󰥼	md-less_than	
nerd	󰥽	md-less_than_or_equal	
nerd	󰌱	md-library	
nerd	󱨢	md-library_outline	
nerd	󰮩	md-library_shelves	
nerd	󰿃	md-license	
nerd	󰡾	md-lifebuoy	
nerd	󱦇	md-light_flood_down	
nerd	󱦈	md-light_flood_up	
nerd	󱞛	md-light_recessed	
nerd	󰥾	md-light_switch	
nerd	󱨤	md-light_switch_off	
nerd	󰌵	md-lightbulb	
nerd	󱧡	md-lightbulb_alert	
nerd	󱧢	md-lightbulb_alert_outline	
nerd	󱠀	md-lightbulb_auto	
nerd	󱠁	md-lightbulb_auto_outline	
nerd	󱈈	md-lightbulb_cfl	
nerd	󱈉	md-lightbulb_cfl_off	
nerd	󱉵	md-lightbulb_cfl_spiral	
nerd	󱋃	md-lightbulb_cfl_spiral_off	
nerd	󱠄	md-lightbulb_fluorescent_tube	
nerd	󱠅	md-lightbulb_fluorescent_tube_outline	
nerd	󱉓	md-lightbulb_group	
nerd	󱋍	md-lightbulb_group_off	
nerd	󱋎	md-lightbulb_group_off_outline	
nerd	󱉔	md-lightbulb_group_outline	
nerd	󱉕	md-lightbulb_multiple	
nerd	󱋏	md-lightbulb_multiple_off	
nerd	󱋐	md-lightbulb_multiple_off_outline	
nerd	󱉖	md-lightbulb_multiple_outline	
nerd	󱩌	md-lightbulb_night	
nerd	󱩍	md-lightbulb_night_outline	
nerd	󰹏	md-lightbulb_off	
nerd	󰹐	md-lightbulb_off_outline	
nerd	󰛨	md-lightbulb_on	
nerd	󱩎	md-lightbulb_on_10	
nerd	󱩏	md-lightbulb_on_20	
nerd	󱩐	md-lightbulb_on_30	
nerd	󱩑	md-lightbulb_on_40	
nerd	󱩒	md-lightbulb_on_50	
nerd	󱩓	md-lightbulb_on_60	
nerd	󱩔	md-lightbulb_on_70	
nerd	󱩕	md-lightbulb_on_80	
nerd	󱩖	md-lightbulb_on_90	
nerd	󰛩	md-lightbulb_on_outline	
nerd	󰌶	md-lightbulb_outline	
nerd	󱧣	md-lightbulb_question	
nerd	󱧤	md-lightbulb_question_outline	
nerd	󱟴	md-lightbulb_spot	
nerd	󱟵	md-lightbulb_spot_off	
nerd	󱠂	md-lightbulb_variant	
nerd	󱠃	md-lightbulb_variant_outline	
nerd	󰧿	md-lighthouse	
nerd	󰨀	md-lighthouse_on	
nerd	󱐋	md-lightning_bolt	
nerd	󰠠	md-lightning_bolt_circle	
nerd	󱐌	md-lightning_bolt_outline	
nerd	󰘤	md-line_scan	
nerd	󱑶	md-lingerie	
nerd	󰌷	md-link	
nerd	󰴚	md-link_box	
nerd	󰴛	md-link_box_outline	
nerd	󰴜	md-link_box_variant	
nerd	󰴝	md-link_box_variant_outline	
nerd	󱂺	md-link_lock	
nerd	󰌸	md-link_off	
nerd	󰲔	md-link_plus	
nerd	󰌹	md-link_variant	
nerd	󱃿	md-link_variant_minus	
nerd	󰌺	md-link_variant_off	
nerd	󱄀	md-link_variant_plus	
nerd	󱄁	md-link_variant_remove	
nerd	󰌻	md-linkedin	
nerd	󰌽	md-linux	
nerd	󰣭	md-linux_mint	
nerd	󱎵	md-lipstick	
nerd	󱠦	md-liquid_spot	
nerd	󱤞	md-liquor	
nerd	󱖫	md-list_status	
nerd	󰩡	md-litecoin	
nerd	󰝲	md-loading	
nerd	󰿄	md-location_enter	
nerd	󰿅	md-location_exit	
nerd	󰌾	md-lock	
nerd	󰣮	md-lock_alert	
nerd	󱗑	md-lock_alert_outline	
nerd	󱎚	md-lock_check	
nerd	󱚨	md-lock_check_outline	
nerd	󰥿	md-lock_clock	
nerd	󱚩	md-lock_minus	
nerd	󱚪	md-lock_minus_outline	
nerd	󱙱	md-lock_off	
nerd	󱙲	md-lock_off_outline	
nerd	󰌿	md-lock_open	
nerd	󱎛	md-lock_open_alert	
nerd	󱗒	md-lock_open_alert_outline	
nerd	󱎜	md-lock_open_check	
nerd	󱚫	md-lock_open_check_outline	
nerd	󱚬	md-lock_open_minus	
nerd	󱚭	md-lock_open_minus_outline	
nerd	󰍀	md-lock_open_outline	
nerd	󱚮	md-lock_open_plus	
nerd	󱚯	md-lock_open_plus_outline	
nerd	󱚰	md-lock_open_remove	
nerd	󱚱	md-lock_open_remove_outline	
nerd	󰿆	md-lock_open_variant	
nerd	󰿇	md-lock_open_variant_outline	
nerd	󰍁	md-lock_outline	
nerd	󰛪	md-lock_pattern	
nerd	󰗻	md-lock_plus	
nerd	󱚲	md-lock_plus_outline	
nerd	󰣯	md-lock_question	
nerd	󱚳	md-lock_remove	
nerd	󱚴	md-lock_remove_outline	
nerd	󰝳	md-lock_reset	
nerd	󰢲	md-lock_smart	
nerd	󰟗	md-locker	
nerd	󰟘	md-locker_multiple	
nerd	󰍂	md-login	
nerd	󰍃	md-logout	
nerd	󰗽	md-logout_variant	
nerd	󰗼	md-logout_variant_2	
nerd	󰽚	md-longitude	
nerd	󰍄	md-looks	
nerd	󱖂	md-lotion	
nerd	󱖃	md-lotion_outline	
nerd	󱖄	md-lotion_plus	
nerd	󱖅	md-lotion_plus_outline	
nerd	󰍅	md-loupe	
nerd	󰍆	md-lumx	
nerd	󱂄	md-lungs	
nerd	󱡃	md-mace	
nerd	󰌤	md-magazine_pistol	
nerd	󰌣	md-magazine_rifle	
nerd	󱡄	md-magic_staff	
nerd	󰍇	md-magnet	
nerd	󰍈	md-magnet_on	
nerd	󰍉	md-magnify	
nerd	󰦀	md-magnify_close	
nerd	󱡴	md-magnify_expand	
nerd	󰍊	md-magnify_minus	
nerd	󰩢	md-magnify_minus_cursor	
nerd	󰛬	md-magnify_minus_outline	
nerd	󰍋	md-magnify_plus	
nerd	󰩣	md-magnify_plus_cursor	
nerd	󰛭	md-magnify_plus_outline	
nerd	󱈌	md-magnify_remove_cursor	
nerd	󱈍	md-magnify_remove_outline	
nerd	󱉶	md-magnify_scan	
nerd	󰺻	md-mail	
nerd	󰛮	md-mailbox	
nerd	󰶈	md-mailbox_open	
nerd	󰶉	md-mailbox_open_outline	
nerd	󰶊	md-mailbox_open_up	
nerd	󰶋	md-mailbox_open_up_outline	
nerd	󰶌	md-mailbox_outline	
nerd	󰶍	md-mailbox_up	
nerd	󰶎	md-mailbox_up_outline	
nerd	󱘊	md-manjaro	
nerd	󰍍	md-map	
nerd	󰺼	md-map_check	
nerd	󰺽	md-map_check_outline	
nerd	󰴞	md-map_clock	
nerd	󰴟	md-map_clock_outline	
nerd	󰨁	md-map_legend	
nerd	󰍎	md-map_marker	
nerd	󱣣	md-map_marker_account	
nerd	󱣤	md-map_marker_account_outline	
nerd	󰼅	md-map_marker_alert	
nerd	󰼆	md-map_marker_alert_outline	
nerd	󰲕	md-map_marker_check	
nerd	󱋻	md-map_marker_check_outline	
nerd	󰍏	md-map_marker_circle	
nerd	󰣰	md-map_marker_distance	
nerd	󱄂	md-map_marker_down	
nerd	󱋛	md-map_marker_left	
nerd	󱋝	md-map_marker_left_outline	
nerd	󰙐	md-map_marker_minus	
nerd	󱋹	md-map_marker_minus_outline	
nerd	󰍐	md-map_marker_multiple	
nerd	󱉷	md-map_marker_multiple_outline	
nerd	󰍑	md-map_marker_off	
nerd	󱋽	md-map_marker_off_outline	
nerd	󰟙	md-map_marker_outline	
nerd	󰴠	md-map_marker_path	
nerd	󰙑	md-map_marker_plus	
nerd	󱋸	md-map_marker_plus_outline	
nerd	󰼇	md-map_marker_question	
nerd	󰼈	md-map_marker_question_outline	
nerd	󰍒	md-map_marker_radius	
nerd	󱋼	md-map_marker_radius_outline	
nerd	󰼉	md-map_marker_remove	
nerd	󱋺	md-map_marker_remove_outline	
nerd	󰼊	md-map_marker_remove_variant	
nerd	󱋜	md-map_marker_right	
nerd	󱋞	md-map_marker_right_outline	
nerd	󱘈	md-map_marker_star	
nerd	󱘉	md-map_marker_star_outline	
nerd	󱄃	md-map_marker_up	
nerd	󰦁	md-map_minus	
nerd	󰦂	md-map_outline	
nerd	󰦃	md-map_plus	
nerd	󰦄	md-map_search	
nerd	󰦅	md-map_search_outline	
nerd	󰮪	md-mapbox	
nerd	󰍓	md-margin	
nerd	󰙒	md-marker	
nerd	󰷙	md-marker_cancel	
nerd	󰍕	md-marker_check	
nerd	󰫑	md-mastodon	
nerd	󰦆	md-material_design	
nerd	󰍗	md-material_ui	
nerd	󰍘	md-math_compass	
nerd	󰲖	md-math_cos	
nerd	󰿈	md-math_integral	
nerd	󰿉	md-math_integral_box	
nerd	󱂅	md-math_log	
nerd	󰿊	md-math_norm	
nerd	󰿋	md-math_norm_box	
nerd	󰲗	md-math_sin	
nerd	󰲘	md-math_tan	
nerd	󰘨	md-matrix	
nerd	󰦇	md-medal	
nerd	󱌦	md-medal_outline	
nerd	󰛯	md-medical_bag	
nerd	󱪸	md-medical_cotton_swab	
nerd	󱅻	md-meditation	
nerd	󰍛	md-memory	
nerd	󱟔	md-menorah	
nerd	󱟕	md-menorah_fire	
nerd	󰍜	md-menu	
nerd	󰍝	md-menu_down	
nerd	󰚶	md-menu_down_outline	
nerd	󰍞	md-menu_left	
nerd	󰨂	md-menu_left_outline	
nerd	󰮫	md-menu_open	
nerd	󰍟	md-menu_right	
nerd	󰨃	md-menu_right_outline	
nerd	󰩤	md-menu_swap	
nerd	󰩥	md-menu_swap_outline	
nerd	󰍠	md-menu_up	
nerd	󰚷	md-menu_up_outline	
nerd	󰽜	md-merge	
nerd	󰍡	md-message	
nerd	󰍢	md-message_alert	
nerd	󰨄	md-message_alert_outline	
nerd	󱋲	md-message_arrow_left	
nerd	󱋳	md-message_arrow_left_outline	
nerd	󱋴	md-message_arrow_right	
nerd	󱋵	md-message_arrow_right_outline	
nerd	󱥁	md-message_badge	
nerd	󱥂	md-message_badge_outline	
nerd	󱖬	md-message_bookmark	
nerd	󱖭	md-message_bookmark_outline	
nerd	󰚢	md-message_bulleted	
nerd	󰚣	md-message_bulleted_off	
nerd	󰛱	md-message_cog	
nerd	󱅲	md-message_cog_outline	
nerd	󰍣	md-message_draw	
nerd	󱧌	md-message_fast	
nerd	󱧍	md-message_fast_outline	
nerd	󱖩	md-message_flash	
nerd	󱖪	md-message_flash_outline	
nerd	󰍤	md-message_image	
nerd	󱅬	md-message_image_outline	
nerd	󰿌	md-message_lock	
nerd	󱅭	md-message_lock_outline	
nerd	󱅮	md-message_minus	
nerd	󱅯	md-message_minus_outline	
nerd	󱙍	md-message_off	
nerd	󱙎	md-message_off_outline	
nerd	󰍥	md-message_outline	
nerd	󰙓	md-message_plus	
nerd	󱂻	md-message_plus_outline	
nerd	󰍦	md-message_processing	
nerd	󱅰	md-message_processing_outline	
nerd	󱜺	md-message_question	
nerd	󱜻	md-message_question_outline	
nerd	󰍧	md-message_reply	
nerd	󱜽	md-message_reply_outline	
nerd	󰍨	md-message_reply_text	
nerd	󱜾	md-message_reply_text_outline	
nerd	󰛰	md-message_settings	
nerd	󱅱	md-message_settings_outline	
nerd	󰚚	md-message_star	
nerd	󱉐	md-message_star_outline	
nerd	󰍩	md-message_text	
nerd	󱅳	md-message_text_clock	
nerd	󱅴	md-message_text_clock_outline	
nerd	󱧎	md-message_text_fast	
nerd	󱧏	md-message_text_fast_outline	
nerd	󰿍	md-message_text_lock	
nerd	󱅵	md-message_text_lock_outline	
nerd	󰍪	md-message_text_outline	
nerd	󰍫	md-message_video	
nerd	󰘩	md-meteor	
nerd	󱩗	md-meter_electric	
nerd	󱩘	md-meter_electric_outline	
nerd	󱩙	md-meter_gas	
nerd	󱩚	md-meter_gas_outline	
nerd	󰟚	md-metronome	
nerd	󰟛	md-metronome_tick	
nerd	󰟜	md-micro_sd	
nerd	󰍬	md-microphone	
nerd	󰢳	md-microphone_minus	
nerd	󰍭	md-microphone_off	
nerd	󰍮	md-microphone_outline	
nerd	󰢴	md-microphone_plus	
nerd	󱦉	md-microphone_question	
nerd	󱦊	md-microphone_question_outline	
nerd	󰍯	md-microphone_settings	
nerd	󰍰	md-microphone_variant	
nerd	󰍱	md-microphone_variant_off	
nerd	󰙔	md-microscope	
nerd	󰍲	md-microsoft	
nerd	󱎎	md-microsoft_access	
nerd	󰠅	md-microsoft_azure	
nerd	󰿕	md-microsoft_azure_devops	
nerd	󰂤	md-microsoft_bing	
nerd	󰦈	md-microsoft_dynamics_365	
nerd	󰇩	md-microsoft_edge	
nerd	󱎏	md-microsoft_excel	
nerd	󰌀	md-microsoft_internet_explorer	
nerd	󰏆	md-microsoft_office	
nerd	󰏊	md-microsoft_onedrive	
nerd	󰝇	md-microsoft_onenote	
nerd	󰴢	md-microsoft_outlook	
nerd	󱎐	md-microsoft_powerpoint	
nerd	󱎑	md-microsoft_sharepoint	
nerd	󰊻	md-microsoft_teams	
nerd	󰘐	md-microsoft_visual_studio	
nerd	󰨞	md-microsoft_visual_studio_code	
nerd	󰖳	md-microsoft_windows	
nerd	󰨡	md-microsoft_windows_classic	
nerd	󱎒	md-microsoft_word	
nerd	󰖹	md-microsoft_xbox	
nerd	󰖺	md-microsoft_xbox_controller	
nerd	󰝋	md-microsoft_xbox_controller_battery_alert	
nerd	󰨢	md-microsoft_xbox_controller_battery_charging	
nerd	󰝌	md-microsoft_xbox_controller_battery_empty	
nerd	󰝍	md-microsoft_xbox_controller_battery_full	
nerd	󰝎	md-microsoft_xbox_controller_battery_low	
nerd	󰝏	md-microsoft_xbox_controller_battery_medium	
nerd	󰝐	md-microsoft_xbox_controller_battery_unknown	
nerd	󰹯	md-microsoft_xbox_controller_menu	
nerd	󰖻	md-microsoft_xbox_controller_off	
nerd	󰹰	md-microsoft_xbox_controller_view	
nerd	󰲙	md-microwave	
nerd	󱐣	md-microwave_off	
nerd	󰽝	md-middleware	
nerd	󰽞	md-middleware_outline	
nerd	󰣱	md-midi	
nerd	󰣲	md-midi_port	
nerd	󰷚	md-mine	
nerd	󰍳	md-minecraft	
nerd	󰨅	md-mini_sd	
nerd	󰨆	md-minidisc	
nerd	󰍴	md-minus	
nerd	󰍵	md-minus_box	
nerd	󱅁	md-minus_box_multiple	
nerd	󱅂	md-minus_box_multiple_outline	
nerd	󰛲	md-minus_box_outline	
nerd	󰍶	md-minus_circle	
nerd	󰍚	md-minus_circle_multiple	
nerd	󰫓	md-minus_circle_multiple_outline	
nerd	󱑙	md-minus_circle_off	
nerd	󱑚	md-minus_circle_off_outline	
nerd	󰍷	md-minus_circle_outline	
nerd	󰍸	md-minus_network	
nerd	󰲚	md-minus_network_outline	
nerd	󱘹	md-minus_thick	
nerd	󱇽	md-mirror	
nerd	󱞟	md-mirror_rectangle	
nerd	󱞠	md-mirror_variant	
nerd	󰶏	md-mixed_martial_arts	
nerd	󰡿	md-mixed_reality	
nerd	󰮬	md-molecule	
nerd	󱋾	md-molecule_co	
nerd	󰟤	md-molecule_co2	
nerd	󰍹	md-monitor	
nerd	󱩛	md-monitor_account	
nerd	󱧐	md-monitor_arrow_down	
nerd	󱧑	md-monitor_arrow_down_variant	
nerd	󰦉	md-monitor_cellphone	
nerd	󰦊	md-monitor_cellphone_star	
nerd	󰨇	md-monitor_dashboard	
nerd	󱋆	md-monitor_edit	
nerd	󱎴	md-monitor_eye	
nerd	󰷛	md-monitor_lock	
nerd	󰍺	md-monitor_multiple	
nerd	󰶐	md-monitor_off	
nerd	󰹑	md-monitor_screenshot	
nerd	󱒃	md-monitor_share	
nerd	󱄄	md-monitor_shimmer	
nerd	󱡶	md-monitor_small	
nerd	󰽟	md-monitor_speaker	
nerd	󰽠	md-monitor_speaker_off	
nerd	󰷜	md-monitor_star	
nerd	󰽡	md-moon_first_quarter	
nerd	󰽢	md-moon_full	
nerd	󰽣	md-moon_last_quarter	
nerd	󰽤	md-moon_new	
nerd	󰽥	md-moon_waning_crescent	
nerd	󰽦	md-moon_waning_gibbous	
nerd	󰽧	md-moon_waxing_crescent	
nerd	󰽨	md-moon_waxing_gibbous	
nerd	󱂆	md-moped	
nerd	󱖷	md-moped_electric	
nerd	󱖸	md-moped_electric_outline	
nerd	󱖹	md-moped_outline	
nerd	󰍻	md-more	
nerd	󱝈	md-mortar_pestle	
nerd	󰏱	md-mortar_pestle_plus	
nerd	󱠧	md-mosque	
nerd	󱌔	md-mother_heart	
nerd	󰴡	md-mother_nurse	
nerd	󱖲	md-motion	
nerd	󱖳	md-motion_outline	
nerd	󱖐	md-motion_pause	
nerd	󱖒	md-motion_pause_outline	
nerd	󱖏	md-motion_play	
nerd	󱖑	md-motion_play_outline	
nerd	󰶑	md-motion_sensor	
nerd	󱐵	md-motion_sensor_off	
nerd	󰍼	md-motorbike	
nerd	󱖺	md-motorbike_electric	
nerd	󰔉	md-mountains	
nerd	󰍽	md-mouse	
nerd	󰦋	md-mouse_bluetooth	
nerd	󱕐	md-mouse_move_down	
nerd	󱕑	md-mouse_move_up	
nerd	󱕒	md-mouse_move_vertical	
nerd	󰍾	md-mouse_off	
nerd	󰍿	md-mouse_variant	
nerd	󰎀	md-mouse_variant_off	
nerd	󰙕	md-move_resize	
nerd	󰙖	md-move_resize_variant	
nerd	󰎁	md-movie	
nerd	󱛳	md-movie_check	
nerd	󱛴	md-movie_check_outline	
nerd	󱛵	md-movie_cog	
nerd	󱛶	md-movie_cog_outline	
nerd	󱄢	md-movie_edit	
nerd	󱄣	md-movie_edit_outline	
nerd	󱄤	md-movie_filter	
nerd	󱄥	md-movie_filter_outline	
nerd	󱛷	md-movie_minus	
nerd	󱛸	md-movie_minus_outline	
nerd	󱛹	md-movie_off	
nerd	󱛺	md-movie_off_outline	
nerd	󰿎	md-movie_open	
nerd	󱛻	md-movie_open_check	
nerd	󱛼	md-movie_open_check_outline	
nerd	󱛽	md-movie_open_cog	
nerd	󱛾	md-movie_open_cog_outline	
nerd	󱛿	md-movie_open_edit	
nerd	󱜀	md-movie_open_edit_outline	
nerd	󱜁	md-movie_open_minus	
nerd	󱜂	md-movie_open_minus_outline	
nerd	󱜃	md-movie_open_off	
nerd	󱜄	md-movie_open_off_outline	
nerd	󰿏	md-movie_open_outline	
nerd	󱜅	md-movie_open_play	
nerd	󱜆	md-movie_open_play_outline	
nerd	󱜇	md-movie_open_plus	
nerd	󱜈	md-movie_open_plus_outline	
nerd	󱜉	md-movie_open_remove	
nerd	󱜊	md-movie_open_remove_outline	
nerd	󱜋	md-movie_open_settings	
nerd	󱜌	md-movie_open_settings_outline	
nerd	󱜍	md-movie_open_star	
nerd	󱜎	md-movie_open_star_outline	
nerd	󰷝	md-movie_outline	
nerd	󱜏	md-movie_play	
nerd	󱜐	md-movie_play_outline	
nerd	󱜑	md-movie_plus	
nerd	󱜒	md-movie_plus_outline	
nerd	󱜓	md-movie_remove	
nerd	󱜔	md-movie_remove_outline	
nerd	󰟞	md-movie_roll	
nerd	󱇒	md-movie_search	
nerd	󱇓	md-movie_search_outline	
nerd	󱜕	md-movie_settings	
nerd	󱜖	md-movie_settings_outline	
nerd	󱜗	md-movie_star	
nerd	󱜘	md-movie_star_outline	
nerd	󱙯	md-mower	
nerd	󱙰	md-mower_bag	
nerd	󰦌	md-muffin	
nerd	󱢓	md-multicast	
nerd	󰎂	md-multiplication	
nerd	󰎃	md-multiplication_box	
nerd	󰟟	md-mushroom	
nerd	󱏺	md-mushroom_off	
nerd	󱏻	md-mushroom_off_outline	
nerd	󰟠	md-mushroom_outline	
nerd	󰝚	md-music	
nerd	󰽩	md-music_accidental_double_flat	
nerd	󰽪	md-music_accidental_double_sharp	
nerd	󰽫	md-music_accidental_flat	
nerd	󰽬	md-music_accidental_natural	
nerd	󰽭	md-music_accidental_sharp	
nerd	󰎄	md-music_box	
nerd	󰌳	md-music_box_multiple	
nerd	󰼄	md-music_box_multiple_outline	
nerd	󰎅	md-music_box_outline	
nerd	󰎆	md-music_circle	
nerd	󰫔	md-music_circle_outline	
nerd	󰽮	md-music_clef_alto	
nerd	󰽯	md-music_clef_bass	
nerd	󰽰	md-music_clef_treble	
nerd	󰎇	md-music_note	
nerd	󰎈	md-music_note_2	
nerd	󰗾	md-music_note_bluetooth	
nerd	󰗿	md-music_note_bluetooth_off	
nerd	󰽱	md-music_note_eighth_dotted	
nerd	󰎉	md-music_note_half	
nerd	󰽲	md-music_note_half_dotted	
nerd	󰎊	md-music_note_off	
nerd	󰽳	md-music_note_off_outline	
nerd	󰽴	md-music_note_outline	
nerd	󰷞	md-music_note_plus	
nerd	󰎋	md-music_note_quarter	
nerd	󰽵	md-music_note_quarter_dotted	
nerd	󰎌	md-music_note_sixteenth	
nerd	󰽶	md-music_note_sixteenth_dotted	
nerd	󰎍	md-music_note_whole	
nerd	󰽷	md-music_note_whole_dotted	
nerd	󰝛	md-music_off	
nerd	󰽸	md-music_rest_eighth	
nerd	󰽹	md-music_rest_half	
nerd	󰽺	md-music_rest_quarter	
nerd	󰽻	md-music_rest_sixteenth	
nerd	󰽼	md-music_rest_whole	
nerd	󱗞	md-mustache	
nerd	󰷟	md-nail	
nerd	󰣳	md-nas	
nerd	󰢀	md-nativescript	
nerd	󰎎	md-nature	
nerd	󰎏	md-nature_people	
nerd	󰎐	md-navigation	
nerd	󱘇	md-navigation_outline	
nerd	󱣰	md-navigation_variant	
nerd	󱣱	md-navigation_variant_outline	
nerd	󰗍	md-near_me	
nerd	󰼋	md-necklace	
nerd	󰎑	md-needle	
nerd	󱧒	md-needle_off	
nerd	󰝆	md-netflix	
nerd	󰛳	md-network	
nerd	󰲛	md-network_off	
nerd	󰲜	md-network_off_outline	
nerd	󰲝	md-network_outline	
nerd	󱫋	md-network_pos	
nerd	󰣴	md-network_strength_1	
nerd	󰣵	md-network_strength_1_alert	
nerd	󰣶	md-network_strength_2	
nerd	󰣷	md-network_strength_2_alert	
nerd	󰣸	md-network_strength_3	
nerd	󰣹	md-network_strength_3_alert	
nerd	󰣺	md-network_strength_4	
nerd	󰣻	md-network_strength_4_alert	
nerd	󱤚	md-network_strength_4_cog	
nerd	󰣼	md-network_strength_off	
nerd	󰣽	md-network_strength_off_outline	
nerd	󰣾	md-network_strength_outline	
nerd	󰎔	md-new_box	
nerd	󰎕	md-newspaper	
nerd	󱥃	md-newspaper_check	
nerd	󰼌	md-newspaper_minus	
nerd	󰼍	md-newspaper_plus	
nerd	󱥄	md-newspaper_remove	
nerd	󱀁	md-newspaper_variant	
nerd	󱀂	md-newspaper_variant_multiple	
nerd	󱀃	md-newspaper_variant_multiple_outline	
nerd	󱀄	md-newspaper_variant_outline	
nerd	󰎖	md-nfc	
nerd	󰹓	md-nfc_search_variant	
nerd	󰎗	md-nfc_tap	
nerd	󰎘	md-nfc_variant	
nerd	󰹔	md-nfc_variant_off	
nerd	󰝴	md-ninja	
nerd	󱎓	md-nintendo_game_boy	
nerd	󰟡	md-nintendo_switch	
nerd	󰖫	md-nintendo_wii	
nerd	󰜭	md-nintendo_wiiu	
nerd	󱄅	md-nix	
nerd	󰎙	md-nodejs	
nerd	󱅾	md-noodles	
nerd	󰦍	md-not_equal	
nerd	󰦎	md-not_equal_variant	
nerd	󰎚	md-note	
nerd	󱝽	md-note_alert	
nerd	󱝾	md-note_alert_outline	
nerd	󱝿	md-note_check	
nerd	󱞀	md-note_check_outline	
nerd	󱞁	md-note_edit	
nerd	󱞂	md-note_edit_outline	
nerd	󱙏	md-note_minus	
nerd	󱙐	md-note_minus_outline	
nerd	󰚸	md-note_multiple	
nerd	󰚹	md-note_multiple_outline	
nerd	󱞃	md-note_off	
nerd	󱞄	md-note_off_outline	
nerd	󰎛	md-note_outline	
nerd	󰎜	md-note_plus	
nerd	󰎝	md-note_plus_outline	
nerd	󱙑	md-note_remove	
nerd	󱙒	md-note_remove_outline	
nerd	󱙓	md-note_search	
nerd	󱙔	md-note_search_outline	
nerd	󰎞	md-note_text	
nerd	󱇗	md-note_text_outline	
nerd	󰠮	md-notebook	
nerd	󱓵	md-notebook_check	
nerd	󱓶	md-notebook_check_outline	
nerd	󱓧	md-notebook_edit	
nerd	󱓩	md-notebook_edit_outline	
nerd	󱨋	md-notebook_heart	
nerd	󱨌	md-notebook_heart_outline	
nerd	󱘐	md-notebook_minus	
nerd	󱘑	md-notebook_minus_outline	
nerd	󰹕	md-notebook_multiple	
nerd	󰺿	md-notebook_outline	
nerd	󱘒	md-notebook_plus	
nerd	󱘓	md-notebook_plus_outline	
nerd	󱘔	md-notebook_remove	
nerd	󱘕	md-notebook_remove_outline	
nerd	󰎟	md-notification_clear_all	
nerd	󰛷	md-npm	
nerd	󰚤	md-nuke	
nerd	󰟢	md-null	
nerd	󰎠	md-numeric	
nerd	󰬹	md-numeric_0	
nerd	󰎡	md-numeric_0_box	
nerd	󰼎	md-numeric_0_box_multiple	
nerd	󰎢	md-numeric_0_box_multiple_outline	
nerd	󰎣	md-numeric_0_box_outline	
nerd	󰲞	md-numeric_0_circle	
nerd	󰲟	md-numeric_0_circle_outline	
nerd	󰬺	md-numeric_1	
nerd	󰿩	md-numeric_10	
nerd	󰽽	md-numeric_10_box	
nerd	󰿪	md-numeric_10_box_multiple	
nerd	󰿫	md-numeric_10_box_multiple_outline	
nerd	󰽾	md-numeric_10_box_outline	
nerd	󰿬	md-numeric_10_circle	
nerd	󰿭	md-numeric_10_circle_outline	
nerd	󰎤	md-numeric_1_box	
nerd	󰼏	md-numeric_1_box_multiple	
nerd	󰎥	md-numeric_1_box_multiple_outline	
nerd	󰎦	md-numeric_1_box_outline	
nerd	󰲠	md-numeric_1_circle	
nerd	󰲡	md-numeric_1_circle_outline	
nerd	󰬻	md-numeric_2	
nerd	󰎧	md-numeric_2_box	
nerd	󰼐	md-numeric_2_box_multiple	
nerd	󰎨	md-numeric_2_box_multiple_outline	
nerd	󰎩	md-numeric_2_box_outline	
nerd	󰲢	md-numeric_2_circle	
nerd	󰲣	md-numeric_2_circle_outline	
nerd	󰬼	md-numeric_3	
nerd	󰎪	md-numeric_3_box	
nerd	󰼑	md-numeric_3_box_multiple	
nerd	󰎫	md-numeric_3_box_multiple_outline	
nerd	󰎬	md-numeric_3_box_outline	
nerd	󰲤	md-numeric_3_circle	
nerd	󰲥	md-numeric_3_circle_outline	
nerd	󰬽	md-numeric_4	
nerd	󰎭	md-numeric_4_box	
nerd	󰼒	md-numeric_4_box_multiple	
nerd	󰎲	md-numeric_4_box_multiple_outline	
nerd	󰎮	md-numeric_4_box_outline	
nerd	󰲦	md-numeric_4_circle	
nerd	󰲧	md-numeric_4_circle_outline	
nerd	󰬾	md-numeric_5	
nerd	󰎱	md-numeric_5_box	
nerd	󰼓	md-numeric_5_box_multiple	
nerd	󰎯	md-numeric_5_box_multiple_outline	
nerd	󰎰	md-numeric_5_box_outline	
nerd	󰲨	md-numeric_5_circle	
nerd	󰲩	md-numeric_5_circle_outline	
nerd	󰬿	md-numeric_6	
nerd	󰎳	md-numeric_6_box	
nerd	󰼔	md-numeric_6_box_multiple	
nerd	󰎴	md-numeric_6_box_multiple_outline	
nerd	󰎵	md-numeric_6_box_outline	
nerd	󰲪	md-numeric_6_circle	
nerd	󰲫	md-numeric_6_circle_outline	
nerd	󰭀	md-numeric_7	
nerd	󰎶	md-numeric_7_box	
nerd	󰼕	md-numeric_7_box_multiple	
nerd	󰎷	md-numeric_7_box_multiple_outline	
nerd	󰎸	md-numeric_7_box_outline	
nerd	󰲬	md-numeric_7_circle	
nerd	󰲭	md-numeric_7_circle_outline	
nerd	󰭁	md-numeric_8	
nerd	󰎹	md-numeric_8_box	
nerd	󰼖	md-numeric_8_box_multiple	
nerd	󰎺	md-numeric_8_box_multiple_outline	
nerd	󰎻	md-numeric_8_box_outline	
nerd	󰲮	md-numeric_8_circle	
nerd	󰲯	md-numeric_8_circle_outline	
nerd	󰭂	md-numeric_9	
nerd	󰎼	md-numeric_9_box	
nerd	󰼗	md-numeric_9_box_multiple	
nerd	󰎽	md-numeric_9_box_multiple_outline	
nerd	󰎾	md-numeric_9_box_outline	
nerd	󰲰	md-numeric_9_circle	
nerd	󰲱	md-numeric_9_circle_outline	
nerd	󰿮	md-numeric_9_plus	
nerd	󰎿	md-numeric_9_plus_box	
nerd	󰼘	md-numeric_9_plus_box_multiple	
nerd	󰏀	md-numeric_9_plus_box_multiple_outline	
nerd	󰏁	md-numeric_9_plus_box_outline	
nerd	󰲲	md-numeric_9_plus_circle	
nerd	󰲳	md-numeric_9_plus_circle_outline	
nerd	󱁒	md-numeric_negative_1	
nerd	󱧓	md-numeric_off	
nerd	󱗋	md-numeric_positive_1	
nerd	󰛸	md-nut	
nerd	󰏂	md-nutrition	
nerd	󱄆	md-nuxt	
nerd	󰙼	md-oar	
nerd	󰷠	md-ocarina	
nerd	󱋩	md-oci	
nerd	󱄺	md-ocr	
nerd	󰏃	md-octagon	
nerd	󰏄	md-octagon_outline	
nerd	󰛹	md-octagram	
nerd	󰝵	md-octagram_outline	
nerd	󱥐	md-octahedron	
nerd	󱥑	md-octahedron_off	
nerd	󰏅	md-odnoklassniki	
nerd	󱈛	md-offer	
nerd	󰦑	md-office_building	
nerd	󱥉	md-office_building_cog	
nerd	󱥊	md-office_building_cog_outline	
nerd	󱔠	md-office_building_marker	
nerd	󱔡	md-office_building_marker_outline	
nerd	󱔟	md-office_building_outline	
nerd	󰏇	md-oil	
nerd	󰼙	md-oil_lamp	
nerd	󱁓	md-oil_level	
nerd	󰿸	md-oil_temperature	
nerd	󰥳	md-om	
nerd	󰏉	md-omega	
nerd	󰮭	md-one_up	
nerd	󰢁	md-onepassword	
nerd	󰗌	md-opacity	
nerd	󰏋	md-open_in_app	
nerd	󰏌	md-open_in_new	
nerd	󰮮	md-open_source_initiative	
nerd	󰏍	md-openid	
nerd	󰏎	md-opera	
nerd	󰀘	md-orbit	
nerd	󱗛	md-orbit_variant	
nerd	󰈍	md-order_alphabetical_ascending	
nerd	󰴇	md-order_alphabetical_descending	
nerd	󰊾	md-order_bool_ascending	
nerd	󰦏	md-order_bool_ascending_variant	
nerd	󱎄	md-order_bool_descending	
nerd	󰦐	md-order_bool_descending_variant	
nerd	󰕅	md-order_numeric_ascending	
nerd	󰕆	md-order_numeric_descending	
nerd	󰭃	md-origin	
nerd	󰏏	md-ornament	
nerd	󰏐	md-ornament_variant	
nerd	󱁔	md-outdoor_lamp	
nerd	󱀅	md-overscan	
nerd	󰏒	md-owl	
nerd	󰮯	md-pac_man	
nerd	󰏓	md-package	
nerd	󰏔	md-package_down	
nerd	󰏕	md-package_up	
nerd	󰏖	md-package_variant	
nerd	󰏗	md-package_variant_closed	
nerd	󱧔	md-package_variant_closed_minus	
nerd	󱧕	md-package_variant_closed_plus	
nerd	󱧖	md-package_variant_closed_remove	
nerd	󱧗	md-package_variant_minus	
nerd	󱧘	md-package_variant_plus	
nerd	󱧙	md-package_variant_remove	
nerd	󰘀	md-page_first	
nerd	󰘁	md-page_last	
nerd	󰛺	md-page_layout_body	
nerd	󰛻	md-page_layout_footer	
nerd	󰛼	md-page_layout_header	
nerd	󰽿	md-page_layout_header_footer	
nerd	󰛽	md-page_layout_sidebar_left	
nerd	󰛾	md-page_layout_sidebar_right	
nerd	󰮰	md-page_next	
nerd	󰮱	md-page_next_outline	
nerd	󰮲	md-page_previous	
nerd	󰮳	md-page_previous_outline	
nerd	󱐗	md-pail	
nerd	󱐷	md-pail_minus	
nerd	󱐼	md-pail_minus_outline	
nerd	󱐹	md-pail_off	
nerd	󱐾	md-pail_off_outline	
nerd	󱐺	md-pail_outline	
nerd	󱐶	md-pail_plus	
nerd	󱐻	md-pail_plus_outline	
nerd	󱐸	md-pail_remove	
nerd	󱐽	md-pail_remove_outline	
nerd	󰏘	md-palette	
nerd	󰏙	md-palette_advanced	
nerd	󰸌	md-palette_outline	
nerd	󰢵	md-palette_swatch	
nerd	󱍜	md-palette_swatch_outline	
nerd	󱥚	md-palette_swatch_variant	
nerd	󱁕	md-palm_tree	
nerd	󰮴	md-pan	
nerd	󰮵	md-pan_bottom_left	
nerd	󰮶	md-pan_bottom_right	
nerd	󰮷	md-pan_down	
nerd	󰮸	md-pan_horizontal	
nerd	󰮹	md-pan_left	
nerd	󰮺	md-pan_right	
nerd	󰮻	md-pan_top_left	
nerd	󰮼	md-pan_top_right	
nerd	󰮽	md-pan_up	
nerd	󰮾	md-pan_vertical	
nerd	󰏚	md-panda	
nerd	󰏛	md-pandora	
nerd	󰏜	md-panorama	
nerd	󰏝	md-panorama_fisheye	
nerd	󱤨	md-panorama_horizontal	
nerd	󰏞	md-panorama_horizontal_outline	
nerd	󱦌	md-panorama_outline	
nerd	󱦍	md-panorama_sphere	
nerd	󱦎	md-panorama_sphere_outline	
nerd	󱦏	md-panorama_variant	
nerd	󱦐	md-panorama_variant_outline	
nerd	󱤩	md-panorama_vertical	
nerd	󰏟	md-panorama_vertical_outline	
nerd	󱥟	md-panorama_wide_angle	
nerd	󰏠	md-panorama_wide_angle_outline	
nerd	󰏡	md-paper_cut_vertical	
nerd	󱅗	md-paper_roll	
nerd	󱅘	md-paper_roll_outline	
nerd	󰏢	md-paperclip	
nerd	󱫆	md-paperclip_check	
nerd	󱧚	md-paperclip_lock	
nerd	󱫇	md-paperclip_minus	
nerd	󱫈	md-paperclip_off	
nerd	󱫉	md-paperclip_plus	
nerd	󱫊	md-paperclip_remove	
nerd	󰲴	md-parachute	
nerd	󰲵	md-parachute_outline	
nerd	󱝅	md-paragliding	
nerd	󰏣	md-parking	
nerd	󱁖	md-party_popper	
nerd	󰟣	md-passport	
nerd	󰷡	md-passport_biometric	
nerd	󱅠	md-pasta	
nerd	󰾀	md-patio_heater	
nerd	󰢂	md-patreon	
nerd	󰏤	md-pause	
nerd	󰏥	md-pause_circle	
nerd	󰏦	md-pause_circle_outline	
nerd	󰏧	md-pause_octagon	
nerd	󰏨	md-pause_octagon_outline	
nerd	󰏩	md-paw	
nerd	󰙗	md-paw_off	
nerd	󱙶	md-paw_off_outline	
nerd	󱙵	md-paw_outline	
nerd	󰢄	md-peace	
nerd	󰿼	md-peanut	
nerd	󰿽	md-peanut_off	
nerd	󰿿	md-peanut_off_outline	
nerd	󰿾	md-peanut_outline	
nerd	󰏪	md-pen	
nerd	󰷢	md-pen_lock	
nerd	󰷣	md-pen_minus	
nerd	󰷤	md-pen_off	
nerd	󰷥	md-pen_plus	
nerd	󰷦	md-pen_remove	
nerd	󰏫	md-pencil	
nerd	󰏬	md-pencil_box	
nerd	󱅄	md-pencil_box_multiple	
nerd	󱅅	md-pencil_box_multiple_outline	
nerd	󰏭	md-pencil_box_outline	
nerd	󰛿	md-pencil_circle	
nerd	󰝶	md-pencil_circle_outline	
nerd	󰏮	md-pencil_lock	
nerd	󰷧	md-pencil_lock_outline	
nerd	󰷨	md-pencil_minus	
nerd	󰷩	md-pencil_minus_outline	
nerd	󰏯	md-pencil_off	
nerd	󰷪	md-pencil_off_outline	
nerd	󰲶	md-pencil_outline	
nerd	󰷫	md-pencil_plus	
nerd	󰷬	md-pencil_plus_outline	
nerd	󰷭	md-pencil_remove	
nerd	󰷮	md-pencil_remove_outline	
nerd	󱍓	md-pencil_ruler	
nerd	󰻀	md-penguin	
nerd	󰜁	md-pentagon	
nerd	󰜀	md-pentagon_outline	
nerd	󱙧	md-pentagram	
nerd	󰏰	md-percent	
nerd	󱨂	md-percent_box	
nerd	󱨃	md-percent_box_outline	
nerd	󱨄	md-percent_circle	
nerd	󱨅	md-percent_circle_outline	
nerd	󱉸	md-percent_outline	
nerd	󰢶	md-periodic_table	
nerd	󰴣	md-perspective_less	
nerd	󰴤	md-perspective_more	
nerd	󱟅	md-ph	
nerd	󰏲	md-phone	
nerd	󰼚	md-phone_alert	
nerd	󱆎	md-phone_alert_outline	
nerd	󰏳	md-phone_bluetooth	
nerd	󱆏	md-phone_bluetooth_outline	
nerd	󱂼	md-phone_cancel	
nerd	󱆐	md-phone_cancel_outline	
nerd	󱆩	md-phone_check	
nerd	󱆪	md-phone_check_outline	
nerd	󰘂	md-phone_classic	
nerd	󱉹	md-phone_classic_off	
nerd	󱧛	md-phone_clock	
nerd	󱕙	md-phone_dial	
nerd	󱕚	md-phone_dial_outline	
nerd	󰏴	md-phone_forward	
nerd	󱆑	md-phone_forward_outline	
nerd	󰏵	md-phone_hangup	
nerd	󱆒	md-phone_hangup_outline	
nerd	󰏶	md-phone_in_talk	
nerd	󱆂	md-phone_in_talk_outline	
nerd	󰏷	md-phone_incoming	
nerd	󱆓	md-phone_incoming_outline	
nerd	󰏸	md-phone_lock	
nerd	󱆔	md-phone_lock_outline	
nerd	󰏹	md-phone_log	
nerd	󱆕	md-phone_log_outline	
nerd	󱆖	md-phone_message	
nerd	󱆗	md-phone_message_outline	
nerd	󰙘	md-phone_minus	
nerd	󱆘	md-phone_minus_outline	
nerd	󰏺	md-phone_missed	
nerd	󱆥	md-phone_missed_outline	
nerd	󰷯	md-phone_off	
nerd	󱆦	md-phone_off_outline	
nerd	󰏻	md-phone_outgoing	
nerd	󱆙	md-phone_outgoing_outline	
nerd	󰷰	md-phone_outline	
nerd	󰏼	md-phone_paused	
nerd	󱆚	md-phone_paused_outline	
nerd	󰙙	md-phone_plus	
nerd	󱆛	md-phone_plus_outline	
nerd	󱦓	md-phone_refresh	
nerd	󱦔	md-phone_refresh_outline	
nerd	󱔯	md-phone_remove	
nerd	󱔰	md-phone_remove_outline	
nerd	󰠯	md-phone_return	
nerd	󱆜	md-phone_return_outline	
nerd	󱆫	md-phone_ring	
nerd	󱆬	md-phone_ring_outline	
nerd	󰢅	md-phone_rotate_landscape	
nerd	󰢆	md-phone_rotate_portrait	
nerd	󰏽	md-phone_settings	
nerd	󱆝	md-phone_settings_outline	
nerd	󱦕	md-phone_sync	
nerd	󱦖	md-phone_sync_outline	
nerd	󰏾	md-phone_voip	
nerd	󰏿	md-pi	
nerd	󰐀	md-pi_box	
nerd	󰷱	md-pi_hole	
nerd	󰙽	md-piano	
nerd	󰚘	md-piano_off	
nerd	󰢷	md-pickaxe	
nerd	󰹗	md-picture_in_picture_bottom_right	
nerd	󰹘	md-picture_in_picture_bottom_right_outline	
nerd	󰹙	md-picture_in_picture_top_right	
nerd	󰹚	md-picture_in_picture_top_right_outline	
nerd	󰢇	md-pier	
nerd	󰢈	md-pier_crane	
nerd	󰐁	md-pig	
nerd	󱀆	md-pig_variant	
nerd	󱙸	md-pig_variant_outline	
nerd	󱀇	md-piggy_bank	
nerd	󱙹	md-piggy_bank_outline	
nerd	󰐂	md-pill	
nerd	󱩜	md-pill_off	
nerd	󰜂	md-pillar	
nerd	󰐃	md-pin	
nerd	󰐄	md-pin_off	
nerd	󰤰	md-pin_off_outline	
nerd	󰤱	md-pin_outline	
nerd	󰐅	md-pine_tree	
nerd	󰐆	md-pine_tree_box	
nerd	󱐚	md-pine_tree_fire	
nerd	󰐇	md-pinterest	
nerd	󰫕	md-pinwheel	
nerd	󰫖	md-pinwheel_outline	
nerd	󰟥	md-pipe	
nerd	󰟦	md-pipe_disconnected	
nerd	󰢉	md-pipe_leak	
nerd	󱡍	md-pipe_valve	
nerd	󱍔	md-pipe_wrench	
nerd	󰨈	md-pirate	
nerd	󰜃	md-pistol	
nerd	󰢊	md-piston	
nerd	󱕓	md-pitchfork	
nerd	󰐉	md-pizza	
nerd	󰐊	md-play	
nerd	󱉺	md-play_box	
nerd	󱨖	md-play_box_lock	
nerd	󱨗	md-play_box_lock_open	
nerd	󱨘	md-play_box_lock_open_outline	
nerd	󱨙	md-play_box_lock_outline	
nerd	󰴙	md-play_box_multiple	
nerd	󱏦	md-play_box_multiple_outline	
nerd	󰐋	md-play_box_outline	
nerd	󰐌	md-play_circle	
nerd	󰐍	md-play_circle_outline	
nerd	󰢋	md-play_network	
nerd	󰲷	md-play_network_outline	
nerd	󰼛	md-play_outline	
nerd	󰐎	md-play_pause	
nerd	󰐏	md-play_protected_content	
nerd	󰣿	md-play_speed	
nerd	󰗇	md-playlist_check	
nerd	󰤀	md-playlist_edit	
nerd	󰐐	md-playlist_minus	
nerd	󰲸	md-playlist_music	
nerd	󰲹	md-playlist_music_outline	
nerd	󰐑	md-playlist_play	
nerd	󰐒	md-playlist_plus	
nerd	󰐓	md-playlist_remove	
nerd	󰷲	md-playlist_star	
nerd	󰚺	md-plex	
nerd	󱦤	md-pliers	
nerd	󰐕	md-plus	
nerd	󰐖	md-plus_box	
nerd	󰌴	md-plus_box_multiple	
nerd	󱅃	md-plus_box_multiple_outline	
nerd	󰜄	md-plus_box_outline	
nerd	󰐗	md-plus_circle	
nerd	󰍌	md-plus_circle_multiple	
nerd	󰐘	md-plus_circle_multiple_outline	
nerd	󰐙	md-plus_circle_outline	
nerd	󱩝	md-plus_lock	
nerd	󱩞	md-plus_lock_open	
nerd	󰦒	md-plus_minus	
nerd	󰦓	md-plus_minus_box	
nerd	󱓉	md-plus_minus_variant	
nerd	󰐚	md-plus_network	
nerd	󰲺	md-plus_network_outline	
nerd	󰜅	md-plus_outline	
nerd	󱇬	md-plus_thick	
nerd	󰦔	md-podcast	
nerd	󰴥	md-podium	
nerd	󰴦	md-podium_bronze	
nerd	󰴧	md-podium_gold	
nerd	󰴨	md-podium_silver	
nerd	󰶒	md-point_of_sale	
nerd	󰐝	md-pokeball	
nerd	󰨉	md-pokemon_go	
nerd	󰠰	md-poker_chip	
nerd	󰐞	md-polaroid	
nerd	󱅧	md-police_badge	
nerd	󱅨	md-police_badge_outline	
nerd	󱠹	md-police_station	
nerd	󰐟	md-poll	
nerd	󱓃	md-polo	
nerd	󰐡	md-polymer	
nerd	󰘆	md-pool	
nerd	󱩟	md-pool_thermometer	
nerd	󰐢	md-popcorn	
nerd	󱀈	md-post	
nerd	󱩠	md-post_lamp	
nerd	󱀉	md-post_outline	
nerd	󰲻	md-postage_stamp	
nerd	󰋥	md-pot	
nerd	󰙛	md-pot_mix	
nerd	󰙷	md-pot_mix_outline	
nerd	󰋿	md-pot_outline	
nerd	󰙚	md-pot_steam	
nerd	󰌦	md-pot_steam_outline	
nerd	󰐣	md-pound	
nerd	󰐤	md-pound_box	
nerd	󱅿	md-pound_box_outline	
nerd	󰐥	md-power	
nerd	󰤁	md-power_cycle	
nerd	󰤂	md-power_off	
nerd	󰤃	md-power_on	
nerd	󰚥	md-power_plug	
nerd	󰚦	md-power_plug_off	
nerd	󱐤	md-power_plug_off_outline	
nerd	󱐥	md-power_plug_outline	
nerd	󰐦	md-power_settings	
nerd	󰤄	md-power_sleep	
nerd	󰐧	md-power_socket	
nerd	󰤅	md-power_socket_au	
nerd	󰾳	md-power_socket_ch	
nerd	󱄇	md-power_socket_de	
nerd	󰟧	md-power_socket_eu	
nerd	󱄈	md-power_socket_fr	
nerd	󱓿	md-power_socket_it	
nerd	󱄉	md-power_socket_jp	
nerd	󰟨	md-power_socket_uk	
nerd	󰟩	md-power_socket_us	
nerd	󰤆	md-power_standby	
nerd	󰨊	md-powershell	
nerd	󰜆	md-prescription	
nerd	󰐨	md-presentation	
nerd	󰐩	md-presentation_play	
nerd	󱕢	md-pretzel	
nerd	󰐪	md-printer	
nerd	󰐫	md-printer_3d	
nerd	󰹛	md-printer_3d_nozzle	
nerd	󱇀	md-printer_3d_nozzle_alert	
nerd	󱇁	md-printer_3d_nozzle_alert_outline	
nerd	󱢸	md-printer_3d_nozzle_heat	
nerd	󱢹	md-printer_3d_nozzle_heat_outline	
nerd	󰹜	md-printer_3d_nozzle_outline	
nerd	󰐬	md-printer_alert	
nerd	󱅆	md-printer_check	
nerd	󱑘	md-printer_eye	
nerd	󰹝	md-printer_off	
nerd	󱞅	md-printer_off_outline	
nerd	󱞆	md-printer_outline	
nerd	󱁗	md-printer_pos	
nerd	󱑗	md-printer_search	
nerd	󰜇	md-printer_settings	
nerd	󰨋	md-printer_wireless	
nerd	󰘃	md-priority_high	
nerd	󰘄	md-priority_low	
nerd	󰐭	md-professional_hexagon	
nerd	󰲼	md-progress_alert	
nerd	󰦕	md-progress_check	
nerd	󰦖	md-progress_clock	
nerd	󱄊	md-progress_close	
nerd	󰦗	md-progress_download	
nerd	󱞇	md-progress_pencil	
nerd	󱔢	md-progress_question	
nerd	󱞈	md-progress_star	
nerd	󰦘	md-progress_upload	
nerd	󰲽	md-progress_wrench	
nerd	󰐮	md-projector	
nerd	󱨣	md-projector_off	
nerd	󰐯	md-projector_screen	
nerd	󱠍	md-projector_screen_off	
nerd	󱠎	md-projector_screen_off_outline	
nerd	󱜤	md-projector_screen_outline	
nerd	󱠏	md-projector_screen_variant	
nerd	󱠐	md-projector_screen_variant_off	
nerd	󱠑	md-projector_screen_variant_off_outline	
nerd	󱠒	md-projector_screen_variant_outline	
nerd	󱍗	md-propane_tank	
nerd	󱍘	md-propane_tank_outline	
nerd	󰿘	md-protocol	
nerd	󰚧	md-publish	
nerd	󱥅	md-publish_off	
nerd	󰐰	md-pulse	
nerd	󱐂	md-pump	
nerd	󰮿	md-pumpkin	
nerd	󰼜	md-purse	
nerd	󰼝	md-purse_outline	
nerd	󰐱	md-puzzle	
nerd	󱐦	md-puzzle_check	
nerd	󱐧	md-puzzle_check_outline	
nerd	󱓓	md-puzzle_edit	
nerd	󱓙	md-puzzle_edit_outline	
nerd	󱓔	md-puzzle_heart	
nerd	󱓚	md-puzzle_heart_outline	
nerd	󱓑	md-puzzle_minus	
nerd	󱓗	md-puzzle_minus_outline	
nerd	󰩦	md-puzzle_outline	
nerd	󱓐	md-puzzle_plus	
nerd	󱓖	md-puzzle_plus_outline	
nerd	󱓒	md-puzzle_remove	
nerd	󱓘	md-puzzle_remove_outline	
nerd	󱓕	md-puzzle_star	
nerd	󱓛	md-puzzle_star_outline	
nerd	󱥒	md-pyramid	
nerd	󱥓	md-pyramid_off	
nerd	󰦙	md-qi	
nerd	󰘅	md-qqchat	
nerd	󰐲	md-qrcode	
nerd	󰢸	md-qrcode_edit	
nerd	󱆌	md-qrcode_minus	
nerd	󱆋	md-qrcode_plus	
nerd	󱆍	md-qrcode_remove	
nerd	󰐳	md-qrcode_scan	
nerd	󰐴	md-quadcopter	
nerd	󰐵	md-quality_high	
nerd	󰨌	md-quality_low	
nerd	󰨍	md-quality_medium	
nerd	󰴩	md-quora	
nerd	󰤇	md-rabbit	
nerd	󱩡	md-rabbit_variant	
nerd	󱩢	md-rabbit_variant_outline	
nerd	󰶓	md-racing_helmet	
nerd	󰶔	md-racquetball	
nerd	󰐷	md-radar	
nerd	󰐸	md-radiator	
nerd	󰫗	md-radiator_disabled	
nerd	󰫘	md-radiator_off	
nerd	󰐹	md-radio	
nerd	󰲾	md-radio_am	
nerd	󰲿	md-radio_fm	
nerd	󰐺	md-radio_handheld	
nerd	󱈜	md-radio_off	
nerd	󰐻	md-radio_tower	
nerd	󰐼	md-radioactive	
nerd	󱡝	md-radioactive_circle	
nerd	󱡞	md-radioactive_circle_outline	
nerd	󰻁	md-radioactive_off	
nerd	󰐽	md-radiobox_blank	
nerd	󰐾	md-radiobox_marked	
nerd	󱓅	md-radiology_box	
nerd	󱓆	md-radiology_box_outline	
nerd	󰳀	md-radius	
nerd	󰳁	md-radius_outline	
nerd	󰼞	md-railroad_light	
nerd	󱕄	md-rake	
nerd	󰐿	md-raspberry_pi	
nerd	󱨏	md-raw	
nerd	󱨐	md-raw_off	
nerd	󰑀	md-ray_end	
nerd	󰑁	md-ray_end_arrow	
nerd	󰑂	md-ray_start	
nerd	󰑃	md-ray_start_arrow	
nerd	󰑄	md-ray_start_end	
nerd	󱗘	md-ray_start_vertex_end	
nerd	󰑅	md-ray_vertex	
nerd	󱦗	md-razor_double_edge	
nerd	󱦘	md-razor_single_edge	
nerd	󰜈	md-react	
nerd	󰑇	md-read	
nerd	󰑉	md-receipt	
nerd	󱧜	md-receipt_outline	
nerd	󱩣	md-receipt_text_check	
nerd	󱩤	md-receipt_text_check_outline	
nerd	󱩥	md-receipt_text_minus	
nerd	󱩦	md-receipt_text_minus_outline	
nerd	󱩧	md-receipt_text_plus	
nerd	󱩨	md-receipt_text_plus_outline	
nerd	󱩩	md-receipt_text_remove	
nerd	󱩪	md-receipt_text_remove_outline	
nerd	󰑊	md-record	
nerd	󰻂	md-record_circle	
nerd	󰻃	md-record_circle_outline	
nerd	󰦚	md-record_player	
nerd	󰑋	md-record_rec	
nerd	󰹞	md-rectangle	
nerd	󰹟	md-rectangle_outline	
nerd	󰑌	md-recycle	
nerd	󱎝	md-recycle_variant	
nerd	󰑍	md-reddit	
nerd	󱄛	md-redhat	
nerd	󰑎	md-redo	
nerd	󰑏	md-redo_variant	
nerd	󰨎	md-reflect_horizontal	
nerd	󰨏	md-reflect_vertical	
nerd	󰑐	md-refresh	
nerd	󱣲	md-refresh_auto	
nerd	󱍷	md-refresh_circle	
nerd	󰑑	md-regex	
nerd	󰩧	md-registered_trademark	
nerd	󱖈	md-reiterate	
nerd	󱒖	md-relation_many_to_many	
nerd	󱒗	md-relation_many_to_one	
nerd	󱒘	md-relation_many_to_one_or_many	
nerd	󱒙	md-relation_many_to_only_one	
nerd	󱒚	md-relation_many_to_zero_or_many	
nerd	󱒛	md-relation_many_to_zero_or_one	
nerd	󱒜	md-relation_one_or_many_to_many	
nerd	󱒝	md-relation_one_or_many_to_one	
nerd	󱒞	md-relation_one_or_many_to_one_or_many	
nerd	󱒟	md-relation_one_or_many_to_only_one	
nerd	󱒠	md-relation_one_or_many_to_zero_or_many	
nerd	󱒡	md-relation_one_or_many_to_zero_or_one	
nerd	󱒢	md-relation_one_to_many	
nerd	󱒣	md-relation_one_to_one	
nerd	󱒤	md-relation_one_to_one_or_many	
nerd	󱒥	md-relation_one_to_only_one	
nerd	󱒦	md-relation_one_to_zero_or_many	
nerd	󱒧	md-relation_one_to_zero_or_one	
nerd	󱒨	md-relation_only_one_to_many	
nerd	󱒩	md-relation_only_one_to_one	
nerd	󱒪	md-relation_only_one_to_one_or_many	
nerd	󱒫	md-relation_only_one_to_only_one	
nerd	󱒬	md-relation_only_one_to_zero_or_many	
nerd	󱒭	md-relation_only_one_to_zero_or_one	
nerd	󱒮	md-relation_zero_or_many_to_many	
nerd	󱒯	md-relation_zero_or_many_to_one	
nerd	󱒰	md-relation_zero_or_many_to_one_or_many	
nerd	󱒱	md-relation_zero_or_many_to_only_one	
nerd	󱒲	md-relation_zero_or_many_to_zero_or_many	
nerd	󱒳	md-relation_zero_or_many_to_zero_or_one	
nerd	󱒴	md-relation_zero_or_one_to_many	
nerd	󱒵	md-relation_zero_or_one_to_one	
nerd	󱒶	md-relation_zero_or_one_to_one_or_many	
nerd	󱒷	md-relation_zero_or_one_to_only_one	
nerd	󱒸	md-relation_zero_or_one_to_zero_or_many	
nerd	󱒹	md-relation_zero_or_one_to_zero_or_one	
nerd	󰑒	md-relative_scale	
nerd	󰑓	md-reload	
nerd	󱄋	md-reload_alert	
nerd	󰢌	md-reminder	
nerd	󰑔	md-remote	
nerd	󰢹	md-remote_desktop	
nerd	󰻄	md-remote_off	
nerd	󰻅	md-remote_tv	
nerd	󰻆	md-remote_tv_off	
nerd	󰑕	md-rename_box	
nerd	󰚈	md-reorder_horizontal	
nerd	󰚉	md-reorder_vertical	
nerd	󰑖	md-repeat	
nerd	󰑗	md-repeat_off	
nerd	󰑘	md-repeat_once	
nerd	󰕇	md-repeat_variant	
nerd	󰑙	md-replay	
nerd	󰑚	md-reply	
nerd	󰑛	md-reply_all	
nerd	󰼟	md-reply_all_outline	
nerd	󱆮	md-reply_circle	
nerd	󰼠	md-reply_outline	
nerd	󰑜	md-reproduction	
nerd	󰭄	md-resistor	
nerd	󰭅	md-resistor_nodes	
nerd	󰩨	md-resize	
nerd	󰑝	md-resize_bottom_right	
nerd	󰑞	md-responsive	
nerd	󰜉	md-restart	
nerd	󱄌	md-restart_alert	
nerd	󰶕	md-restart_off	
nerd	󰦛	md-restore	
nerd	󱄍	md-restore_alert	
nerd	󰑟	md-rewind	
nerd	󰴪	md-rewind_10	
nerd	󱥆	md-rewind_15	
nerd	󰶖	md-rewind_30	
nerd	󱇹	md-rewind_5	
nerd	󱘌	md-rewind_60	
nerd	󰜊	md-rewind_outline	
nerd	󰜋	md-rhombus	
nerd	󰨐	md-rhombus_medium	
nerd	󱓜	md-rhombus_medium_outline	
nerd	󰜌	md-rhombus_outline	
nerd	󰨑	md-rhombus_split	
nerd	󱓝	md-rhombus_split_outline	
nerd	󰑠	md-ribbon	
nerd	󰟪	md-rice	
nerd	󱖻	md-rickshaw	
nerd	󱖼	md-rickshaw_electric	
nerd	󰟫	md-ring	
nerd	󰹠	md-rivet	
nerd	󰑡	md-road	
nerd	󰑢	md-road_variant	
nerd	󱁘	md-robber	
nerd	󰚩	md-robot	
nerd	󱚝	md-robot_angry	
nerd	󱚞	md-robot_angry_outline	
nerd	󱚟	md-robot_confused	
nerd	󱚠	md-robot_confused_outline	
nerd	󱚡	md-robot_dead	
nerd	󱚢	md-robot_dead_outline	
nerd	󱚣	md-robot_excited	
nerd	󱚤	md-robot_excited_outline	
nerd	󱜙	md-robot_happy	
nerd	󱜚	md-robot_happy_outline	
nerd	󰭆	md-robot_industrial	
nerd	󱨚	md-robot_industrial_outline	
nerd	󱚥	md-robot_love	
nerd	󱚦	md-robot_love_outline	
nerd	󱇷	md-robot_mower	
nerd	󱇳	md-robot_mower_outline	
nerd	󱚧	md-robot_off	
nerd	󱙻	md-robot_off_outline	
nerd	󱙺	md-robot_outline	
nerd	󰜍	md-robot_vacuum	
nerd	󰤈	md-robot_vacuum_variant	
nerd	󰑣	md-rocket	
nerd	󱓞	md-rocket_launch	
nerd	󱓟	md-rocket_launch_outline	
nerd	󱎯	md-rocket_outline	
nerd	󱌧	md-rodent	
nerd	󱩫	md-roller_shade	
nerd	󱩬	md-roller_shade_closed	
nerd	󰴫	md-roller_skate	
nerd	󰅅	md-roller_skate_off	
nerd	󰴬	md-rollerblade	
nerd	󰀮	md-rollerblade_off	
nerd	󰯀	md-rollupjs	
nerd	󱪹	md-rolodex	
nerd	󱪺	md-rolodex_outline	
nerd	󱂈	md-roman_numeral_1	
nerd	󱂑	md-roman_numeral_10	
nerd	󱂉	md-roman_numeral_2	
nerd	󱂊	md-roman_numeral_3	
nerd	󱂋	md-roman_numeral_4	
nerd	󱂌	md-roman_numeral_5	
nerd	󱂍	md-roman_numeral_6	
nerd	󱂎	md-roman_numeral_7	
nerd	󱂏	md-roman_numeral_8	
nerd	󱂐	md-roman_numeral_9	
nerd	󰢍	md-room_service	
nerd	󰶗	md-room_service_outline	
nerd	󱦙	md-rotate_360	
nerd	󰻇	md-rotate_3d	
nerd	󰑤	md-rotate_3d_variant	
nerd	󰑥	md-rotate_left	
nerd	󰑦	md-rotate_left_variant	
nerd	󰶘	md-rotate_orbit	
nerd	󰑧	md-rotate_right	
nerd	󰑨	md-rotate_right_variant	
nerd	󰘇	md-rounded_corner	
nerd	󱇢	md-router	
nerd	󱂇	md-router_network	
nerd	󰑩	md-router_wireless	
nerd	󱖣	md-router_wireless_off	
nerd	󰩩	md-router_wireless_settings	
nerd	󰑪	md-routes	
nerd	󱁙	md-routes_clock	
nerd	󰘈	md-rowing	
nerd	󰑫	md-rss	
nerd	󰑬	md-rss_box	
nerd	󰼡	md-rss_off	
nerd	󱑵	md-rug	
nerd	󰶙	md-rugby	
nerd	󰑭	md-ruler	
nerd	󰳂	md-ruler_square	
nerd	󰺾	md-ruler_square_compass	
nerd	󰜎	md-run	
nerd	󰑮	md-run_fast	
nerd	󱇔	md-rv_truck	
nerd	󰴮	md-sack	
nerd	󰴯	md-sack_percent	
nerd	󰩪	md-safe	
nerd	󱉼	md-safe_square	
nerd	󱉽	md-safe_square_outline	
nerd	󰴰	md-safety_goggles	
nerd	󰻈	md-sail_boat	
nerd	󱫯	md-sail_boat_sink	
nerd	󰑯	md-sale	
nerd	󱨆	md-sale_outline	
nerd	󰢎	md-salesforce	
nerd	󰟬	md-sass	
nerd	󰑰	md-satellite	
nerd	󰤉	md-satellite_uplink	
nerd	󰑱	md-satellite_variant	
nerd	󰢺	md-sausage	
nerd	󱞉	md-sausage_off	
nerd	󰹡	md-saw_blade	
nerd	󱑺	md-sawtooth_wave	
nerd	󰘉	md-saxophone	
nerd	󰑲	md-scale	
nerd	󰗑	md-scale_balance	
nerd	󰑳	md-scale_bathroom	
nerd	󱁚	md-scale_off	
nerd	󱦸	md-scale_unbalanced	
nerd	󱏘	md-scan_helper	
nerd	󰚫	md-scanner	
nerd	󰤊	md-scanner_off	
nerd	󰻉	md-scatter_plot	
nerd	󰻊	md-scatter_plot_outline	
nerd	󱥘	md-scent	
nerd	󱥙	md-scent_off	
nerd	󰑴	md-school	
nerd	󱆀	md-school_outline	
nerd	󰩫	md-scissors_cutting	
nerd	󱖽	md-scooter	
nerd	󱖾	md-scooter_electric	
nerd	󱉾	md-scoreboard	
nerd	󱉿	md-scoreboard_outline	
nerd	󰑵	md-screen_rotation	
nerd	󰑸	md-screen_rotation_lock	
nerd	󰷳	md-screw_flat_top	
nerd	󰷴	md-screw_lag	
nerd	󰷵	md-screw_machine_flat_top	
nerd	󰷶	md-screw_machine_round_top	
nerd	󰷷	md-screw_round_top	
nerd	󰑶	md-screwdriver	
nerd	󰯁	md-script	
nerd	󰑷	md-script_outline	
nerd	󰯂	md-script_text	
nerd	󱜥	md-script_text_key	
nerd	󱜦	md-script_text_key_outline	
nerd	󰯃	md-script_text_outline	
nerd	󱜧	md-script_text_play	
nerd	󱜨	md-script_text_play_outline	
nerd	󰑹	md-sd	
nerd	󰑺	md-seal	
nerd	󰿙	md-seal_variant	
nerd	󰜏	md-search_web	
nerd	󰳃	md-seat	
nerd	󰑻	md-seat_flat	
nerd	󰑼	md-seat_flat_angled	
nerd	󰑽	md-seat_individual_suite	
nerd	󰑾	md-seat_legroom_extra	
nerd	󰑿	md-seat_legroom_normal	
nerd	󰒀	md-seat_legroom_reduced	
nerd	󰳄	md-seat_outline	
nerd	󱉉	md-seat_passenger	
nerd	󰒁	md-seat_recline_extra	
nerd	󰒂	md-seat_recline_normal	
nerd	󰳅	md-seatbelt	
nerd	󰒃	md-security	
nerd	󰒄	md-security_network	
nerd	󰹢	md-seed	
nerd	󱏽	md-seed_off	
nerd	󱏾	md-seed_off_outline	
nerd	󰹣	md-seed_outline	
nerd	󱩭	md-seed_plus	
nerd	󱩮	md-seed_plus_outline	
nerd	󱖤	md-seesaw	
nerd	󰻋	md-segment	
nerd	󰒅	md-select	
nerd	󰒆	md-select_all	
nerd	󰴱	md-select_color	
nerd	󰫙	md-select_compare	
nerd	󰩬	md-select_drag	
nerd	󰾂	md-select_group	
nerd	󰒇	md-select_inverse	
nerd	󱊀	md-select_marker	
nerd	󱊁	md-select_multiple	
nerd	󱊂	md-select_multiple_marker	
nerd	󰒈	md-select_off	
nerd	󰿚	md-select_place	
nerd	󱟁	md-select_remove	
nerd	󱈄	md-select_search	
nerd	󰒉	md-selection	
nerd	󰩭	md-selection_drag	
nerd	󰴲	md-selection_ellipse	
nerd	󰼢	md-selection_ellipse_arrow_inside	
nerd	󱟂	md-selection_ellipse_remove	
nerd	󱊃	md-selection_marker	
nerd	󱊅	md-selection_multiple	
nerd	󱊄	md-selection_multiple_marker	
nerd	󰝷	md-selection_off	
nerd	󱟃	md-selection_remove	
nerd	󱈅	md-selection_search	
nerd	󱌖	md-semantic_web	
nerd	󰒊	md-send	
nerd	󱅡	md-send_check	
nerd	󱅢	md-send_check_outline	
nerd	󰷸	md-send_circle	
nerd	󰷹	md-send_circle_outline	
nerd	󱅣	md-send_clock	
nerd	󱅤	md-send_clock_outline	
nerd	󰟭	md-send_lock	
nerd	󱅦	md-send_lock_outline	
nerd	󱅥	md-send_outline	
nerd	󰙜	md-serial_port	
nerd	󰒋	md-server	
nerd	󰒌	md-server_minus	
nerd	󰒍	md-server_network	
nerd	󰒎	md-server_network_off	
nerd	󰒏	md-server_off	
nerd	󰒐	md-server_plus	
nerd	󰒑	md-server_remove	
nerd	󰒒	md-server_security	
nerd	󰝸	md-set_all	
nerd	󰝹	md-set_center	
nerd	󰝺	md-set_center_right	
nerd	󰝻	md-set_left	
nerd	󰝼	md-set_left_center	
nerd	󰝽	md-set_left_right	
nerd	󱓠	md-set_merge	
nerd	󰝾	md-set_none	
nerd	󰝿	md-set_right	
nerd	󱓡	md-set_split	
nerd	󱑝	md-set_square	
nerd	󰦟	md-set_top_box	
nerd	󰩮	md-settings_helper	
nerd	󱄎	md-shaker	
nerd	󱄏	md-shaker_outline	
nerd	󰠱	md-shape	
nerd	󰙝	md-shape_circle_plus	
nerd	󰠲	md-shape_outline	
nerd	󱇺	md-shape_oval_plus	
nerd	󰒕	md-shape_plus	
nerd	󰙞	md-shape_polygon_plus	
nerd	󰙟	md-shape_rectangle_plus	
nerd	󰙠	md-shape_square_plus	
nerd	󱓺	md-shape_square_rounded_plus	
nerd	󰒖	md-share	
nerd	󱇴	md-share_all	
nerd	󱇵	md-share_all_outline	
nerd	󱆭	md-share_circle	
nerd	󰼣	md-share_off	
nerd	󰼤	md-share_off_outline	
nerd	󰤲	md-share_outline	
nerd	󰒗	md-share_variant	
nerd	󱔔	md-share_variant_outline	
nerd	󱢺	md-shark	
nerd	󱙳	md-shark_fin	
nerd	󱙴	md-shark_fin_outline	
nerd	󱢻	md-shark_off	
nerd	󰳆	md-sheep	
nerd	󰒘	md-shield	
nerd	󰢏	md-shield_account	
nerd	󰨒	md-shield_account_outline	
nerd	󱖧	md-shield_account_variant	
nerd	󱖨	md-shield_account_variant_outline	
nerd	󰚻	md-shield_airplane	
nerd	󰳇	md-shield_airplane_outline	
nerd	󰻌	md-shield_alert	
nerd	󰻍	md-shield_alert_outline	
nerd	󱏚	md-shield_bug	
nerd	󱏛	md-shield_bug_outline	
nerd	󰾃	md-shield_car	
nerd	󰕥	md-shield_check	
nerd	󰳈	md-shield_check_outline	
nerd	󰳉	md-shield_cross	
nerd	󰳊	md-shield_cross_outline	
nerd	󱢼	md-shield_crown	
nerd	󱢽	md-shield_crown_outline	
nerd	󱆠	md-shield_edit	
nerd	󱆡	md-shield_edit_outline	
nerd	󱍠	md-shield_half	
nerd	󰞀	md-shield_half_full	
nerd	󰚊	md-shield_home	
nerd	󰳋	md-shield_home_outline	
nerd	󰯄	md-shield_key	
nerd	󰯅	md-shield_key_outline	
nerd	󰴳	md-shield_link_variant	
nerd	󰴴	md-shield_link_variant_outline	
nerd	󰦝	md-shield_lock	
nerd	󱦚	md-shield_lock_open	
nerd	󱦛	md-shield_lock_open_outline	
nerd	󰳌	md-shield_lock_outline	
nerd	󱠨	md-shield_moon	
nerd	󱠩	md-shield_moon_outline	
nerd	󰦞	md-shield_off	
nerd	󰦜	md-shield_off_outline	
nerd	󰒙	md-shield_outline	
nerd	󰫚	md-shield_plus	
nerd	󰫛	md-shield_plus_outline	
nerd	󰂪	md-shield_refresh	
nerd	󰇠	md-shield_refresh_outline	
nerd	󰫜	md-shield_remove	
nerd	󰫝	md-shield_remove_outline	
nerd	󰶚	md-shield_search	
nerd	󱄻	md-shield_star	
nerd	󱄼	md-shield_star_outline	
nerd	󱁝	md-shield_sun	
nerd	󱁞	md-shield_sun_outline	
nerd	󱢾	md-shield_sword	
nerd	󱢿	md-shield_sword_outline	
nerd	󱆢	md-shield_sync	
nerd	󱆣	md-shield_sync_outline	
nerd	󱕅	md-shimmer	
nerd	󰠳	md-ship_wheel	
nerd	󱡎	md-shipping_pallet	
nerd	󱗊	md-shoe_ballet	
nerd	󱗇	md-shoe_cleat	
nerd	󰭇	md-shoe_formal	
nerd	󰭈	md-shoe_heel	
nerd	󰷺	md-shoe_print	
nerd	󱗈	md-shoe_sneaker	
nerd	󰒚	md-shopping	
nerd	󰒛	md-shopping_music	
nerd	󱇕	md-shopping_outline	
nerd	󰾄	md-shopping_search	
nerd	󱩯	md-shopping_search_outline	
nerd	󱓹	md-shore	
nerd	󰜐	md-shovel	
nerd	󰜑	md-shovel_off	
nerd	󰦠	md-shower	
nerd	󰦡	md-shower_head	
nerd	󰒜	md-shredder	
nerd	󰒝	md-shuffle	
nerd	󰒞	md-shuffle_disabled	
nerd	󰒟	md-shuffle_variant	
nerd	󱍿	md-shuriken	
nerd	󱣀	md-sickle	
nerd	󰒠	md-sigma	
nerd	󰘫	md-sigma_lower	
nerd	󰒡	md-sign_caution	
nerd	󰞁	md-sign_direction	
nerd	󱀀	md-sign_direction_minus	
nerd	󰿜	md-sign_direction_plus	
nerd	󰿝	md-sign_direction_remove	
nerd	󱓸	md-sign_pole	
nerd	󱄘	md-sign_real_estate	
nerd	󰞂	md-sign_text	
nerd	󰒢	md-signal	
nerd	󰜒	md-signal_2g	
nerd	󰜓	md-signal_3g	
nerd	󰜔	md-signal_4g	
nerd	󰩯	md-signal_5g	
nerd	󰢼	md-signal_cellular_1	
nerd	󰢽	md-signal_cellular_2	
nerd	󰢾	md-signal_cellular_3	
nerd	󰢿	md-signal_cellular_outline	
nerd	󰹤	md-signal_distance_variant	
nerd	󰜕	md-signal_hspa	
nerd	󰜖	md-signal_hspa_plus	
nerd	󰞃	md-signal_off	
nerd	󰘊	md-signal_variant	
nerd	󰷻	md-signature	
nerd	󰷼	md-signature_freehand	
nerd	󰷽	md-signature_image	
nerd	󰷾	md-signature_text	
nerd	󰭉	md-silo	
nerd	󰒣	md-silverware	
nerd	󰿞	md-silverware_clean	
nerd	󰒤	md-silverware_fork	
nerd	󰩰	md-silverware_fork_knife	
nerd	󰒥	md-silverware_spoon	
nerd	󰒦	md-silverware_variant	
nerd	󰒧	md-sim	
nerd	󰒨	md-sim_alert	
nerd	󱗓	md-sim_alert_outline	
nerd	󰒩	md-sim_off	
nerd	󱗔	md-sim_off_outline	
nerd	󱗕	md-sim_outline	
nerd	󱌝	md-simple_icons	
nerd	󰫟	md-sina_weibo	
nerd	󰥛	md-sine_wave	
nerd	󰒪	md-sitemap	
nerd	󱦜	md-sitemap_outline	
nerd	󱎦	md-size_l	
nerd	󱎥	md-size_m	
nerd	󱎤	md-size_s	
nerd	󱎧	md-size_xl	
nerd	󱎣	md-size_xs	
nerd	󱎨	md-size_xxl	
nerd	󱎢	md-size_xxs	
nerd	󱎩	md-size_xxxl	
nerd	󰴵	md-skate	
nerd	󰚙	md-skate_off	
nerd	󱓂	md-skateboard	
nerd	󰔁	md-skateboarding	
nerd	󰴶	md-skew_less	
nerd	󰴷	md-skew_more	
nerd	󱌄	md-ski	
nerd	󱌅	md-ski_cross_country	
nerd	󱌆	md-ski_water	
nerd	󰒫	md-skip_backward	
nerd	󰼥	md-skip_backward_outline	
nerd	󰒬	md-skip_forward	
nerd	󰼦	md-skip_forward_outline	
nerd	󰒭	md-skip_next	
nerd	󰙡	md-skip_next_circle	
nerd	󰙢	md-skip_next_circle_outline	
nerd	󰼧	md-skip_next_outline	
nerd	󰒮	md-skip_previous	
nerd	󰙣	md-skip_previous_circle	
nerd	󰙤	md-skip_previous_circle_outline	
nerd	󰼨	md-skip_previous_outline	
nerd	󰚌	md-skull	
nerd	󰯆	md-skull_crossbones	
nerd	󰯇	md-skull_crossbones_outline	
nerd	󰯈	md-skull_outline	
nerd	󱓇	md-skull_scan	
nerd	󱓈	md-skull_scan_outline	
nerd	󰒯	md-skype	
nerd	󰒰	md-skype_business	
nerd	󰒱	md-slack	
nerd	󰿟	md-slash_forward	
nerd	󰿠	md-slash_forward_box	
nerd	󰐛	md-sledding	
nerd	󰒲	md-sleep	
nerd	󰒳	md-sleep_off	
nerd	󱖥	md-slide	
nerd	󰷿	md-slope_downhill	
nerd	󰸀	md-slope_uphill	
nerd	󱄔	md-slot_machine	
nerd	󱄕	md-slot_machine_outline	
nerd	󱂽	md-smart_card	
nerd	󱣷	md-smart_card_off	
nerd	󱣸	md-smart_card_off_outline	
nerd	󱂾	md-smart_card_outline	
nerd	󱂿	md-smart_card_reader	
nerd	󱃀	md-smart_card_reader_outline	
nerd	󰩱	md-smog	
nerd	󱞙	md-smoke	
nerd	󰎒	md-smoke_detector	
nerd	󱤮	md-smoke_detector_alert	
nerd	󱤯	md-smoke_detector_alert_outline	
nerd	󱠉	md-smoke_detector_off	
nerd	󱠊	md-smoke_detector_off_outline	
nerd	󱠈	md-smoke_detector_outline	
nerd	󱠋	md-smoke_detector_variant	
nerd	󱤰	md-smoke_detector_variant_alert	
nerd	󱠌	md-smoke_detector_variant_off	
nerd	󰒴	md-smoking	
nerd	󰒵	md-smoking_off	
nerd	󱐍	md-smoking_pipe	
nerd	󱐨	md-smoking_pipe_off	
nerd	󱙷	md-snail	
nerd	󱔎	md-snake	
nerd	󰒶	md-snapchat	
nerd	󱌇	md-snowboard	
nerd	󰜗	md-snowflake	
nerd	󰼩	md-snowflake_alert	
nerd	󱩰	md-snowflake_check	
nerd	󱋋	md-snowflake_melt	
nerd	󱓣	md-snowflake_off	
nerd	󱩱	md-snowflake_thermometer	
nerd	󰼪	md-snowflake_variant	
nerd	󰒷	md-snowman	
nerd	󰛝	md-snowmobile	
nerd	󱩲	md-snowshoeing	
nerd	󰒸	md-soccer	
nerd	󰠴	md-soccer_field	
nerd	󱕹	md-social_distance_2_meters	
nerd	󱕺	md-social_distance_6_feet	
nerd	󰒹	md-sofa	
nerd	󱕭	md-sofa_outline	
nerd	󱕮	md-sofa_single	
nerd	󱕯	md-sofa_single_outline	
nerd	󰶛	md-solar_panel	
nerd	󰶜	md-solar_panel_large	
nerd	󰩲	md-solar_power	
nerd	󱩳	md-solar_power_variant	
nerd	󱩴	md-solar_power_variant_outline	
nerd	󱂒	md-soldering_iron	
nerd	󰚍	md-solid	
nerd	󰐔	md-sony_playstation	
nerd	󰒺	md-sort	
nerd	󰖽	md-sort_alphabetical_ascending	
nerd	󱅈	md-sort_alphabetical_ascending_variant	
nerd	󰖿	md-sort_alphabetical_descending	
nerd	󱅉	md-sort_alphabetical_descending_variant	
nerd	󰒻	md-sort_alphabetical_variant	
nerd	󰒼	md-sort_ascending	
nerd	󱎅	md-sort_bool_ascending	
nerd	󱎆	md-sort_bool_ascending_variant	
nerd	󱎇	md-sort_bool_descending	
nerd	󱎈	md-sort_bool_descending_variant	
nerd	󱕇	md-sort_calendar_ascending	
nerd	󱕈	md-sort_calendar_descending	
nerd	󱕉	md-sort_clock_ascending	
nerd	󱕊	md-sort_clock_ascending_outline	
nerd	󱕋	md-sort_clock_descending	
nerd	󱕌	md-sort_clock_descending_outline	
nerd	󰒽	md-sort_descending	
nerd	󱎉	md-sort_numeric_ascending	
nerd	󰤍	md-sort_numeric_ascending_variant	
nerd	󱎊	md-sort_numeric_descending	
nerd	󰫒	md-sort_numeric_descending_variant	
nerd	󰒾	md-sort_numeric_variant	
nerd	󰌼	md-sort_reverse_variant	
nerd	󰒿	md-sort_variant	
nerd	󰳍	md-sort_variant_lock	
nerd	󰳎	md-sort_variant_lock_open	
nerd	󱪻	md-sort_variant_off	
nerd	󱅇	md-sort_variant_remove	
nerd	󱟛	md-soundbar	
nerd	󰓀	md-soundcloud	
nerd	󰘬	md-source_branch	
nerd	󱓏	md-source_branch_check	
nerd	󱓋	md-source_branch_minus	
nerd	󱓊	md-source_branch_plus	
nerd	󱓍	md-source_branch_refresh	
nerd	󱓌	md-source_branch_remove	
nerd	󱓎	md-source_branch_sync	
nerd	󰜘	md-source_commit	
nerd	󰜙	md-source_commit_end	
nerd	󰜚	md-source_commit_end_local	
nerd	󰜛	md-source_commit_local	
nerd	󰜜	md-source_commit_next_local	
nerd	󰜝	md-source_commit_start	
nerd	󰜞	md-source_commit_start_next_local	
nerd	󰓁	md-source_fork	
nerd	󰘭	md-source_merge	
nerd	󰓂	md-source_pull	
nerd	󰳏	md-source_repository	
nerd	󰳐	md-source_repository_multiple	
nerd	󰟮	md-soy_sauce	
nerd	󱏼	md-soy_sauce_off	
nerd	󰳑	md-spa	
nerd	󰳒	md-spa_outline	
nerd	󰯉	md-space_invaders	
nerd	󱎃	md-space_station	
nerd	󰹥	md-spade	
nerd	󰓃	md-speaker	
nerd	󰦢	md-speaker_bluetooth	
nerd	󰴸	md-speaker_multiple	
nerd	󰓄	md-speaker_off	
nerd	󰜟	md-speaker_wireless	
nerd	󱡅	md-spear	
nerd	󰓅	md-speedometer	
nerd	󰾅	md-speedometer_medium	
nerd	󰾆	md-speedometer_slow	
nerd	󰓆	md-spellcheck	
nerd	󱥔	md-sphere	
nerd	󱥕	md-sphere_off	
nerd	󱇪	md-spider	
nerd	󱇫	md-spider_thread	
nerd	󰯊	md-spider_web	
nerd	󱓱	md-spirit_level	
nerd	󱐩	md-spoon_sugar	
nerd	󰓇	md-spotify	
nerd	󰓈	md-spotlight	
nerd	󰓉	md-spotlight_beam	
nerd	󰙥	md-spray	
nerd	󰫠	md-spray_bottle	
nerd	󱁟	md-sprinkler	
nerd	󱦝	md-sprinkler_fire	
nerd	󱁠	md-sprinkler_variant	
nerd	󰹦	md-sprout	
nerd	󰹧	md-sprout_outline	
nerd	󰝤	md-square	
nerd	󱔀	md-square_circle	
nerd	󰤌	md-square_edit_outline	
nerd	󰨓	md-square_medium	
nerd	󰨔	md-square_medium_outline	
nerd	󱋮	md-square_off	
nerd	󱋯	md-square_off_outline	
nerd	󱡔	md-square_opacity	
nerd	󰝣	md-square_outline	
nerd	󰞄	md-square_root	
nerd	󰦣	md-square_root_box	
nerd	󱓻	md-square_rounded	
nerd	󱨇	md-square_rounded_badge	
nerd	󱨈	md-square_rounded_badge_outline	
nerd	󱓼	md-square_rounded_outline	
nerd	󰨕	md-square_small	
nerd	󱑻	md-square_wave	
nerd	󰫡	md-squeegee	
nerd	󰣀	md-ssh	
nerd	󰘋	md-stack_exchange	
nerd	󰓌	md-stack_overflow	
nerd	󰍙	md-stackpath	
nerd	󰿹	md-stadium	
nerd	󰜠	md-stadium_variant	
nerd	󰓍	md-stairs	
nerd	󱎞	md-stairs_box	
nerd	󱊾	md-stairs_down	
nerd	󱊽	md-stairs_up	
nerd	󰴹	md-stamper	
nerd	󰟯	md-standard_definition	
nerd	󰓎	md-star	
nerd	󰩳	md-star_box	
nerd	󱊆	md-star_box_multiple	
nerd	󱊇	md-star_box_multiple_outline	
nerd	󰩴	md-star_box_outline	
nerd	󱕦	md-star_check	
nerd	󱕪	md-star_check_outline	
nerd	󰓏	md-star_circle	
nerd	󰦤	md-star_circle_outline	
nerd	󱙨	md-star_cog	
nerd	󱙩	md-star_cog_outline	
nerd	󰥹	md-star_crescent	
nerd	󰥺	md-star_david	
nerd	󰦥	md-star_face	
nerd	󰫢	md-star_four_points	
nerd	󰫣	md-star_four_points_outline	
nerd	󰉆	md-star_half	
nerd	󰓐	md-star_half_full	
nerd	󱕤	md-star_minus	
nerd	󱕨	md-star_minus_outline	
nerd	󰓑	md-star_off	
nerd	󱕛	md-star_off_outline	
nerd	󰓒	md-star_outline	
nerd	󱕣	md-star_plus	
nerd	󱕧	md-star_plus_outline	
nerd	󱕥	md-star_remove	
nerd	󱕩	md-star_remove_outline	
nerd	󱙪	md-star_settings	
nerd	󱙫	md-star_settings_outline	
nerd	󱝁	md-star_shooting	
nerd	󱝂	md-star_shooting_outline	
nerd	󰫤	md-star_three_points	
nerd	󰫥	md-star_three_points_outline	
nerd	󱇯	md-state_machine	
nerd	󰓓	md-steam	
nerd	󰓔	md-steering	
nerd	󰤎	md-steering_off	
nerd	󰓕	md-step_backward	
nerd	󰓖	md-step_backward_2	
nerd	󰓗	md-step_forward	
nerd	󰓘	md-step_forward_2	
nerd	󰓙	md-stethoscope	
nerd	󱍤	md-sticker	
nerd	󱍥	md-sticker_alert	
nerd	󱍦	md-sticker_alert_outline	
nerd	󱍧	md-sticker_check	
nerd	󱍨	md-sticker_check_outline	
nerd	󰗐	md-sticker_circle_outline	
nerd	󰞅	md-sticker_emoji	
nerd	󱍩	md-sticker_minus	
nerd	󱍪	md-sticker_minus_outline	
nerd	󱍫	md-sticker_outline	
nerd	󱍬	md-sticker_plus	
nerd	󱍭	md-sticker_plus_outline	
nerd	󱍮	md-sticker_remove	
nerd	󱍯	md-sticker_remove_outline	
nerd	󱞎	md-sticker_text	
nerd	󱞏	md-sticker_text_outline	
nerd	󰓚	md-stocking	
nerd	󱂓	md-stomach	
nerd	󱥝	md-stool	
nerd	󱥞	md-stool_outline	
nerd	󰓛	md-stop	
nerd	󰙦	md-stop_circle	
nerd	󰙧	md-stop_circle_outline	
nerd	󱩵	md-storage_tank	
nerd	󱩶	md-storage_tank_outline	
nerd	󰓜	md-store	
nerd	󰓝	md-store_24_hour	
nerd	󱣁	md-store_alert	
nerd	󱣂	md-store_alert_outline	
nerd	󱣃	md-store_check	
nerd	󱣄	md-store_check_outline	
nerd	󱣅	md-store_clock	
nerd	󱣆	md-store_clock_outline	
nerd	󱣇	md-store_cog	
nerd	󱣈	md-store_cog_outline	
nerd	󱣉	md-store_edit	
nerd	󱣊	md-store_edit_outline	
nerd	󱣋	md-store_marker	
nerd	󱣌	md-store_marker_outline	
nerd	󱙞	md-store_minus	
nerd	󱣍	md-store_minus_outline	
nerd	󱣎	md-store_off	
nerd	󱣏	md-store_off_outline	
nerd	󱍡	md-store_outline	
nerd	󱙟	md-store_plus	
nerd	󱣐	md-store_plus_outline	
nerd	󱙠	md-store_remove	
nerd	󱣑	md-store_remove_outline	
nerd	󱣒	md-store_search	
nerd	󱣓	md-store_search_outline	
nerd	󱣔	md-store_settings	
nerd	󱣕	md-store_settings_outline	
nerd	󰟇	md-storefront	
nerd	󱃁	md-storefront_outline	
nerd	󰓞	md-stove	
nerd	󱇖	md-strategy	
nerd	󰼫	md-stretch_to_page	
nerd	󰼬	md-stretch_to_page_outline	
nerd	󱊺	md-string_lights	
nerd	󱊻	md-string_lights_off	
nerd	󰘌	md-subdirectory_arrow_left	
nerd	󰘍	md-subdirectory_arrow_right	
nerd	󱕬	md-submarine	
nerd	󰨖	md-subtitles	
nerd	󰨗	md-subtitles_outline	
nerd	󰚬	md-subway	
nerd	󰶝	md-subway_alert_variant	
nerd	󰓟	md-subway_variant	
nerd	󰞆	md-summit	
nerd	󱩷	md-sun_clock	
nerd	󱩸	md-sun_clock_outline	
nerd	󱦥	md-sun_compass	
nerd	󱞖	md-sun_snowflake	
nerd	󱩹	md-sun_snowflake_variant	
nerd	󱣖	md-sun_thermometer	
nerd	󱣗	md-sun_thermometer_outline	
nerd	󱟾	md-sun_wireless	
nerd	󱟿	md-sun_wireless_outline	
nerd	󰓠	md-sunglasses	
nerd	󱝆	md-surfing	
nerd	󰗅	md-surround_sound	
nerd	󰟰	md-surround_sound_2_0	
nerd	󱜩	md-surround_sound_2_1	
nerd	󰟱	md-surround_sound_3_1	
nerd	󰟲	md-surround_sound_5_1	
nerd	󱜪	md-surround_sound_5_1_2	
nerd	󰟳	md-surround_sound_7_1	
nerd	󰜡	md-svg	
nerd	󰓡	md-swap_horizontal	
nerd	󰯍	md-swap_horizontal_bold	
nerd	󰿡	md-swap_horizontal_circle	
nerd	󰿢	md-swap_horizontal_circle_outline	
nerd	󰣁	md-swap_horizontal_variant	
nerd	󰓢	md-swap_vertical	
nerd	󰯎	md-swap_vertical_bold	
nerd	󰿣	md-swap_vertical_circle	
nerd	󰿤	md-swap_vertical_circle_outline	
nerd	󰣂	md-swap_vertical_variant	
nerd	󰓣	md-swim	
nerd	󰓤	md-switch	
nerd	󰓥	md-sword	
nerd	󰞇	md-sword_cross	
nerd	󱌳	md-syllabary_hangul	
nerd	󱌴	md-syllabary_hiragana	
nerd	󱌵	md-syllabary_katakana	
nerd	󱌶	md-syllabary_katakana_halfwidth	
nerd	󱔁	md-symbol	
nerd	󰫦	md-symfony	
nerd	󰓦	md-sync	
nerd	󰓧	md-sync_alert	
nerd	󱍸	md-sync_circle	
nerd	󰓨	md-sync_off	
nerd	󰓩	md-tab	
nerd	󰭋	md-tab_minus	
nerd	󰝜	md-tab_plus	
nerd	󰭌	md-tab_remove	
nerd	󱦞	md-tab_search	
nerd	󰓪	md-tab_unselected	
nerd	󰓫	md-table	
nerd	󱎹	md-table_account	
nerd	󱎺	md-table_alert	
nerd	󱎻	md-table_arrow_down	
nerd	󱎼	md-table_arrow_left	
nerd	󱎽	md-table_arrow_right	
nerd	󱎾	md-table_arrow_up	
nerd	󰨘	md-table_border	
nerd	󱎿	md-table_cancel	
nerd	󱁡	md-table_chair	
nerd	󱏀	md-table_check	
nerd	󱏁	md-table_clock	
nerd	󱏂	md-table_cog	
nerd	󰠵	md-table_column	
nerd	󰓬	md-table_column_plus_after	
nerd	󰓭	md-table_column_plus_before	
nerd	󰓮	md-table_column_remove	
nerd	󰓯	md-table_column_width	
nerd	󰓰	md-table_edit	
nerd	󱂔	md-table_eye	
nerd	󱏃	md-table_eye_off	
nerd	󰖼	md-table_furniture	
nerd	󱈝	md-table_headers_eye	
nerd	󱈞	md-table_headers_eye_off	
nerd	󱏄	md-table_heart	
nerd	󱏅	md-table_key	
nerd	󰓱	md-table_large	
nerd	󰾇	md-table_large_plus	
nerd	󰾈	md-table_large_remove	
nerd	󱏆	md-table_lock	
nerd	󰦦	md-table_merge_cells	
nerd	󱏇	md-table_minus	
nerd	󱏈	md-table_multiple	
nerd	󱏉	md-table_network	
nerd	󰠶	md-table_of_contents	
nerd	󱏊	md-table_off	
nerd	󱝃	md-table_picnic	
nerd	󱠼	md-table_pivot	
nerd	󰩵	md-table_plus	
nerd	󱎠	md-table_refresh	
nerd	󰩶	md-table_remove	
nerd	󰠷	md-table_row	
nerd	󰓲	md-table_row_height	
nerd	󰓳	md-table_row_plus_after	
nerd	󰓴	md-table_row_plus_before	
nerd	󰓵	md-table_row_remove	
nerd	󰤏	md-table_search	
nerd	󰠸	md-table_settings	
nerd	󱐪	md-table_split_cell	
nerd	󱏋	md-table_star	
nerd	󱎡	md-table_sync	
nerd	󰹨	md-table_tennis	
nerd	󰓶	md-tablet	
nerd	󰓷	md-tablet_android	
nerd	󰦧	md-tablet_cellphone	
nerd	󰻎	md-tablet_dashboard	
nerd	󰝢	md-taco	
nerd	󰓹	md-tag	
nerd	󱜫	md-tag_arrow_down	
nerd	󱜬	md-tag_arrow_down_outline	
nerd	󱜭	md-tag_arrow_left	
nerd	󱜮	md-tag_arrow_left_outline	
nerd	󱜯	md-tag_arrow_right	
nerd	󱜰	md-tag_arrow_right_outline	
nerd	󱜱	md-tag_arrow_up	
nerd	󱜲	md-tag_arrow_up_outline	
nerd	󱩺	md-tag_check	
nerd	󱩻	md-tag_check_outline	
nerd	󰓺	md-tag_faces	
nerd	󰚋	md-tag_heart	
nerd	󰯏	md-tag_heart_outline	
nerd	󰤐	md-tag_minus	
nerd	󱈟	md-tag_minus_outline	
nerd	󰓻	md-tag_multiple	
nerd	󱋷	md-tag_multiple_outline	
nerd	󱈠	md-tag_off	
nerd	󱈡	md-tag_off_outline	
nerd	󰓼	md-tag_outline	
nerd	󰜢	md-tag_plus	
nerd	󱈢	md-tag_plus_outline	
nerd	󰜣	md-tag_remove	
nerd	󱈣	md-tag_remove_outline	
nerd	󱤇	md-tag_search	
nerd	󱤈	md-tag_search_outline	
nerd	󱈤	md-tag_text	
nerd	󰓽	md-tag_text_outline	
nerd	󱏿	md-tailwind	
nerd	󱪼	md-tally_mark_1	
nerd	󱪽	md-tally_mark_2	
nerd	󱪾	md-tally_mark_3	
nerd	󱪿	md-tally_mark_4	
nerd	󱫀	md-tally_mark_5	
nerd	󰓸	md-tangram	
nerd	󰴺	md-tank	
nerd	󰿥	md-tanker_truck	
nerd	󱛟	md-tape_drive	
nerd	󰭍	md-tape_measure	
nerd	󰓾	md-target	
nerd	󰯐	md-target_account	
nerd	󰩷	md-target_variant	
nerd	󰓿	md-taxi	
nerd	󰶞	md-tea	
nerd	󰶟	md-tea_outline	
nerd	󰔀	md-teamviewer	
nerd	󱣻	md-teddy_bear	
nerd	󰭎	md-telescope	
nerd	󰔂	md-television	
nerd	󱍖	md-television_ambient_light	
nerd	󰠹	md-television_box	
nerd	󰟴	md-television_classic	
nerd	󰠺	md-television_classic_off	
nerd	󰔃	md-television_guide	
nerd	󰠻	md-television_off	
nerd	󰾉	md-television_pause	
nerd	󰻏	md-television_play	
nerd	󱄐	md-television_shimmer	
nerd	󰾊	md-television_stop	
nerd	󰔄	md-temperature_celsius	
nerd	󰔅	md-temperature_fahrenheit	
nerd	󰔆	md-temperature_kelvin	
nerd	󰶠	md-tennis	
nerd	󰔇	md-tennis_ball	
nerd	󰔈	md-tent	
nerd	󱁢	md-terraform	
nerd	󰙨	md-test_tube	
nerd	󰤑	md-test_tube_empty	
nerd	󰤒	md-test_tube_off	
nerd	󰦨	md-text	
nerd	󱕰	md-text_account	
nerd	󰈚	md-text_box	
nerd	󰺦	md-text_box_check	
nerd	󰺧	md-text_box_check_outline	
nerd	󱩼	md-text_box_edit	
nerd	󱩽	md-text_box_edit_outline	
nerd	󰺨	md-text_box_minus	
nerd	󰺩	md-text_box_minus_outline	
nerd	󰪷	md-text_box_multiple	
nerd	󰪸	md-text_box_multiple_outline	
nerd	󰧭	md-text_box_outline	
nerd	󰺪	md-text_box_plus	
nerd	󰺫	md-text_box_plus_outline	
nerd	󰺬	md-text_box_remove	
nerd	󰺭	md-text_box_remove_outline	
nerd	󰺮	md-text_box_search	
nerd	󰺯	md-text_box_search_outline	
nerd	󰦪	md-text_long	
nerd	󱄽	md-text_recognition	
nerd	󱎸	md-text_search	
nerd	󱩾	md-text_search_variant	
nerd	󰙩	md-text_shadow	
nerd	󰦩	md-text_short	
nerd	󰔊	md-text_to_speech	
nerd	󰔋	md-text_to_speech_off	
nerd	󰔌	md-texture	
nerd	󰿦	md-texture_box	
nerd	󰔍	md-theater	
nerd	󰔎	md-theme_light_dark	
nerd	󰔏	md-thermometer	
nerd	󰸁	md-thermometer_alert	
nerd	󱢕	md-thermometer_bluetooth	
nerd	󱩿	md-thermometer_check	
nerd	󰸂	md-thermometer_chevron_down	
nerd	󰸃	md-thermometer_chevron_up	
nerd	󱃂	md-thermometer_high	
nerd	󰔐	md-thermometer_lines	
nerd	󱃃	md-thermometer_low	
nerd	󰸄	md-thermometer_minus	
nerd	󱔱	md-thermometer_off	
nerd	󰸅	md-thermometer_plus	
nerd	󱪀	md-thermometer_water	
nerd	󰎓	md-thermostat	
nerd	󰢑	md-thermostat_box	
nerd	󰟶	md-thought_bubble	
nerd	󰟷	md-thought_bubble_outline	
nerd	󰔑	md-thumb_down	
nerd	󰔒	md-thumb_down_outline	
nerd	󰔓	md-thumb_up	
nerd	󰔔	md-thumb_up_outline	
nerd	󰔕	md-thumbs_up_down	
nerd	󱤔	md-thumbs_up_down_outline	
nerd	󰔖	md-ticket	
nerd	󰔗	md-ticket_account	
nerd	󰔘	md-ticket_confirmation	
nerd	󱎪	md-ticket_confirmation_outline	
nerd	󰤓	md-ticket_outline	
nerd	󰜤	md-ticket_percent	
nerd	󱐫	md-ticket_percent_outline	
nerd	󰔙	md-tie	
nerd	󰜥	md-tilde	
nerd	󱣳	md-tilde_off	
nerd	󰔚	md-timelapse	
nerd	󰯑	md-timeline	
nerd	󰾕	md-timeline_alert	
nerd	󰾘	md-timeline_alert_outline	
nerd	󱔲	md-timeline_check	
nerd	󱔳	md-timeline_check_outline	
nerd	󱇻	md-timeline_clock	
nerd	󱇼	md-timeline_clock_outline	
nerd	󰾙	md-timeline_help	
nerd	󰾚	md-timeline_help_outline	
nerd	󱔴	md-timeline_minus	
nerd	󱔵	md-timeline_minus_outline	
nerd	󰯒	md-timeline_outline	
nerd	󰾖	md-timeline_plus	
nerd	󰾗	md-timeline_plus_outline	
nerd	󱔶	md-timeline_remove	
nerd	󱔷	md-timeline_remove_outline	
nerd	󰯓	md-timeline_text	
nerd	󰯔	md-timeline_text_outline	
nerd	󱎫	md-timer	
nerd	󰔜	md-timer_10	
nerd	󰔝	md-timer_3	
nerd	󱫌	md-timer_alert	
nerd	󱫍	md-timer_alert_outline	
nerd	󱫎	md-timer_cancel	
nerd	󱫏	md-timer_cancel_outline	
nerd	󱫐	md-timer_check	
nerd	󱫑	md-timer_check_outline	
nerd	󱤥	md-timer_cog	
nerd	󱤦	md-timer_cog_outline	
nerd	󱫒	md-timer_edit	
nerd	󱫓	md-timer_edit_outline	
nerd	󱫔	md-timer_lock	
nerd	󱫕	md-timer_lock_open	
nerd	󱫖	md-timer_lock_open_outline	
nerd	󱫗	md-timer_lock_outline	
nerd	󱫘	md-timer_marker	
nerd	󱫙	md-timer_marker_outline	
nerd	󱫚	md-timer_minus	
nerd	󱫛	md-timer_minus_outline	
nerd	󱫜	md-timer_music	
nerd	󱫝	md-timer_music_outline	
nerd	󱎬	md-timer_off	
nerd	󰔞	md-timer_off_outline	
nerd	󰔛	md-timer_outline	
nerd	󱫞	md-timer_pause	
nerd	󱫟	md-timer_pause_outline	
nerd	󱫠	md-timer_play	
nerd	󱫡	md-timer_play_outline	
nerd	󱫢	md-timer_plus	
nerd	󱫣	md-timer_plus_outline	
nerd	󱫤	md-timer_refresh	
nerd	󱫥	md-timer_refresh_outline	
nerd	󱫦	md-timer_remove	
nerd	󱫧	md-timer_remove_outline	
nerd	󰔟	md-timer_sand	
nerd	󱦟	md-timer_sand_complete	
nerd	󰚭	md-timer_sand_empty	
nerd	󰞌	md-timer_sand_full	
nerd	󱦠	md-timer_sand_paused	
nerd	󱤣	md-timer_settings	
nerd	󱤤	md-timer_settings_outline	
nerd	󱫨	md-timer_star	
nerd	󱫩	md-timer_star_outline	
nerd	󱫪	md-timer_stop	
nerd	󱫫	md-timer_stop_outline	
nerd	󱫬	md-timer_sync	
nerd	󱫭	md-timer_sync_outline	
nerd	󰔠	md-timetable	
nerd	󱢖	md-tire	
nerd	󱁣	md-toaster	
nerd	󱆷	md-toaster_off	
nerd	󰳓	md-toaster_oven	
nerd	󰔡	md-toggle_switch	
nerd	󰔢	md-toggle_switch_off	
nerd	󰨙	md-toggle_switch_off_outline	
nerd	󰨚	md-toggle_switch_outline	
nerd	󱨥	md-toggle_switch_variant	
nerd	󱨦	md-toggle_switch_variant_off	
nerd	󰦫	md-toilet	
nerd	󰦬	md-toolbox	
nerd	󰦭	md-toolbox_outline	
nerd	󱁤	md-tools	
nerd	󰔣	md-tooltip	
nerd	󰀌	md-tooltip_account	
nerd	󱠻	md-tooltip_cellphone	
nerd	󱕜	md-tooltip_check	
nerd	󱕝	md-tooltip_check_outline	
nerd	󰔤	md-tooltip_edit	
nerd	󱋅	md-tooltip_edit_outline	
nerd	󰔥	md-tooltip_image	
nerd	󰯕	md-tooltip_image_outline	
nerd	󱕞	md-tooltip_minus	
nerd	󱕟	md-tooltip_minus_outline	
nerd	󰔦	md-tooltip_outline	
nerd	󰯖	md-tooltip_plus	
nerd	󰔧	md-tooltip_plus_outline	
nerd	󱕠	md-tooltip_remove	
nerd	󱕡	md-tooltip_remove_outline	
nerd	󰔨	md-tooltip_text	
nerd	󰯗	md-tooltip_text_outline	
nerd	󰣃	md-tooth	
nerd	󰔩	md-tooth_outline	
nerd	󱄩	md-toothbrush	
nerd	󱄬	md-toothbrush_electric	
nerd	󱄪	md-toothbrush_paste	
nerd	󱘆	md-torch	
nerd	󰴻	md-tortoise	
nerd	󱊸	md-toslink	
nerd	󰦮	md-tournament	
nerd	󰠼	md-tow_truck	
nerd	󰚁	md-tower_beach	
nerd	󰚂	md-tower_fire	
nerd	󱡵	md-town_hall	
nerd	󱊈	md-toy_brick	
nerd	󱊉	md-toy_brick_marker	
nerd	󱊊	md-toy_brick_marker_outline	
nerd	󱊋	md-toy_brick_minus	
nerd	󱊌	md-toy_brick_minus_outline	
nerd	󱊍	md-toy_brick_outline	
nerd	󱊎	md-toy_brick_plus	
nerd	󱊏	md-toy_brick_plus_outline	
nerd	󱊐	md-toy_brick_remove	
nerd	󱊑	md-toy_brick_remove_outline	
nerd	󱊒	md-toy_brick_search	
nerd	󱊓	md-toy_brick_search_outline	
nerd	󰤔	md-track_light	
nerd	󰟸	md-trackpad	
nerd	󰤳	md-trackpad_lock	
nerd	󰢒	md-tractor	
nerd	󱓄	md-tractor_variant	
nerd	󰩸	md-trademark	
nerd	󱍼	md-traffic_cone	
nerd	󰔫	md-traffic_light	
nerd	󱠪	md-traffic_light_outline	
nerd	󰔬	md-train	
nerd	󰯘	md-train_car	
nerd	󱜳	md-train_car_passenger	
nerd	󱜴	md-train_car_passenger_door	
nerd	󱜵	md-train_car_passenger_door_open	
nerd	󱜶	md-train_car_passenger_variant	
nerd	󰣄	md-train_variant	
nerd	󰔭	md-tram	
nerd	󰿧	md-tram_side	
nerd	󰔮	md-transcribe	
nerd	󰔯	md-transcribe_close	
nerd	󱁥	md-transfer	
nerd	󰶡	md-transfer_down	
nerd	󰶢	md-transfer_left	
nerd	󰔰	md-transfer_right	
nerd	󰶣	md-transfer_up	
nerd	󰴼	md-transit_connection	
nerd	󱕆	md-transit_connection_horizontal	
nerd	󰴽	md-transit_connection_variant	
nerd	󰾋	md-transit_detour	
nerd	󱔕	md-transit_skip	
nerd	󰚮	md-transit_transfer	
nerd	󰤕	md-transition	
nerd	󰤖	md-transition_masked	
nerd	󰗊	md-translate	
nerd	󰸆	md-translate_off	
nerd	󰴾	md-transmission_tower	
nerd	󱤬	md-transmission_tower_export	
nerd	󱤭	md-transmission_tower_import	
nerd	󱧝	md-transmission_tower_off	
nerd	󰩹	md-trash_can	
nerd	󰩺	md-trash_can_outline	
nerd	󱊔	md-tray	
nerd	󱊕	md-tray_alert	
nerd	󰄠	md-tray_arrow_down	
nerd	󰄝	md-tray_arrow_up	
nerd	󱊖	md-tray_full	
nerd	󱊗	md-tray_minus	
nerd	󱊘	md-tray_plus	
nerd	󱊙	md-tray_remove	
nerd	󰜦	md-treasure_chest	
nerd	󰔱	md-tree	
nerd	󰹩	md-tree_outline	
nerd	󰔲	md-trello	
nerd	󰔳	md-trending_down	
nerd	󰔴	md-trending_neutral	
nerd	󰔵	md-trending_up	
nerd	󰔶	md-triangle	
nerd	󰔷	md-triangle_outline	
nerd	󱨉	md-triangle_small_down	
nerd	󱨊	md-triangle_small_up	
nerd	󱑼	md-triangle_wave	
nerd	󰯙	md-triforce	
nerd	󰔸	md-trophy	
nerd	󰔹	md-trophy_award	
nerd	󰶤	md-trophy_broken	
nerd	󰔺	md-trophy_outline	
nerd	󰔻	md-trophy_variant	
nerd	󰔼	md-trophy_variant_outline	
nerd	󰔽	md-truck	
nerd	󱧞	md-truck_alert	
nerd	󱧟	md-truck_alert_outline	
nerd	󱣘	md-truck_cargo_container	
nerd	󰳔	md-truck_check	
nerd	󱊚	md-truck_check_outline	
nerd	󰔾	md-truck_delivery	
nerd	󱊛	md-truck_delivery_outline	
nerd	󰞈	md-truck_fast	
nerd	󱊜	md-truck_fast_outline	
nerd	󱢑	md-truck_flatbed	
nerd	󱦮	md-truck_minus	
nerd	󱦽	md-truck_minus_outline	
nerd	󱊝	md-truck_outline	
nerd	󱦭	md-truck_plus	
nerd	󱦼	md-truck_plus_outline	
nerd	󱦯	md-truck_remove	
nerd	󱦾	md-truck_remove_outline	
nerd	󱦦	md-truck_snowflake	
nerd	󰜧	md-truck_trailer	
nerd	󱂖	md-trumpet	
nerd	󰩻	md-tshirt_crew	
nerd	󰔿	md-tshirt_crew_outline	
nerd	󰩼	md-tshirt_v	
nerd	󰕀	md-tshirt_v_outline	
nerd	󱪁	md-tsunami	
nerd	󰤗	md-tumble_dryer	
nerd	󱆺	md-tumble_dryer_alert	
nerd	󱆻	md-tumble_dryer_off	
nerd	󰘮	md-tune	
nerd	󱕂	md-tune_variant	
nerd	󰙪	md-tune_vertical	
nerd	󱕃	md-tune_vertical_variant	
nerd	󱠽	md-tunnel	
nerd	󱠾	md-tunnel_outline	
nerd	󱪂	md-turbine	
nerd	󱜛	md-turkey	
nerd	󰳕	md-turnstile	
nerd	󰳖	md-turnstile_outline	
nerd	󰳗	md-turtle	
nerd	󰕃	md-twitch	
nerd	󰕄	md-twitter	
nerd	󰦯	md-two_factor_authentication	
nerd	󰼭	md-typewriter	
nerd	󰯚	md-ubisoft	
nerd	󰕈	md-ubuntu	
nerd	󱃄	md-ufo	
nerd	󱃅	md-ufo_outline	
nerd	󰟹	md-ultra_high_definition	
nerd	󰕉	md-umbraco	
nerd	󰕊	md-umbrella	
nerd	󱢊	md-umbrella_beach	
nerd	󱢋	md-umbrella_beach_outline	
nerd	󰦰	md-umbrella_closed	
nerd	󱏢	md-umbrella_closed_outline	
nerd	󱏡	md-umbrella_closed_variant	
nerd	󰕋	md-umbrella_outline	
nerd	󰕌	md-undo	
nerd	󰕍	md-undo_variant	
nerd	󰕎	md-unfold_less_horizontal	
nerd	󰝠	md-unfold_less_vertical	
nerd	󰕏	md-unfold_more_horizontal	
nerd	󰝡	md-unfold_more_vertical	
nerd	󰕐	md-ungroup	
nerd	󰻐	md-unicode	
nerd	󱗂	md-unicorn	
nerd	󱗃	md-unicorn_variant	
nerd	󱗥	md-unicycle	
nerd	󰚯	md-unity	
nerd	󰦱	md-unreal	
nerd	󰚰	md-update	
nerd	󰕒	md-upload	
nerd	󱍳	md-upload_lock	
nerd	󱍴	md-upload_lock_outline	
nerd	󰠽	md-upload_multiple	
nerd	󰛶	md-upload_network	
nerd	󰳘	md-upload_network_outline	
nerd	󱃆	md-upload_off	
nerd	󱃇	md-upload_off_outline	
nerd	󰸇	md-upload_outline	
nerd	󰕓	md-usb	
nerd	󱊞	md-usb_flash_drive	
nerd	󱊟	md-usb_flash_drive_outline	
nerd	󱇰	md-usb_port	
nerd	󱦡	md-vacuum	
nerd	󱦢	md-vacuum_outline	
nerd	󱁦	md-valve	
nerd	󱁧	md-valve_closed	
nerd	󱁨	md-valve_open	
nerd	󰟺	md-van_passenger	
nerd	󰟻	md-van_utility	
nerd	󰟼	md-vanish	
nerd	󱕔	md-vanish_quarter	
nerd	󱇡	md-vanity_light	
nerd	󰫧	md-variable	
nerd	󱄑	md-variable_box	
nerd	󰕔	md-vector_arrange_above	
nerd	󰕕	md-vector_arrange_below	
nerd	󰫨	md-vector_bezier	
nerd	󰕖	md-vector_circle	
nerd	󰕗	md-vector_circle_variant	
nerd	󰕘	md-vector_combine	
nerd	󰕙	md-vector_curve	
nerd	󰕚	md-vector_difference	
nerd	󰕛	md-vector_difference_ab	
nerd	󰕜	md-vector_difference_ba	
nerd	󰢓	md-vector_ellipse	
nerd	󰕝	md-vector_intersection	
nerd	󰕞	md-vector_line	
nerd	󰿨	md-vector_link	
nerd	󰕟	md-vector_point	
nerd	󰕠	md-vector_polygon	
nerd	󱡖	md-vector_polygon_variant	
nerd	󰕡	md-vector_polyline	
nerd	󱈥	md-vector_polyline_edit	
nerd	󱈦	md-vector_polyline_minus	
nerd	󱈧	md-vector_polyline_plus	
nerd	󱈨	md-vector_polyline_remove	
nerd	󰝊	md-vector_radius	
nerd	󰗆	md-vector_rectangle	
nerd	󰕢	md-vector_selection	
nerd	󰀁	md-vector_square	
nerd	󱡗	md-vector_square_close	
nerd	󱣙	md-vector_square_edit	
nerd	󱣚	md-vector_square_minus	
nerd	󱡘	md-vector_square_open	
nerd	󱣛	md-vector_square_plus	
nerd	󱣜	md-vector_square_remove	
nerd	󰕣	md-vector_triangle	
nerd	󰕤	md-vector_union	
nerd	󰨛	md-vhs	
nerd	󰕦	md-vibrate	
nerd	󰳙	md-vibrate_off	
nerd	󰕧	md-video	
nerd	󱨜	md-video_2d	
nerd	󰟽	md-video_3d	
nerd	󱏙	md-video_3d_off	
nerd	󰻑	md-video_3d_variant	
nerd	󰠾	md-video_4k_box	
nerd	󰤙	md-video_account	
nerd	󰃽	md-video_box	
nerd	󰃾	md-video_box_off	
nerd	󱁩	md-video_check	
nerd	󱁪	md-video_check_outline	
nerd	󱔮	md-video_high_definition	
nerd	󰤚	md-video_image	
nerd	󰠿	md-video_input_antenna	
nerd	󰡀	md-video_input_component	
nerd	󰡁	md-video_input_hdmi	
nerd	󰾌	md-video_input_scart	
nerd	󰡂	md-video_input_svideo	
nerd	󱦩	md-video_marker	
nerd	󱦪	md-video_marker_outline	
nerd	󰦲	md-video_minus	
nerd	󰊺	md-video_minus_outline	
nerd	󰕨	md-video_off	
nerd	󰯛	md-video_off_outline	
nerd	󰯜	md-video_outline	
nerd	󰦳	md-video_plus	
nerd	󰇓	md-video_plus_outline	
nerd	󰤛	md-video_stabilization	
nerd	󰕩	md-video_switch	
nerd	󰞐	md-video_switch_outline	
nerd	󰨜	md-video_vintage	
nerd	󰻒	md-video_wireless	
nerd	󰻓	md-video_wireless_outline	
nerd	󰕪	md-view_agenda	
nerd	󱇘	md-view_agenda_outline	
nerd	󰕫	md-view_array	
nerd	󱒅	md-view_array_outline	
nerd	󰕬	md-view_carousel	
nerd	󱒆	md-view_carousel_outline	
nerd	󰕭	md-view_column	
nerd	󱒇	md-view_column_outline	
nerd	󰹪	md-view_comfy	
nerd	󱒈	md-view_comfy_outline	
nerd	󰹫	md-view_compact	
nerd	󰹬	md-view_compact_outline	
nerd	󰕮	md-view_dashboard	
nerd	󱥇	md-view_dashboard_edit	
nerd	󱥈	md-view_dashboard_edit_outline	
nerd	󰨝	md-view_dashboard_outline	
nerd	󰡃	md-view_dashboard_variant	
nerd	󱒉	md-view_dashboard_variant_outline	
nerd	󰕯	md-view_day	
nerd	󱒊	md-view_day_outline	
nerd	󱢈	md-view_gallery	
nerd	󱢉	md-view_gallery_outline	
nerd	󰕰	md-view_grid	
nerd	󱇙	md-view_grid_outline	
nerd	󰾍	md-view_grid_plus	
nerd	󱇚	md-view_grid_plus_outline	
nerd	󰕱	md-view_headline	
nerd	󰕲	md-view_list	
nerd	󱒋	md-view_list_outline	
nerd	󰕳	md-view_module	
nerd	󱒌	md-view_module_outline	
nerd	󰜨	md-view_parallel	
nerd	󱒍	md-view_parallel_outline	
nerd	󰕴	md-view_quilt	
nerd	󱒎	md-view_quilt_outline	
nerd	󰜩	md-view_sequential	
nerd	󱒏	md-view_sequential_outline	
nerd	󰯋	md-view_split_horizontal	
nerd	󰯌	md-view_split_vertical	
nerd	󰕵	md-view_stream	
nerd	󱒐	md-view_stream_outline	
nerd	󰕶	md-view_week	
nerd	󱒑	md-view_week_outline	
nerd	󰕷	md-vimeo	
nerd	󰘏	md-violin	
nerd	󰢔	md-virtual_reality	
nerd	󱎶	md-virus	
nerd	󱣡	md-virus_off	
nerd	󱣢	md-virus_off_outline	
nerd	󱎷	md-virus_outline	
nerd	󰕼	md-vlc	
nerd	󰕽	md-voicemail	
nerd	󱪃	md-volcano	
nerd	󱪄	md-volcano_outline	
nerd	󰦴	md-volleyball	
nerd	󰕾	md-volume_high	
nerd	󰕿	md-volume_low	
nerd	󰖀	md-volume_medium	
nerd	󰝞	md-volume_minus	
nerd	󰝟	md-volume_mute	
nerd	󰖁	md-volume_off	
nerd	󰝝	md-volume_plus	
nerd	󱄠	md-volume_source	
nerd	󰸈	md-volume_variant_off	
nerd	󱄡	md-volume_vibrate	
nerd	󰨟	md-vote	
nerd	󰨠	md-vote_outline	
nerd	󰖂	md-vpn	
nerd	󰡄	md-vuejs	
nerd	󰹭	md-vuetify	
nerd	󰖃	md-walk	
nerd	󰟾	md-wall	
nerd	󱨑	md-wall_fire	
nerd	󰤜	md-wall_sconce	
nerd	󰤝	md-wall_sconce_flat	
nerd	󱟉	md-wall_sconce_flat_outline	
nerd	󰐜	md-wall_sconce_flat_variant	
nerd	󱟊	md-wall_sconce_flat_variant_outline	
nerd	󱟋	md-wall_sconce_outline	
nerd	󰝈	md-wall_sconce_round	
nerd	󱟌	md-wall_sconce_round_outline	
nerd	󰤞	md-wall_sconce_round_variant	
nerd	󱟍	md-wall_sconce_round_variant_outline	
nerd	󰖄	md-wallet	
nerd	󰖅	md-wallet_giftcard	
nerd	󰖆	md-wallet_membership	
nerd	󰯝	md-wallet_outline	
nerd	󰾎	md-wallet_plus	
nerd	󰾏	md-wallet_plus_outline	
nerd	󰖇	md-wallet_travel	
nerd	󰸉	md-wallpaper	
nerd	󰖈	md-wan	
nerd	󰾐	md-wardrobe	
nerd	󰾑	md-wardrobe_outline	
nerd	󰾁	md-warehouse	
nerd	󰜪	md-washing_machine	
nerd	󱆼	md-washing_machine_alert	
nerd	󱆽	md-washing_machine_off	
nerd	󰖉	md-watch	
nerd	󰖊	md-watch_export	
nerd	󰢕	md-watch_export_variant	
nerd	󰖋	md-watch_import	
nerd	󰢖	md-watch_import_variant	
nerd	󰢗	md-watch_variant	
nerd	󰚱	md-watch_vibrate	
nerd	󰳚	md-watch_vibrate_off	
nerd	󰖌	md-water	
nerd	󱔂	md-water_alert	
nerd	󱔃	md-water_alert_outline	
nerd	󰾒	md-water_boiler	
nerd	󱆳	md-water_boiler_alert	
nerd	󱆴	md-water_boiler_off	
nerd	󱔄	md-water_check	
nerd	󱔅	md-water_check_outline	
nerd	󱠆	md-water_circle	
nerd	󱔆	md-water_minus	
nerd	󱔇	md-water_minus_outline	
nerd	󰖍	md-water_off	
nerd	󱔈	md-water_off_outline	
nerd	󱡕	md-water_opacity	
nerd	󰸊	md-water_outline	
nerd	󰖎	md-water_percent	
nerd	󱔉	md-water_percent_alert	
nerd	󱔊	md-water_plus	
nerd	󱔋	md-water_plus_outline	
nerd	󱊠	md-water_polo	
nerd	󰖏	md-water_pump	
nerd	󰾓	md-water_pump_off	
nerd	󱔌	md-water_remove	
nerd	󱔍	md-water_remove_outline	
nerd	󱟆	md-water_sync	
nerd	󱪅	md-water_thermometer	
nerd	󱪆	md-water_thermometer_outline	
nerd	󱁫	md-water_well	
nerd	󱁬	md-water_well_outline	
nerd	󱡉	md-waterfall	
nerd	󱒁	md-watering_can	
nerd	󱒂	md-watering_can_outline	
nerd	󰘒	md-watermark	
nerd	󰼮	md-wave	
nerd	󱑽	md-waveform	
nerd	󰞍	md-waves	
nerd	󱡙	md-waves_arrow_left	
nerd	󱡚	md-waves_arrow_right	
nerd	󱡛	md-waves_arrow_up	
nerd	󰯞	md-waze	
nerd	󰖐	md-weather_cloudy	
nerd	󰼯	md-weather_cloudy_alert	
nerd	󰹮	md-weather_cloudy_arrow_right	
nerd	󱣶	md-weather_cloudy_clock	
nerd	󰖑	md-weather_fog	
nerd	󰖒	md-weather_hail	
nerd	󰼰	md-weather_hazy	
nerd	󰢘	md-weather_hurricane	
nerd	󰖓	md-weather_lightning	
nerd	󰙾	md-weather_lightning_rainy	
nerd	󰖔	md-weather_night	
nerd	󰼱	md-weather_night_partly_cloudy	
nerd	󰖕	md-weather_partly_cloudy	
nerd	󰼲	md-weather_partly_lightning	
nerd	󰼳	md-weather_partly_rainy	
nerd	󰼴	md-weather_partly_snowy	
nerd	󰼵	md-weather_partly_snowy_rainy	
nerd	󰖖	md-weather_pouring	
nerd	󰖗	md-weather_rainy	
nerd	󰖘	md-weather_snowy	
nerd	󰼶	md-weather_snowy_heavy	
nerd	󰙿	md-weather_snowy_rainy	
nerd	󰖙	md-weather_sunny	
nerd	󰼷	md-weather_sunny_alert	
nerd	󱓤	md-weather_sunny_off	
nerd	󰖚	md-weather_sunset	
nerd	󰖛	md-weather_sunset_down	
nerd	󰖜	md-weather_sunset_up	
nerd	󰼸	md-weather_tornado	
nerd	󰖝	md-weather_windy	
nerd	󰖞	md-weather_windy_variant	
nerd	󰖟	md-web	
nerd	󰾔	md-web_box	
nerd	󱞐	md-web_cancel	
nerd	󰞉	md-web_check	
nerd	󱉊	md-web_clock	
nerd	󱂠	md-web_minus	
nerd	󰪎	md-web_off	
nerd	󰀳	md-web_plus	
nerd	󱞑	md-web_refresh	
nerd	󰕑	md-web_remove	
nerd	󱞒	md-web_sync	
nerd	󰖠	md-webcam	
nerd	󱜷	md-webcam_off	
nerd	󰘯	md-webhook	
nerd	󰜫	md-webpack	
nerd	󱉈	md-webrtc	
nerd	󰘑	md-wechat	
nerd	󰖡	md-weight	
nerd	󰴿	md-weight_gram	
nerd	󰖢	md-weight_kilogram	
nerd	󱅝	md-weight_lifter	
nerd	󰦵	md-weight_pound	
nerd	󰖣	md-whatsapp	
nerd	󱓲	md-wheel_barrow	
nerd	󱪇	md-wheelchair	
nerd	󰖤	md-wheelchair_accessibility	
nerd	󰦶	md-whistle	
nerd	󱊼	md-whistle_outline	
nerd	󰖥	md-white_balance_auto	
nerd	󰖦	md-white_balance_incandescent	
nerd	󰖧	md-white_balance_iridescent	
nerd	󰖨	md-white_balance_sunny	
nerd	󰜬	md-widgets	
nerd	󱍕	md-widgets_outline	
nerd	󰖩	md-wifi	
nerd	󱚵	md-wifi_alert	
nerd	󱚶	md-wifi_arrow_down	
nerd	󱚷	md-wifi_arrow_left	
nerd	󱚸	md-wifi_arrow_left_right	
nerd	󱚹	md-wifi_arrow_right	
nerd	󱚺	md-wifi_arrow_up	
nerd	󱚻	md-wifi_arrow_up_down	
nerd	󱚼	md-wifi_cancel	
nerd	󱚽	md-wifi_check	
nerd	󱚾	md-wifi_cog	
nerd	󱚿	md-wifi_lock	
nerd	󱛀	md-wifi_lock_open	
nerd	󱛁	md-wifi_marker	
nerd	󱛂	md-wifi_minus	
nerd	󰖪	md-wifi_off	
nerd	󱛃	md-wifi_plus	
nerd	󱛄	md-wifi_refresh	
nerd	󱛅	md-wifi_remove	
nerd	󱛆	md-wifi_settings	
nerd	󰸋	md-wifi_star	
nerd	󰤟	md-wifi_strength_1	
nerd	󰤠	md-wifi_strength_1_alert	
nerd	󰤡	md-wifi_strength_1_lock	
nerd	󱛋	md-wifi_strength_1_lock_open	
nerd	󰤢	md-wifi_strength_2	
nerd	󰤣	md-wifi_strength_2_alert	
nerd	󰤤	md-wifi_strength_2_lock	
nerd	󱛌	md-wifi_strength_2_lock_open	
nerd	󰤥	md-wifi_strength_3	
nerd	󰤦	md-wifi_strength_3_alert	
nerd	󰤧	md-wifi_strength_3_lock	
nerd	󱛍	md-wifi_strength_3_lock_open	
nerd	󰤨	md-wifi_strength_4	
nerd	󰤩	md-wifi_strength_4_alert	
nerd	󰤪	md-wifi_strength_4_lock	
nerd	󱛎	md-wifi_strength_4_lock_open	
nerd	󰤫	md-wifi_strength_alert_outline	
nerd	󱛏	md-wifi_strength_lock_open_outline	
nerd	󰤬	md-wifi_strength_lock_outline	
nerd	󰤭	md-wifi_strength_off	
nerd	󰤮	md-wifi_strength_off_outline	
nerd	󰤯	md-wifi_strength_outline	
nerd	󱛇	md-wifi_sync	
nerd	󰖬	md-wikipedia	
nerd	󱪈	md-wind_power	
nerd	󱪉	md-wind_power_outline	
nerd	󰶥	md-wind_turbine	
nerd	󱦫	md-wind_turbine_alert	
nerd	󱦬	md-wind_turbine_check	
nerd	󰖭	md-window_close	
nerd	󰖮	md-window_closed	
nerd	󱇛	md-window_closed_variant	
nerd	󰖯	md-window_maximize	
nerd	󰖰	md-window_minimize	
nerd	󰖱	md-window_open	
nerd	󱇜	md-window_open_variant	
nerd	󰖲	md-window_restore	
nerd	󱄜	md-window_shutter	
nerd	󱄝	md-window_shutter_alert	
nerd	󱪊	md-window_shutter_cog	
nerd	󱄞	md-window_shutter_open	
nerd	󱪋	md-window_shutter_settings	
nerd	󱗺	md-windsock	
nerd	󰫩	md-wiper	
nerd	󰶦	md-wiper_wash	
nerd	󱣟	md-wiper_wash_alert	
nerd	󱑷	md-wizard_hat	
nerd	󰖴	md-wordpress	
nerd	󰖶	md-wrap	
nerd	󰯟	md-wrap_disabled	
nerd	󰖷	md-wrench	
nerd	󱦣	md-wrench_clock	
nerd	󰯠	md-wrench_outline	
nerd	󰡅	md-xamarin	
nerd	󰗀	md-xml	
nerd	󰟿	md-xmpp	
nerd	󰭏	md-yahoo	
nerd	󰗁	md-yeast	
nerd	󰚀	md-yin_yang	
nerd	󱅼	md-yoga	
nerd	󰗃	md-youtube	
nerd	󰡈	md-youtube_gaming	
nerd	󰡇	md-youtube_studio	
nerd	󰵀	md-youtube_subscription	
nerd	󰑈	md-youtube_tv	
nerd	󱔖	md-yurt	
nerd	󰫪	md-z_wave	
nerd	󰫫	md-zend	
nerd	󰵁	md-zigbee	
nerd	󰗄	md-zip_box	
nerd	󰿺	md-zip_box_outline	
nerd	󰨣	md-zip_disk	
nerd	󰩽	md-zodiac_aquarius	
nerd	󰩾	md-zodiac_aries	
nerd	󰩿	md-zodiac_cancer	
nerd	󰪀	md-zodiac_capricorn	
nerd	󰪁	md-zodiac_gemini	
nerd	󰪂	md-zodiac_leo	
nerd	󰪃	md-zodiac_libra	
nerd	󰪄	md-zodiac_pisces	
nerd	󰪅	md-zodiac_sagittarius	
nerd	󰪆	md-zodiac_scorpio	
nerd	󰪇	md-zodiac_taurus	
nerd	󰪈	md-zodiac_virgo	
nerd		oct-accessibility	
nerd		oct-accessibility_inset	
nerd		oct-alert	
nerd		oct-alert_fill	
nerd		oct-apps	
nerd		oct-archive	
nerd		oct-arrow_both	
nerd		oct-arrow_down	
nerd		oct-arrow_down_left	
nerd		oct-arrow_down_right	
nerd		oct-arrow_left	
nerd		oct-arrow_right	
nerd		oct-arrow_switch	
nerd		oct-arrow_up	
nerd		oct-arrow_up_left	
nerd		oct-arrow_up_right	
nerd		oct-beaker	
nerd		oct-bell	
nerd		oct-bell_fill	
nerd		oct-bell_slash	
nerd		oct-blocked	
nerd		oct-bold	
nerd		oct-book	
nerd		oct-bookmark	
nerd		oct-bookmark_fill	
nerd		oct-bookmark_slash	
nerd		oct-bookmark_slash_fill	
nerd		oct-briefcase	
nerd		oct-broadcast	
nerd		oct-browser	
nerd		oct-bug	
nerd		oct-cache	
nerd		oct-calendar	
nerd		oct-check	
nerd		oct-check_circle	
nerd		oct-check_circle_fill	
nerd		oct-checkbox	
nerd		oct-checklist	
nerd		oct-chevron_down	
nerd		oct-chevron_left	
nerd		oct-chevron_right	
nerd		oct-chevron_up	
nerd		oct-circle	
nerd		oct-circle_slash	
nerd		oct-clock	
nerd		oct-clock_fill	
nerd		oct-cloud	
nerd		oct-cloud_offline	
nerd		oct-code	
nerd		oct-code_of_conduct	
nerd		oct-code_review	
nerd		oct-code_square	
nerd		oct-codescan	
nerd		oct-codescan_checkmark	
nerd		oct-codespaces	
nerd		oct-columns	
nerd		oct-command_palette	
nerd		oct-comment	
nerd		oct-comment_discussion	
nerd		oct-commit	
nerd		oct-container	
nerd		oct-copilot	
nerd		oct-copilot_error	
nerd		oct-copilot_warning	
nerd		oct-copy	
nerd		oct-cpu	
nerd		oct-credit_card	
nerd		oct-cross_reference	
nerd		oct-dash	
nerd		oct-database	
nerd		oct-dependabot	
nerd		oct-desktop_download	
nerd		oct-device_camera	
nerd		oct-device_camera_video	
nerd		oct-device_desktop	
nerd		oct-device_mobile	
nerd		oct-diamond	
nerd		oct-diff	
nerd		oct-diff_added	
nerd		oct-diff_ignored	
nerd		oct-diff_modified	
nerd		oct-diff_removed	
nerd		oct-diff_renamed	
nerd		oct-discussion_closed	
nerd		oct-discussion_duplicate	
nerd		oct-discussion_outdated	
nerd		oct-dot	
nerd		oct-dot_fill	
nerd		oct-download	
nerd		oct-duplicate	
nerd		oct-ellipsis	
nerd		oct-eye	
nerd		oct-eye_closed	
nerd		oct-feed_discussion	
nerd		oct-feed_forked	
nerd		oct-feed_heart	
nerd		oct-feed_merged	
nerd		oct-feed_person	
nerd		oct-feed_repo	
nerd		oct-feed_rocket	
nerd		oct-feed_star	
nerd		oct-feed_tag	
nerd		oct-feed_trophy	
nerd		oct-file	
nerd		oct-file_added	
nerd		oct-file_badge	
nerd		oct-file_binary	
nerd		oct-file_code	
nerd		oct-file_diff	
nerd		oct-file_directory	
nerd		oct-file_directory_fill	
nerd		oct-file_directory_open_fill	
nerd		oct-file_media	
nerd		oct-file_moved	
nerd		oct-file_removed	
nerd		oct-file_submodule	
nerd		oct-file_symlink_directory	
nerd		oct-file_symlink_file	
nerd		oct-file_zip	
nerd		oct-filter	
nerd		oct-fiscal_host	
nerd		oct-flame	
nerd		oct-fold	
nerd		oct-fold_down	
nerd		oct-fold_up	
nerd		oct-gear	
nerd		oct-gift	
nerd		oct-git_branch	
nerd		oct-git_commit	
nerd		oct-git_compare	
nerd		oct-git_merge	
nerd		oct-git_merge_queue	
nerd		oct-git_pull_request	
nerd		oct-git_pull_request_closed	
nerd		oct-git_pull_request_draft	
nerd		oct-globe	
nerd		oct-goal	
nerd		oct-grabber	
nerd		oct-graph	
nerd		oct-hash	
nerd		oct-heading	
nerd	♥	oct-heart	
nerd		oct-heart_fill	
nerd		oct-history	
nerd		oct-home	
nerd		oct-home_fill	
nerd		oct-horizontal_rule	
nerd		oct-hourglass	
nerd		oct-hubot	
nerd		oct-id_badge	
nerd		oct-image	
nerd		oct-inbox	
nerd		oct-infinity	
nerd		oct-info	
nerd		oct-issue_closed	
nerd		oct-issue_draft	
nerd		oct-issue_opened	
nerd		oct-issue_reopened	
nerd		oct-issue_tracked_by	
nerd		oct-issue_tracks	
nerd		oct-italic	
nerd		oct-iterations	
nerd		oct-kebab_horizontal	
nerd		oct-key	
nerd		oct-key_asterisk	
nerd		oct-law	
nerd		oct-light_bulb	
nerd		oct-link	
nerd		oct-link_external	
nerd		oct-list_ordered	
nerd		oct-list_unordered	
nerd		oct-location	
nerd		oct-lock	
nerd		oct-log	
nerd		oct-logo_gist	
nerd		oct-logo_github	
nerd		oct-mail	
nerd		oct-mark_github	
nerd		oct-markdown	
nerd		oct-megaphone	
nerd		oct-mention	
nerd		oct-meter	
nerd		oct-milestone	
nerd		oct-mirror	
nerd		oct-moon	
nerd		oct-mortar_board	
nerd		oct-move_to_bottom	
nerd		oct-move_to_end	
nerd		oct-move_to_start	
nerd		oct-move_to_top	
nerd		oct-multi_select	
nerd		oct-mute	
nerd		oct-no_entry	
nerd		oct-north_star	
nerd		oct-note	
nerd		oct-number	
nerd		oct-organization	
nerd		oct-package	
nerd		oct-package_dependencies	
nerd		oct-package_dependents	
nerd		oct-paintbrush	
nerd		oct-paper_airplane	
nerd		oct-paperclip	
nerd		oct-passkey_fill	
nerd		oct-paste	
nerd		oct-pencil	
nerd		oct-people	
nerd		oct-person	
nerd		oct-person_add	
nerd		oct-person_fill	
nerd		oct-pin	
nerd		oct-play	
nerd		oct-plug	
nerd		oct-plus	
nerd		oct-plus_circle	
nerd		oct-project	
nerd		oct-project_roadmap	
nerd		oct-project_symlink	
nerd		oct-project_template	
nerd		oct-pulse	
nerd		oct-question	
nerd		oct-quote	
nerd		oct-read	
nerd		oct-rel_file_path	
nerd		oct-reply	
nerd		oct-repo	
nerd		oct-repo_clone	
nerd		oct-repo_deleted	
nerd		oct-repo_forked	
nerd		oct-repo_locked	
nerd		oct-repo_pull	
nerd		oct-repo_push	
nerd		oct-repo_template	
nerd		oct-report	
nerd		oct-rocket	
nerd		oct-rows	
nerd		oct-rss	
nerd		oct-ruby	
nerd		oct-screen_full	
nerd		oct-screen_normal	
nerd		oct-search	
nerd		oct-server	
nerd		oct-share	
nerd		oct-share_android	
nerd		oct-shield	
nerd		oct-shield_check	
nerd		oct-shield_lock	
nerd		oct-shield_slash	
nerd		oct-shield_x	
nerd		oct-sidebar_collapse	
nerd		oct-sidebar_expand	
nerd		oct-sign_in	
nerd		oct-sign_out	
nerd		oct-single_select	
nerd		oct-skip	
nerd		oct-skip_fill	
nerd		oct-sliders	
nerd		oct-smiley	
nerd		oct-sort_asc	
nerd		oct-sort_desc	
nerd		oct-sparkle_fill	
nerd		oct-sponsor_tiers	
nerd		oct-square	
nerd		oct-square_fill	
nerd		oct-squirrel	
nerd		oct-stack	
nerd		oct-star	
nerd		oct-star_fill	
nerd		oct-stop	
nerd		oct-stopwatch	
nerd		oct-strikethrough	
nerd		oct-sun	
nerd		oct-sync	
nerd		oct-tab	
nerd		oct-tab_external	
nerd		oct-table	
nerd		oct-tag	
nerd		oct-tasklist	
nerd		oct-telescope	
nerd		oct-telescope_fill	
nerd		oct-terminal	
nerd		oct-three_bars	
nerd		oct-thumbsdown	
nerd		oct-thumbsup	
nerd		oct-tools	
nerd		oct-trash	
nerd		oct-triangle_down	
nerd		oct-triangle_left	
nerd		oct-triangle_right	
nerd		oct-triangle_up	
nerd		oct-trophy	
nerd		oct-typography	
nerd		oct-unfold	
nerd		oct-unlink	
nerd		oct-unlock	
nerd		oct-unmute	
nerd		oct-unread	
nerd		oct-unverified	
nerd		oct-upload	
nerd		oct-verified	
nerd		oct-versions	
nerd		oct-video	
nerd		oct-webhook	
nerd		oct-workflow	
nerd		oct-x	
nerd		oct-x_circle	
nerd		oct-x_circle_fill	
nerd	⚡	oct-zap	
nerd		oct-zoom_in	
nerd		oct-zoom_out	
nerd		pl-branch	
nerd		pl-current_line	
nerd		pl-hostname	
nerd		pl-left_hard_divider	
nerd		pl-left_soft_divider	
nerd		pl-line_number	
nerd		pl-readonly	
nerd		pl-right_hard_divider	
nerd		pl-right_soft_divider	
nerd		ple-backslash_separator	
nerd		ple-backslash_separator_redundant	
nerd		ple-column_number	
nerd		ple-current_column	
nerd		ple-flame_thick	
nerd		ple-flame_thick_mirrored	
nerd		ple-flame_thin	
nerd		ple-flame_thin_mirrored	
nerd		ple-forwardslash_separator	
nerd		ple-forwardslash_separator_redundant	
nerd		ple-honeycomb	
nerd		ple-honeycomb_outline	
nerd		ple-ice_waveform	
nerd		ple-ice_waveform_mirrored	
nerd		ple-left_half_circle_thick	
nerd		ple-left_half_circle_thin	
nerd		ple-left_hard_divider_inverse	
nerd		ple-lego_block_facing	
nerd		ple-lego_block_sideways	
nerd		ple-lego_separator	
nerd		ple-lego_separator_thin	
nerd		ple-lower_left_triangle	
nerd		ple-lower_right_triangle	
nerd		ple-pixelated_squares_big	
nerd		ple-pixelated_squares_big_mirrored	
nerd		ple-pixelated_squares_small	
nerd		ple-pixelated_squares_small_mirrored	
nerd		ple-right_half_circle_thick	
nerd		ple-right_half_circle_thin	
nerd		ple-right_hard_divider_inverse	
nerd		ple-trapezoid_top_bottom	
nerd		ple-trapezoid_top_bottom_mirrored	
nerd		ple-upper_left_triangle	
nerd		ple-upper_right_triangle	
nerd		pom-away	
nerd		pom-clean_code	
nerd		pom-external_interruption	
nerd		pom-internal_interruption	
nerd		pom-long_pause	
nerd		pom-pair_programming	
nerd		pom-pomodoro_done	
nerd		pom-pomodoro_estimated	
nerd		pom-pomodoro_squashed	
nerd		pom-pomodoro_ticking	
nerd		pom-short_pause	
nerd		seti-apple	
nerd		seti-argdown	
nerd		seti-asm	
nerd		seti-audio	
nerd		seti-babel	
nerd		seti-bazel	
nerd		seti-bicep	
nerd		seti-bower	
nerd		seti-bsl	
nerd		seti-c	
nerd		seti-c_sharp	
nerd		seti-cake	
nerd		seti-cake_php	
nerd		seti-checkbox	
nerd		seti-checkbox_unchecked	
nerd		seti-cjsx	
nerd		seti-clock	
nerd		seti-clojure	
nerd		seti-code_climate	
nerd		seti-code_search	
nerd		seti-coffee	
nerd		seti-coldfusion	
nerd		seti-config	
nerd		seti-cpp	
nerd		seti-crystal	
nerd		seti-crystal_embedded	
nerd		seti-css	
nerd		seti-csv	
nerd		seti-cu	
nerd		seti-d	
nerd		seti-dart	
nerd		seti-db	
nerd		seti-default	
nerd		seti-deprecation_cop	
nerd		seti-docker	
nerd		seti-editorconfig	
nerd		seti-ejs	
nerd		seti-elixir	
nerd		seti-elixir_script	
nerd		seti-elm	
nerd		seti-error	
nerd		seti-eslint	
nerd		seti-ethereum	
nerd		seti-f_sharp	
nerd		seti-favicon	
nerd		seti-firebase	
nerd		seti-firefox	
nerd		seti-folder	
nerd		seti-font	
nerd		seti-git	
nerd		seti-git_folder	
nerd		seti-git_ignore	
nerd		seti-github	
nerd		seti-gitlab	
nerd		seti-go	
nerd		seti-go2	
nerd		seti-godot	
nerd		seti-gradle	
nerd		seti-grails	
nerd		seti-graphql	
nerd		seti-grunt	
nerd		seti-gulp	
nerd		seti-hacklang	
nerd		seti-haml	
nerd		seti-happenings	
nerd		seti-haskell	
nerd		seti-haxe	
nerd		seti-heroku	
nerd		seti-hex	
nerd		seti-home	
nerd		seti-html	
nerd		seti-ignored	
nerd		seti-illustrator	
nerd		seti-image	
nerd		seti-info	
nerd		seti-ionic	
nerd		seti-jade	
nerd		seti-java	
nerd		seti-javascript	
nerd		seti-jenkins	
nerd		seti-jinja	
nerd		seti-json	
nerd		seti-julia	
nerd		seti-karma	
nerd		seti-kotlin	
nerd		seti-less	
nerd		seti-license	
nerd		seti-liquid	
nerd		seti-livescript	
nerd		seti-lock	
nerd		seti-lua	
nerd		seti-makefile	
nerd		seti-markdown	
nerd		seti-maven	
nerd		seti-mdo	
nerd		seti-mustache	
nerd		seti-new_file	
nerd		seti-nim	
nerd		seti-notebook	
nerd		seti-npm	
nerd		seti-npm_ignored	
nerd		seti-nunjucks	
nerd		seti-ocaml	
nerd		seti-odata	
nerd		seti-pddl	
nerd		seti-pdf	
nerd		seti-perl	
nerd		seti-photoshop	
nerd		seti-php	
nerd		seti-pipeline	
nerd		seti-plan	
nerd		seti-platformio	
nerd		seti-play_arrow	
nerd		seti-powershell	
nerd		seti-prisma	
nerd		seti-project	
nerd		seti-prolog	
nerd		seti-pug	
nerd		seti-puppet	
nerd		seti-purescript	
nerd		seti-python	
nerd		seti-r	
nerd		seti-rails	
nerd		seti-react	
nerd		seti-reasonml	
nerd		seti-rescript	
nerd		seti-rollup	
nerd		seti-ruby	
nerd		seti-rust	
nerd		seti-salesforce	
nerd		seti-sass	
nerd		seti-sbt	
nerd		seti-scala	
nerd		seti-search	
nerd		seti-settings	
nerd		seti-shell	
nerd		seti-slim	
nerd		seti-smarty	
nerd		seti-spring	
nerd		seti-stylelint	
nerd		seti-stylus	
nerd		seti-sublime	
nerd		seti-svelte	
nerd		seti-svg	
nerd		seti-swift	
nerd		seti-terraform	
nerd		seti-tex	
nerd		seti-text	
nerd		seti-time_cop	
nerd		seti-todo	
nerd		seti-tsconfig	
nerd		seti-twig	
nerd		seti-typescript	
nerd		seti-vala	
nerd		seti-video	
nerd		seti-vue	
nerd		seti-wasm	
nerd		seti-wat	
nerd		seti-webpack	
nerd		seti-wgt	
nerd		seti-word	
nerd		seti-xls	
nerd		seti-xml	
nerd		seti-yarn	
nerd		seti-yml	
nerd		seti-zig	
nerd		seti-zip	
nerd		weather-alien	
nerd		weather-aliens	
nerd		weather-barometer	
nerd		weather-celsius	
nerd		weather-cloud	
nerd		weather-cloud_down	
nerd		weather-cloud_refresh	
nerd		weather-cloud_up	
nerd		weather-cloudy	
nerd		weather-cloudy_gusts	
nerd		weather-cloudy_windy	
nerd		weather-day_cloudy	
nerd		weather-day_cloudy_gusts	
nerd		weather-day_cloudy_high	
nerd		weather-day_cloudy_windy	
nerd		weather-day_fog	
nerd		weather-day_hail	
nerd		weather-day_haze	
nerd		weather-day_light_wind	
nerd		weather-day_lightning	
nerd		weather-day_rain	
nerd		weather-day_rain_mix	
nerd		weather-day_rain_wind	
nerd		weather-day_showers	
nerd		weather-day_sleet	
nerd		weather-day_sleet_storm	
nerd		weather-day_snow	
nerd		weather-day_snow_thunderstorm	
nerd		weather-day_snow_wind	
nerd		weather-day_sprinkle	
nerd		weather-day_storm_showers	
nerd		weather-day_sunny	
nerd		weather-day_sunny_overcast	
nerd		weather-day_thunderstorm	
nerd		weather-day_windy	
nerd		weather-degrees	
nerd		weather-direction_down	
nerd		weather-direction_down_left	
nerd		weather-direction_down_right	
nerd		weather-direction_left	
nerd		weather-direction_right	
nerd		weather-direction_up	
nerd		weather-direction_up_left	
nerd		weather-direction_up_right	
nerd		weather-dust	
nerd		weather-earthquake	
nerd		weather-fahrenheit	
nerd		weather-fire	
nerd		weather-flood	
nerd		weather-fog	
nerd		weather-gale_warning	
nerd		weather-hail	
nerd		weather-horizon	
nerd		weather-horizon_alt	
nerd		weather-hot	
nerd		weather-humidity	
nerd		weather-hurricane	
nerd		weather-hurricane_warning	
nerd		weather-lightning	
nerd		weather-lunar_eclipse	
nerd		weather-meteor	
nerd		weather-moon_alt_first_quarter	
nerd		weather-moon_alt_full	
nerd		weather-moon_alt_new	
nerd		weather-moon_alt_third_quarter	
nerd		weather-moon_alt_waning_crescent_1	
nerd		weather-moon_alt_waning_crescent_2	
nerd		weather-moon_alt_waning_crescent_3	
nerd		weather-moon_alt_waning_crescent_4	
nerd		weather-moon_alt_waning_crescent_5	
nerd		weather-moon_alt_waning_crescent_6	
nerd		weather-moon_alt_waning_gibbous_1	
nerd		weather-moon_alt_waning_gibbous_2	
nerd		weather-moon_alt_waning_gibbous_3	
nerd		weather-moon_alt_waning_gibbous_4	
nerd		weather-moon_alt_waning_gibbous_5	
nerd		weather-moon_alt_waning_gibbous_6	
nerd		weather-moon_alt_waxing_crescent_1	
nerd		weather-moon_alt_waxing_crescent_2	
nerd		weather-moon_alt_waxing_crescent_3	
nerd		weather-moon_alt_waxing_crescent_4	
nerd		weather-moon_alt_waxing_crescent_5	
nerd		weather-moon_alt_waxing_crescent_6	
nerd		weather-moon_alt_waxing_gibbous_1	
nerd		weather-moon_alt_waxing_gibbous_2	
nerd		weather-moon_alt_waxing_gibbous_3	
nerd		weather-moon_alt_waxing_gibbous_4	
nerd		weather-moon_alt_waxing_gibbous_5	
nerd		weather-moon_alt_waxing_gibbous_6	
nerd		weather-moon_first_quarter	
nerd		weather-moon_full	
nerd		weather-moon_new	
nerd		weather-moon_third_quarter	
nerd		weather-moon_waning_crescent_1	
nerd		weather-moon_waning_crescent_2	
nerd		weather-moon_waning_crescent_3	
nerd		weather-moon_waning_crescent_4	
nerd		weather-moon_waning_crescent_5	
nerd		weather-moon_waning_crescent_6	
nerd		weather-moon_waning_gibbous_1	
nerd		weather-moon_waning_gibbous_2	
nerd		weather-moon_waning_gibbous_3	
nerd		weather-moon_waning_gibbous_4	
nerd		weather-moon_waning_gibbous_5	
nerd		weather-moon_waning_gibbous_6	
nerd		weather-moon_waxing_crescent_1	
nerd		weather-moon_waxing_crescent_2	
nerd		weather-moon_waxing_crescent_3	
nerd		weather-moon_waxing_crescent_4	
nerd		weather-moon_waxing_crescent_5	
nerd		weather-moon_waxing_crescent_6	
nerd		weather-moon_waxing_gibbous_1	
nerd		weather-moon_waxing_gibbous_2	
nerd		weather-moon_waxing_gibbous_3	
nerd		weather-moon_waxing_gibbous_4	
nerd		weather-moon_waxing_gibbous_5	
nerd		weather-moon_waxing_gibbous_6	
nerd		weather-moonrise	
nerd		weather-moonset	
nerd		weather-na	
nerd		weather-night_alt_cloudy	
nerd		weather-night_alt_cloudy_gusts	
nerd		weather-night_alt_cloudy_high	
nerd		weather-night_alt_cloudy_windy	
nerd		weather-night_alt_hail	
nerd		weather-night_alt_lightning	
nerd		weather-night_alt_partly_cloudy	
nerd		weather-night_alt_rain	
nerd		weather-night_alt_rain_mix	
nerd		weather-night_alt_rain_wind	
nerd		weather-night_alt_showers	
nerd		weather-night_alt_sleet	
nerd		weather-night_alt_sleet_storm	
nerd		weather-night_alt_snow	
nerd		weather-night_alt_snow_thunderstorm	
nerd		weather-night_alt_snow_wind	
nerd		weather-night_alt_sprinkle	
nerd		weather-night_alt_storm_showers	
nerd		weather-night_alt_thunderstorm	
nerd		weather-night_clear	
nerd		weather-night_cloudy	
nerd		weather-night_cloudy_gusts	
nerd		weather-night_cloudy_high	
nerd		weather-night_cloudy_windy	
nerd		weather-night_fog	
nerd		weather-night_hail	
nerd		weather-night_lightning	
nerd		weather-night_partly_cloudy	
nerd		weather-night_rain	
nerd		weather-night_rain_mix	
nerd		weather-night_rain_wind	
nerd		weather-night_showers	
nerd		weather-night_sleet	
nerd		weather-night_sleet_storm	
nerd		weather-night_snow	
nerd		weather-night_snow_thunderstorm	
nerd		weather-night_snow_wind	
nerd		weather-night_sprinkle	
nerd		weather-night_storm_showers	
nerd		weather-night_thunderstorm	
nerd		weather-rain	
nerd		weather-rain_mix	
nerd		weather-rain_wind	
nerd		weather-raindrop	
nerd		weather-raindrops	
nerd		weather-refresh	
nerd		weather-refresh_alt	
nerd		weather-sandstorm	
nerd		weather-showers	
nerd		weather-sleet	
nerd		weather-small_craft_advisory	
nerd		weather-smog	
nerd		weather-smoke	
nerd		weather-snow	
nerd		weather-snow_wind	
nerd		weather-snowflake_cold	
nerd		weather-solar_eclipse	
nerd		weather-sprinkle	
nerd		weather-stars	
nerd		weather-storm_showers	
nerd		weather-storm_warning	
nerd		weather-strong_wind	
nerd		weather-sunrise	
nerd		weather-sunset	
nerd		weather-thermometer	
nerd		weather-thermometer_exterior	
nerd		weather-thermometer_internal	
nerd		weather-thunderstorm	
nerd		weather-time_1	
nerd		weather-time_10	
nerd		weather-time_11	
nerd		weather-time_12	
nerd		weather-time_2	
nerd		weather-time_3	
nerd		weather-time_4	
nerd		weather-time_5	
nerd		weather-time_6	
nerd		weather-time_7	
nerd		weather-time_8	
nerd		weather-time_9	
nerd		weather-tornado	
nerd		weather-train	
nerd		weather-tsunami	
nerd		weather-umbrella	
nerd		weather-volcano	
nerd		weather-wind_beaufort_0	
nerd		weather-wind_beaufort_1	
nerd		weather-wind_beaufort_10	
nerd		weather-wind_beaufort_11	
nerd		weather-wind_beaufort_12	
nerd		weather-wind_beaufort_2	
nerd		weather-wind_beaufort_3	
nerd		weather-wind_beaufort_4	
nerd		weather-wind_beaufort_5	
nerd		weather-wind_beaufort_6	
nerd		weather-wind_beaufort_7	
nerd		weather-wind_beaufort_8	
nerd		weather-wind_beaufort_9	
nerd		weather-wind_direction	
nerd		weather-wind_east	
nerd		weather-wind_north	
nerd		weather-wind_north_east	
nerd		weather-wind_north_west	
nerd		weather-wind_south	
nerd		weather-wind_south_east	
nerd		weather-wind_south_west	
nerd		weather-wind_west	
nerd		weather-windy	
symbol	←	Leftwards Arrow	
symbol	↑	Upwards Arrow	
symbol	→	Rightwards Arrow	
symbol	↓	Downwards Arrow	
symbol	↔	Left Right Arrow	
symbol	↕	Up Down Arrow	
symbol	↖	North West Arrow	
symbol	↗	North East Arrow	
symbol	↘	South East Arrow	
symbol	↙	South West Arrow	
symbol	↚	Leftwards Arrow With Stroke	
symbol	↛	Rightwards Arrow With Stroke	
symbol	↜	Leftwards Wave Arrow	
symbol	↝	Rightwards Wave Arrow	
symbol	↞	Leftwards Two Headed Arrow	
symbol	↟	Upwards Two Headed Arrow	
symbol	↠	Rightwards Two Headed Arrow	
symbol	↡	Downwards Two Headed Arrow	
symbol	↢	Leftwards Arrow With Tail	
symbol	↣	Rightwards Arrow With Tail	
symbol	↤	Leftwards Arrow From Bar	
symbol	↥	Upwards Arrow From Bar	
symbol	↦	Rightwards Arrow From Bar	
symbol	↧	Downwards Arrow From Bar	
symbol	↨	Up Down Arrow With Base	
symbol	↩	Leftwards Arrow With Hook	
symbol	↪	Rightwards Arrow With Hook	
symbol	↫	Leftwards Arrow With Loop	
symbol	↬	Rightwards Arrow With Loop	
symbol	↭	Left Right Wave Arrow	
symbol	↮	Left Right Arrow With Stroke	
symbol	↯	Downwards Zigzag Arrow	
symbol	↰	Upwards Arrow With Tip Leftwards	
symbol	↱	Upwards Arrow With Tip Rightwards	
symbol	↲	Downwards Arrow With Tip Leftwards	
symbol	↳	Downwards Arrow With Tip Rightwards	
symbol	↴	Rightwards Arrow With Corner Downwards	
symbol	↵	Downwards Arrow With Corner Leftwards	
symbol	↶	Anticlockwise Top Semicircle Arrow	
symbol	↷	Clockwise Top Semicircle Arrow	
symbol	↸	North West Arrow To Long Bar	
symbol	↹	Leftwards Arrow To Bar Over Rightwards Arrow To Bar	
symbol	↺	Anticlockwise Open Circle Arrow	
symbol	↻	Clockwise Open Circle Arrow	
symbol	↼	Leftwards Harpoon With Barb Upwards	
symbol	↽	Leftwards Harpoon With Barb Downwards	
symbol	↾	Upwards Harpoon With Barb Rightwards	
symbol	↿	Upwards Harpoon With Barb Leftwards	
symbol	⇀	Rightwards Harpoon With Barb Upwards	
symbol	⇁	Rightwards Harpoon With Barb Downwards	
symbol	⇂	Downwards Harpoon With Barb Rightwards	
symbol	⇃	Downwards Harpoon With Barb Leftwards	
symbol	⇄	Rightwards Arrow Over Leftwards Arrow	
symbol	⇅	Upwards Arrow Leftwards Of Downwards Arrow	
symbol	⇆	Leftwards Arrow Over Rightwards Arrow	
symbol	⇇	Leftwards Paired Arrows	
symbol	⇈	Upwards Paired Arrows	
symbol	⇉	Rightwards Paired Arrows	
symbol	⇊	Downwards Paired Arrows	
symbol	⇋	Leftwards Harpoon Over Rightwards Harpoon	
symbol	⇌	Rightwards Harpoon Over Leftwards Harpoon	
symbol	⇍	Leftwards Double Arrow With Stroke	
symbol	⇎	Left Right Double Arrow With Stroke	
symbol	⇏	Rightwards Double Arrow With Stroke	
symbol	⇐	Leftwards Double Arrow	
symbol	⇑	Upwards Double Arrow	
symbol	⇒	Rightwards Double Arrow	
symbol	⇓	Downwards Double Arrow	
symbol	⇔	Left Right Double Arrow	
symbol	⇕	Up Down Double Arrow	
symbol	⇖	North West Double Arrow	
symbol	⇗	North East Double Arrow	
symbol	⇘	South East Double Arrow	
symbol	⇙	South West Double Arrow	
symbol	⇚	Leftwards Triple Arrow	
symbol	⇛	Rightwards Triple Arrow	
symbol	⇜	Leftwards Squiggle Arrow	
symbol	⇝	Rightwards Squiggle Arrow	
symbol	⇞	Upwards Arrow With Double Stroke	
symbol	⇟	Downwards Arrow With Double Stroke	
symbol	⇠	Leftwards Dashed Arrow	
symbol	⇡	Upwards Dashed Arrow	
symbol	⇢	Rightwards Dashed Arrow	
symbol	⇣	Downwards Dashed Arrow	
symbol	⇤	Leftwards Arrow To Bar	
symbol	⇥	Rightwards Arrow To Bar	
symbol	⇦	Leftwards White Arrow	
symbol	⇧	Upwards White Arrow	
symbol	⇨	Rightwards White Arrow	
symbol	⇩	Downwards White Arrow	
symbol	⇪	Upwards White Arrow From Bar	
symbol	⇫	Upwards White Arrow On Pedestal	
symbol	⇬	Upwards White Arrow On Pedestal With Horizontal Bar	
symbol	⇭	Upwards White Arrow On Pedestal With Vertical Bar	
symbol	⇮	Upwards White Double Arrow	
symbol	⇯	Upwards White Double Arrow On Pedestal	
symbol	⇰	Rightwards White Arrow From Wall	
symbol	⇱	North West Arrow To Corner	
symbol	⇲	South East Arrow To Corner	
symbol	⇳	Up Down White Arrow	
symbol	⇴	Right Arrow With Small Circle	
symbol	⇵	Downwards Arrow Leftwards Of Upwards Arrow	
symbol	⇶	Three Rightwards Arrows	
symbol	⇷	Leftwards Arrow With Vertical Stroke	
symbol	⇸	Rightwards Arrow With Vertical Stroke	
symbol	⇹	Left Right Arrow With Vertical Stroke	
symbol	⇺	Leftwards Arrow With Double Vertical Stroke	
symbol	⇻	Rightwards Arrow With Double Vertical Stroke	
symbol	⇼	Left Right Arrow With Double Vertical Stroke	
symbol	⇽	Leftwards Open-Headed Arrow	
symbol	⇾	Rightwards Open-Headed Arrow	
symbol	⇿	Left Right Open-Headed Arrow	
symbol	⟰	Upwards Quadruple Arrow	
symbol	⟱	Downwards Quadruple Arrow	
symbol	⟲	Anticlockwise Gapped Circle Arrow	
symbol	⟳	Clockwise Gapped Circle Arrow	
symbol	⟴	Right Arrow With Circled Plus	
symbol	⟵	Long Leftwards Arrow	
symbol	⟶	Long Rightwards Arrow	
symbol	⟷	Long Left Right Arrow	
symbol	⟸	Long Leftwards Double Arrow	
symbol	⟹	Long Rightwards Double Arrow	
symbol	⟺	Long Left Right Double Arrow	
symbol	⟻	Long Leftwards Arrow From Bar	
symbol	⟼	Long Rightwards Arrow From Bar	
symbol	⟽	Long Leftwards Double Arrow From Bar	
symbol	⟾	Long Rightwards Double Arrow From Bar	
symbol	⟿	Long Rightwards Squiggle Arrow	
symbol	⤀	Rightwards Two-Headed Arrow With Vertical Stroke	
symbol	⤁	Rightwards Two-Headed Arrow With Double Vertical Stroke	
symbol	⤂	Leftwards Double Arrow With Vertical Stroke	
symbol	⤃	Rightwards Double Arrow With Vertical Stroke	
symbol	⤄	Left Right Double Arrow With Vertical Stroke	
symbol	⤅	Rightwards Two-Headed Arrow From Bar	
symbol	⤆	Leftwards Double Arrow From Bar	
symbol	⤇	Rightwards Double Arrow From Bar	
symbol	⤈	Downwards Arrow With Horizontal Stroke	
symbol	⤉	Upwards Arrow With Horizontal Stroke	
symbol	⤊	Upwards Triple Arrow	
symbol	⤋	Downwards Triple Arrow	
symbol	⤌	Leftwards Double Dash Arrow	
symbol	⤍	Rightwards Double Dash Arrow	
symbol	⤎	Leftwards Triple Dash Arrow	
symbol	⤏	Rightwards Triple Dash Arrow	
symbol	⤐	Rightwards Two-Headed Triple Dash Arrow	
symbol	⤑	Rightwards Arrow With Dotted Stem	
symbol	⤒	Upwards Arrow To Bar	
symbol	⤓	Downwards Arrow To Bar	
symbol	⤔	Rightwards Arrow With Tail With Vertical Stroke	
symbol	⤕	Rightwards Arrow With Tail With Double Vertical Stroke	
symbol	⤖	Rightwards Two-Headed Arrow With Tail	
symbol	⤗	Rightwards Two-Headed Arrow With Tail With Vertical Stroke	
symbol	⤘	Rightwards Two-Headed Arrow With Tail With Double Vertical Stroke	
symbol	⤙	Leftwards Arrow-Tail	
symbol	⤚	Rightwards Arrow-Tail	
symbol	⤛	Leftwards Double Arrow-Tail	
symbol	⤜	Rightwards Double Arrow-Tail	
symbol	⤝	Leftwards Arrow To Black Diamond	
symbol	⤞	Rightwards Arrow To Black Diamond	
symbol	⤟	Leftwards Arrow From Bar To Black Diamond	
symbol	⤠	Rightwards Arrow From Bar To Black Diamond	
symbol	⤡	North West And South East Arrow	
symbol	⤢	North East And South West Arrow	
symbol	⤣	North West Arrow With Hook	
symbol	⤤	North East Arrow With Hook	
symbol	⤥	South East Arrow With Hook	
symbol	⤦	South West Arrow With Hook	
symbol	⤧	North West Arrow And North East Arrow	
symbol	⤨	North East Arrow And South East Arrow	
symbol	⤩	South East Arrow And South West Arrow	
symbol	⤪	South West Arrow And North West Arrow	
symbol	⤫	Rising Diagonal Crossing Falling Diagonal	
symbol	⤬	Falling Diagonal Crossing Rising Diagonal	
symbol	⤭	South East Arrow Crossing North East Arrow	
symbol	⤮	North East Arrow Crossing South East Arrow	
symbol	⤯	Falling Diagonal Crossing North East Arrow	
symbol	⤰	Rising Diagonal Crossing South East Arrow	
symbol	⤱	North East Arrow Crossing North West Arrow	
symbol	⤲	North West Arrow Crossing North East Arrow	
symbol	⤳	Wave Arrow Pointing Directly Right	
symbol	⤴	Arrow Pointing Rightwards Then Curving Upwards	
symbol	⤵	Arrow Pointing Rightwards Then Curving Downwards	
symbol	⤶	Arrow Pointing Downwards Then Curving Leftwards	
symbol	⤷	Arrow Pointing Downwards Then Curving Rightwards	
symbol	⤸	Right-Side Arc Clockwise Arrow	
symbol	⤹	Left-Side Arc Anticlockwise Arrow	
symbol	⤺	Top Arc Anticlockwise Arrow	
symbol	⤻	Bottom Arc Anticlockwise Arrow	
symbol	⤼	Top Arc Clockwise Arrow With Minus	
symbol	⤽	Top Arc Anticlockwise Arrow With Plus	
symbol	⤾	Lower Right Semicircular Clockwise Arrow	
symbol	⤿	Lower Left Semicircular Anticlockwise Arrow	
symbol	⥀	Anticlockwise Closed Circle Arrow	
symbol	⥁	Clockwise Closed Circle Arrow	
symbol	⥂	Rightwards Arrow Above Short Leftwards Arrow	
symbol	⥃	Leftwards Arrow Above Short Rightwards Arrow	
symbol	⥄	Short Rightwards Arrow Above Leftwards Arrow	
symbol	⥅	Rightwards Arrow With Plus Below	
symbol	⥆	Leftwards Arrow With Plus Below	
symbol	⥇	Rightwards Arrow Through X	
symbol	⥈	Left Right Arrow Through Small Circle	
symbol	⥉	Upwards Two-Headed Arrow From Small Circle	
symbol	⥊	Left Barb Up Right Barb Down Harpoon	
symbol	⥋	Left Barb Down Right Barb Up Harpoon	
symbol	⥌	Up Barb Right Down Barb Left Harpoon	
symbol	⥍	Up Barb Left Down Barb Right Harpoon	
symbol	⥎	Left Barb Up Right Barb Up Harpoon	
symbol	⥏	Up Barb Right Down Barb Right Harpoon	
symbol	⥐	Left Barb Down Right Barb Down Harpoon	
symbol	⥑	Up Barb Left Down Barb Left Harpoon	
symbol	⥒	Leftwards Harpoon With Barb Up To Bar	
symbol	⥓	Rightwards Harpoon With Barb Up To Bar	
symbol	⥔	Upwards Harpoon With Barb Right To Bar	
symbol	⥕	Downwards Harpoon With Barb Right To Bar	
symbol	⥖	Leftwards Harpoon With Barb Down To Bar	
symbol	⥗	Rightwards Harpoon With Barb Down To Bar	
symbol	⥘	Upwards Harpoon With Barb Left To Bar	
symbol	⥙	Downwards Harpoon With Barb Left To Bar	
symbol	⥚	Leftwards Harpoon With Barb Up From Bar	
symbol	⥛	Rightwards Harpoon With Barb Up From Bar	
symbol	⥜	Upwards Harpoon With Barb Right From Bar	
symbol	⥝	Downwards Harpoon With Barb Right From Bar	
symbol	⥞	Leftwards Harpoon With Barb Down From Bar	
symbol	⥟	Rightwards Harpoon With Barb Down From Bar	
symbol	⥠	Upwards Harpoon With Barb Left From Bar	
symbol	⥡	Downwards Harpoon With Barb Left From Bar	
symbol	⥢	Leftwards Harpoon With Barb Up Above Leftwards Harpoon With Barb Down	
symbol	⥣	Upwards Harpoon With Barb Left Beside Upwards Harpoon With Barb Right	
symbol	⥤	Rightwards Harpoon With Barb Up Above Rightwards Harpoon With Barb Down	
symbol	⥥	Downwards Harpoon With Barb Left Beside Downwards Harpoon With Barb Right	
symbol	⥦	Leftwards Harpoon With Barb Up Above Rightwards Harpoon With Barb Up	
symbol	⥧	Leftwards Harpoon With Barb Down Above Rightwards Harpoon With Barb Down	
symbol	⥨	Rightwards Harpoon With Barb Up Above Leftwards Harpoon With Barb Up	
symbol	⥩	Rightwards Harpoon With Barb Down Above Leftwards Harpoon With Barb Down	
symbol	⥪	Leftwards Harpoon With Barb Up Above Long Dash	
symbol	⥫	Leftwards Harpoon With Barb Down Below Long Dash	
symbol	⥬	Rightwards Harpoon With Barb Up Above Long Dash	
symbol	⥭	Rightwards Harpoon With Barb Down Below Long Dash	
symbol	⥮	Upwards Harpoon With Barb Left Beside Downwards Harpoon With Barb Right	
symbol	⥯	Downwards Harpoon With Barb Left Beside Upwards Harpoon With Barb Right	
symbol	⥰	Right Double Arrow With Rounded Head	
symbol	⥱	Equals Sign Above Rightwards Arrow	
symbol	⥲	Tilde Operator Above Rightwards Arrow	
symbol	⥳	Leftwards Arrow Above Tilde Operator	
symbol	⥴	Rightwards Arrow Above Tilde Operator	
symbol	⥵	Rightwards Arrow Above Almost Equal To	
symbol	⥶	Less-Than Above Leftwards Arrow	
symbol	⥷	Leftwards Arrow Through Less-Than	
symbol	⥸	Greater-Than Above Rightwards Arrow	
symbol	⥹	Subset Above Rightwards Arrow	
symbol	⥺	Leftwards Arrow Through Subset	
symbol	⥻	Superset Above Leftwards Arrow	
symbol	⥼	Left Fish Tail	
symbol	⥽	Right Fish Tail	
symbol	⥾	Up Fish Tail	
symbol	⥿	Down Fish Tail	
symbol	🠀	Leftwards Arrow With Small Triangle Arrowhead	
symbol	🠁	Upwards Arrow With Small Triangle Arrowhead	
symbol	🠂	Rightwards Arrow With Small Triangle Arrowhead	
symbol	🠃	Downwards Arrow With Small Triangle Arrowhead	
symbol	🠄	Leftwards Arrow With Medium Triangle Arrowhead	
symbol	🠅	Upwards Arrow With Medium Triangle Arrowhead	
symbol	🠆	Rightwards Arrow With Medium Triangle Arrowhead	
symbol	🠇	Downwards Arrow With Medium Triangle Arrowhead	
symbol	🠈	Leftwards Arrow With Large Triangle Arrowhead	
symbol	🠉	Upwards Arrow With Large Triangle Arrowhead	
symbol	🠊	Rightwards Arrow With Large Triangle Arrowhead	
symbol	🠋	Downwards Arrow With Large Triangle Arrowhead	
symbol	🠐	Leftwards Arrow With Small Equilateral Arrowhead	
symbol	🠑	Upwards Arrow With Small Equilateral Arrowhead	
symbol	🠒	Rightwards Arrow With Small Equilateral Arrowhead	
symbol	🠓	Downwards Arrow With Small Equilateral Arrowhead	
symbol	🠔	Leftwards Arrow With Equilateral Arrowhead	
symbol	🠕	Upwards Arrow With Equilateral Arrowhead	
symbol	🠖	Rightwards Arrow With Equilateral Arrowhead	
symbol	🠗	Downwards Arrow With Equilateral Arrowhead	
symbol	🠘	Heavy Leftwards Arrow With Equilateral Arrowhead	
symbol	🠙	Heavy Upwards Arrow With Equilateral Arrowhead	
symbol	🠚	Heavy Rightwards Arrow With Equilateral Arrowhead	
symbol	🠛	Heavy Downwards Arrow With Equilateral Arrowhead	
symbol	🠜	Heavy Leftwards Arrow With Large Equilateral Arrowhead	
symbol	🠝	Heavy Upwards Arrow With Large Equilateral Arrowhead	
symbol	🠞	Heavy Rightwards Arrow With Large Equilateral Arrowhead	
symbol	🠟	Heavy Downwards Arrow With Large Equilateral Arrowhead	
symbol	🠠	Leftwards Triangle-Headed Arrow With Narrow Shaft	
symbol	🠡	Upwards Triangle-Headed Arrow With Narrow Shaft	
symbol	🠢	Rightwards Triangle-Headed Arrow With Narrow Shaft	
symbol	🠣	Downwards Triangle-Headed Arrow With Narrow Shaft	
symbol	🠤	Leftwards Triangle-Headed Arrow With Medium Shaft	
symbol	🠥	Upwards Triangle-Headed Arrow With Medium Shaft	
symbol	🠦	Rightwards Triangle-Headed Arrow With Medium Shaft	
symbol	🠧	Downwards Triangle-Headed Arrow With Medium Shaft	
symbol	🠨	Leftwards Triangle-Headed Arrow With Bold Shaft	
symbol	🠩	Upwards Triangle-Headed Arrow With Bold Shaft	
symbol	🠪	Rightwards Triangle-Headed Arrow With Bold Shaft	
symbol	🠫	Downwards Triangle-Headed Arrow With Bold Shaft	
symbol	🠬	Leftwards Triangle-Headed Arrow With Heavy Shaft	
symbol	🠭	Upwards Triangle-Headed Arrow With Heavy Shaft	
symbol	🠮	Rightwards Triangle-Headed Arrow With Heavy Shaft	
symbol	🠯	Downwards Triangle-Headed Arrow With Heavy Shaft	
symbol	🠰	Leftwards Triangle-Headed Arrow With Very Heavy Shaft	
symbol	🠱	Upwards Triangle-Headed Arrow With Very Heavy Shaft	
symbol	🠲	Rightwards Triangle-Headed Arrow With Very Heavy Shaft	
symbol	🠳	Downwards Triangle-Headed Arrow With Very Heavy Shaft	
symbol	🠴	Leftwards Finger-Post Arrow	
symbol	🠵	Upwards Finger-Post Arrow	
symbol	🠶	Rightwards Finger-Post Arrow	
symbol	🠷	Downwards Finger-Post Arrow	
symbol	🠸	Leftwards Squared Arrow	
symbol	🠹	Upwards Squared Arrow	
symbol	🠺	Rightwards Squared Arrow	
symbol	🠻	Downwards Squared Arrow	
symbol	🠼	Leftwards Compressed Arrow	
symbol	🠽	Upwards Compressed Arrow	
symbol	🠾	Rightwards Compressed Arrow	
symbol	🠿	Downwards Compressed Arrow	
symbol	🡀	Leftwards Heavy Compressed Arrow	
symbol	🡁	Upwards Heavy Compressed Arrow	
symbol	🡂	Rightwards Heavy Compressed Arrow	
symbol	🡃	Downwards Heavy Compressed Arrow	
symbol	🡄	Leftwards Heavy Arrow	
symbol	🡅	Upwards Heavy Arrow	
symbol	🡆	Rightwards Heavy Arrow	
symbol	🡇	Downwards Heavy Arrow	
symbol	🡐	Leftwards Sans-Serif Arrow	
symbol	🡑	Upwards Sans-Serif Arrow	
symbol	🡒	Rightwards Sans-Serif Arrow	
symbol	🡓	Downwards Sans-Serif Arrow	
symbol	🡔	North West Sans-Serif Arrow	
symbol	🡕	North East Sans-Serif Arrow	
symbol	🡖	South East Sans-Serif Arrow	
symbol	🡗	South West Sans-Serif Arrow	
symbol	🡘	Left Right Sans-Serif Arrow	
symbol	🡙	Up Down Sans-Serif Arrow	
symbol	🡠	Wide-Headed Leftwards Light Barb Arrow	
symbol	🡡	Wide-Headed Upwards Light Barb Arrow	
symbol	🡢	Wide-Headed Rightwards Light Barb Arrow	
symbol	🡣	Wide-Headed Downwards Light Barb Arrow	
symbol	🡤	Wide-Headed North West Light Barb Arrow	
symbol	🡥	Wide-Headed North East Light Barb Arrow	
symbol	🡦	Wide-Headed South East Light Barb Arrow	
symbol	🡧	Wide-Headed South West Light Barb Arrow	
symbol	🡨	Wide-Headed Leftwards Barb Arrow	
symbol	🡩	Wide-Headed Upwards Barb Arrow	
symbol	🡪	Wide-Headed Rightwards Barb Arrow	
symbol	🡫	Wide-Headed Downwards Barb Arrow	
symbol	🡬	Wide-Headed North West Barb Arrow	
symbol	🡭	Wide-Headed North East Barb Arrow	
symbol	🡮	Wide-Headed South East Barb Arrow	
symbol	🡯	Wide-Headed South West Barb Arrow	
symbol	🡰	Wide-Headed Leftwards Medium Barb Arrow	
symbol	🡱	Wide-Headed Upwards Medium Barb Arrow	
symbol	🡲	Wide-Headed Rightwards Medium Barb Arrow	
symbol	🡳	Wide-Headed Downwards Medium Barb Arrow	
symbol	🡴	Wide-Headed North West Medium Barb Arrow	
symbol	🡵	Wide-Headed North East Medium Barb Arrow	
symbol	🡶	Wide-Headed South East Medium Barb Arrow	
symbol	🡷	Wide-Headed South West Medium Barb Arrow	
symbol	🡸	Wide-Headed Leftwards Heavy Barb Arrow	
symbol	🡹	Wide-Headed Upwards Heavy Barb Arrow	
symbol	🡺	Wide-Headed Rightwards Heavy Barb Arrow	
symbol	🡻	Wide-Headed Downwards Heavy Barb Arrow	
symbol	🡼	Wide-Headed North West Heavy Barb Arrow	
symbol	🡽	Wide-Headed North East Heavy Barb Arrow	
symbol	🡾	Wide-Headed South East Heavy Barb Arrow	
symbol	🡿	Wide-Headed South West Heavy Barb Arrow	
symbol	🢀	Wide-Headed Leftwards Very Heavy Barb Arrow	
symbol	🢁	Wide-Headed Upwards Very Heavy Barb Arrow	
symbol	🢂	Wide-Headed Rightwards Very Heavy Barb Arrow	
symbol	🢃	Wide-Headed Downwards Very Heavy Barb Arrow	
symbol	🢄	Wide-Headed North West Very Heavy Barb Arrow	
symbol	🢅	Wide-Headed North East Very Heavy Barb Arrow	
symbol	🢆	Wide-Headed South East Very Heavy Barb Arrow	
symbol	🢇	Wide-Headed South West Very Heavy Barb Arrow	
symbol	🢐	Leftwards Triangle Arrowhead	
symbol	🢑	Upwards Triangle Arrowhead	
symbol	🢒	Rightwards Triangle Arrowhead	
symbol	🢓	Downwards Triangle Arrowhead	
symbol	🢔	Leftwards White Arrow Within Triangle Arrowhead	
symbol	🢕	Upwards White Arrow Within Triangle Arrowhead	
symbol	🢖	Rightwards White Arrow Within Triangle Arrowhead	
symbol	🢗	Downwards White Arrow Within Triangle Arrowhead	
symbol	🢘	Leftwards Arrow With Notched Tail	
symbol	🢙	Upwards Arrow With Notched Tail	
symbol	🢚	Rightwards Arrow With Notched Tail	
symbol	🢛	Downwards Arrow With Notched Tail	
symbol	🢜	Heavy Arrow Shaft Width One	
symbol	🢝	Heavy Arrow Shaft Width Two Thirds	
symbol	🢞	Heavy Arrow Shaft Width One Half	
symbol	🢟	Heavy Arrow Shaft Width One Third	
symbol	🢠	Leftwards Bottom-Shaded White Arrow	
symbol	🢡	Rightwards Bottom Shaded White Arrow	
symbol	🢢	Leftwards Top Shaded White Arrow	
symbol	🢣	Rightwards Top Shaded White Arrow	
symbol	🢤	Leftwards Left-Shaded White Arrow	
symbol	🢥	Rightwards Right-Shaded White Arrow	
symbol	🢦	Leftwards Right-Shaded White Arrow	
symbol	🢧	Rightwards Left-Shaded White Arrow	
symbol	🢨	Leftwards Back-Tilted Shadowed White Arrow	
symbol	🢩	Rightwards Back-Tilted Shadowed White Arrow	
symbol	🢪	Leftwards Front-Tilted Shadowed White Arrow	
symbol	🢫	Rightwards Front-Tilted Shadowed White Arrow	
symbol	🢬	White Arrow Shaft Width One	
symbol	🢭	White Arrow Shaft Width Two Thirds	
symbol	🢰	Arrow Pointing Upwards Then North West	
symbol	🢱	Arrow Pointing Rightwards Then Curving South West	
symbol	🢲	Rightwards Arrow With Lower Hook	
symbol	🢳	Downwards Black Arrow To Bar	
symbol	🢴	Negative Squared Leftwards Arrow	
symbol	🢵	Negative Squared Upwards Arrow	
symbol	🢶	Negative Squared Rightwards Arrow	
symbol	🢷	Negative Squared Downwards Arrow	
symbol	🢸	North West Arrow From Bar	
symbol	🢹	North East Arrow From Bar	
symbol	🢺	South East Arrow From Bar	
symbol	🢻	South West Arrow From Bar	
symbol	🣀	Leftwards Arrow From Downwards Arrow	
symbol	🣁	Rightwards Arrow From Downwards Arrow	
symbol	🣐	Long Rightwards Arrow Over Long Leftwards Arrow	
symbol	🣑	Long Rightwards Harpoon Over Long Leftwards Harpoon	
symbol	🣒	Long Rightwards Harpoon Above Short Leftwards Harpoon	
symbol	🣓	Short Rightwards Harpoon Above Long Leftwards Harpoon	
symbol	🣔	Long Leftwards Harpoon Above Short Rightwards Harpoon	
symbol	🣕	Short Leftwards Harpoon Above Long Rightwards Harpoon	
symbol	🣖	Long Rightwards Arrow Through X	
symbol	🣗	Long Rightwards Arrow With Double Slash	
symbol	🣘	Long Left Right Arrow With Dependent Lobe	
symbol	∀	For All	
symbol	∁	Complement	
symbol	∂	Partial Differential	
symbol	∃	There Exists	
symbol	∄	There Does Not Exist	
symbol	∅	Empty Set	
symbol	∆	Increment	
symbol	∇	Nabla	
symbol	∈	Element Of	
symbol	∉	Not An Element Of	
symbol	∊	Small Element Of	
symbol	∋	Contains As Member	
symbol	∌	Does Not Contain As Member	
symbol	∍	Small Contains As Member	
symbol	∎	End Of Proof	
symbol	∏	N-Ary Product	
symbol	∐	N-Ary Coproduct	
symbol	∑	N-Ary Summation	
symbol	−	Minus Sign	
symbol	∓	Minus-Or-Plus Sign	
symbol	∔	Dot Plus	
symbol	∕	Division Slash	
symbol	∖	Set Minus	
symbol	∗	Asterisk Operator	
symbol	∘	Ring Operator	
symbol	∙	Bullet Operator	
symbol	√	Square Root	
symbol	∛	Cube Root	
symbol	∜	Fourth Root	
symbol	∝	Proportional To	
symbol	∞	Infinity	
symbol	∟	Right Angle	
symbol	∠	Angle	
symbol	∡	Measured Angle	
symbol	∢	Spherical Angle	
symbol	∣	Divides	
symbol	∤	Does Not Divide	
symbol	∥	Parallel To	
symbol	∦	Not Parallel To	
symbol	∧	Logical And	
symbol	∨	Logical Or	
symbol	∩	Intersection	
symbol	∪	Union	
symbol	∫	Integral	
symbol	∬	Double Integral	
symbol	∭	Triple Integral	
symbol	∮	Contour Integral	
symbol	∯	Surface Integral	
symbol	∰	Volume Integral	
symbol	∱	Clockwise Integral	
symbol	∲	Clockwise Contour Integral	
symbol	∳	Anticlockwise Contour Integral	
symbol	∴	Therefore	
symbol	∵	Because	
symbol	∶	Ratio	
symbol	∷	Proportion	
symbol	∸	Dot Minus	
symbol	∹	Excess	
symbol	∺	Geometric Proportion	
symbol	∻	Homothetic	
symbol	∼	Tilde Operator	
symbol	∽	Reversed Tilde	
symbol	∾	Inverted Lazy S	
symbol	∿	Sine Wave	
symbol	≀	Wreath Product	
symbol	≁	Not Tilde	
symbol	≂	Minus Tilde	
symbol	≃	Asymptotically Equal To	
symbol	≄	Not Asymptotically Equal To	
symbol	≅	Approximately Equal To	
symbol	≆	Approximately But Not Actually Equal To	
symbol	≇	Neither Approximately Nor Actually Equal To	
symbol	≈	Almost Equal To	
symbol	≉	Not Almost Equal To	
symbol	≊	Almost Equal Or Equal To	
symbol	≋	Triple Tilde	
symbol	≌	All Equal To	
symbol	≍	Equivalent To	
symbol	≎	Geometrically Equivalent To	
symbol	≏	Difference Between	
symbol	≐	Approaches The Limit	
symbol	≑	Geometrically Equal To	
symbol	≒	Approximately Equal To Or The Image Of	
symbol	≓	Image Of Or Approximately Equal To	
symbol	≔	Colon Equals	
symbol	≕	Equals Colon	
symbol	≖	Ring In Equal To	
symbol	≗	Ring Equal To	
symbol	≘	Corresponds To	
symbol	≙	Estimates	
symbol	≚	Equiangular To	
symbol	≛	Star Equals	
symbol	≜	Delta Equal To	
symbol	≝	Equal To By Definition	
symbol	≞	Measured By	
symbol	≟	Questioned Equal To	
symbol	≠	Not Equal To	
symbol	≡	Identical To	
symbol	≢	Not Identical To	
symbol	≣	Strictly Equivalent To	
symbol	≤	Less-Than Or Equal To	
symbol	≥	Greater-Than Or Equal To	
symbol	≦	Less-Than Over Equal To	
symbol	≧	Greater-Than Over Equal To	
symbol	≨	Less-Than But Not Equal To	
symbol	≩	Greater-Than But Not Equal To	
symbol	≪	Much Less-Than	
symbol	≫	Much Greater-Than	
symbol	≬	Between	
symbol	≭	Not Equivalent To	
symbol	≮	Not Less-Than	
symbol	≯	Not Greater-Than	
symbol	≰	Neither Less-Than Nor Equal To	
symbol	≱	Neither Greater-Than Nor Equal To	
symbol	≲	Less-Than Or Equivalent To	
symbol	≳	Greater-Than Or Equivalent To	
symbol	≴	Neither Less-Than Nor Equivalent To	
symbol	≵	Neither Greater-Than Nor Equivalent To	
symbol	≶	Less-Than Or Greater-Than	
symbol	≷	Greater-Than Or Less-Than	
symbol	≸	Neither Less-Than Nor Greater-Than	
symbol	≹	Neither Greater-Than Nor Less-Than	
symbol	≺	Precedes	
symbol	≻	Succeeds	
symbol	≼	Precedes Or Equal To	
symbol	≽	Succeeds Or Equal To	
symbol	≾	Precedes Or Equivalent To	
symbol	≿	Succeeds Or Equivalent To	
symbol	⊀	Does Not Precede	
symbol	⊁	Does Not Succeed	
symbol	⊂	Subset Of	
symbol	⊃	Superset Of	
symbol	⊄	Not A Subset Of	
symbol	⊅	Not A Superset Of	
symbol	⊆	Subset Of Or Equal To	
symbol	⊇	Superset Of Or Equal To	
symbol	⊈	Neither A Subset Of Nor Equal To	
symbol	⊉	Neither A Superset Of Nor Equal To	
symbol	⊊	Subset Of With Not Equal To	
symbol	⊋	Superset Of With Not Equal To	
symbol	⊌	Multiset	
symbol	⊍	Multiset Multiplication	
symbol	⊎	Multiset Union	
symbol	⊏	Square Image Of	
symbol	⊐	Square Original Of	
symbol	⊑	Square Image Of Or Equal To	
symbol	⊒	Square Original Of Or Equal To	
symbol	⊓	Square Cap	
symbol	⊔	Square Cup	
symbol	⊕	Circled Plus	
symbol	⊖	Circled Minus	
symbol	⊗	Circled Times	
symbol	⊘	Circled Division Slash	
symbol	⊙	Circled Dot Operator	
symbol	⊚	Circled Ring Operator	
symbol	⊛	Circled Asterisk Operator	
symbol	⊜	Circled Equals	
symbol	⊝	Circled Dash	
symbol	⊞	Squared Plus	
symbol	⊟	Squared Minus	
symbol	⊠	Squared Times	
symbol	⊡	Squared Dot Operator	
symbol	⊢	Right Tack	
symbol	⊣	Left Tack	
symbol	⊤	Down Tack	
symbol	⊥	Up Tack	
symbol	⊦	Assertion	
symbol	⊧	Models	
symbol	⊨	True	
symbol	⊩	Forces	
symbol	⊪	Triple Vertical Bar Right Turnstile	
symbol	⊫	Double Vertical Bar Double Right Turnstile	
symbol	⊬	Does Not Prove	
symbol	⊭	Not True	
symbol	⊮	Does Not Force	
symbol	⊯	Negated Double Vertical Bar Double Right Turnstile	
symbol	⊰	Precedes Under Relation	
symbol	⊱	Succeeds Under Relation	
symbol	⊲	Normal Subgroup Of	
symbol	⊳	Contains As Normal Subgroup	
symbol	⊴	Normal Subgroup Of Or Equal To	
symbol	⊵	Contains As Normal Subgroup Or Equal To	
symbol	⊶	Original Of	
symbol	⊷	Image Of	
symbol	⊸	Multimap	
symbol	⊹	Hermitian Conjugate Matrix	
symbol	⊺	Intercalate	
symbol	⊻	Xor	
symbol	⊼	Nand	
symbol	⊽	Nor	
symbol	⊾	Right Angle With Arc	
symbol	⊿	Right Triangle	
symbol	⋀	N-Ary Logical And	
symbol	⋁	N-Ary Logical Or	
symbol	⋂	N-Ary Intersection	
symbol	⋃	N-Ary Union	
symbol	⋄	Diamond Operator	
symbol	⋅	Dot Operator	
symbol	⋆	Star Operator	
symbol	⋇	Division Times	
symbol	⋈	Bowtie	
symbol	⋉	Left Normal Factor Semidirect Product	
symbol	⋊	Right Normal Factor Semidirect Product	
symbol	⋋	Left Semidirect Product	
symbol	⋌	Right Semidirect Product	
symbol	⋍	Reversed Tilde Equals	
symbol	⋎	Curly Logical Or	
symbol	⋏	Curly Logical And	
symbol	⋐	Double Subset	
symbol	⋑	Double Superset	
symbol	⋒	Double Intersection	
symbol	⋓	Double Union	
symbol	⋔	Pitchfork	
symbol	⋕	Equal And Parallel To	
symbol	⋖	Less-Than With Dot	
symbol	⋗	Greater-Than With Dot	
symbol	⋘	Very Much Less-Than	
symbol	⋙	Very Much Greater-Than	
symbol	⋚	Less-Than Equal To Or Greater-Than	
symbol	⋛	Greater-Than Equal To Or Less-Than	
symbol	⋜	Equal To Or Less-Than	
symbol	⋝	Equal To Or Greater-Than	
symbol	⋞	Equal To Or Precedes	
symbol	⋟	Equal To Or Succeeds	
symbol	⋠	Does Not Precede Or Equal	
symbol	⋡	Does Not Succeed Or Equal	
symbol	⋢	Not Square Image Of Or Equal To	
symbol	⋣	Not Square Original Of Or Equal To	
symbol	⋤	Square Image Of Or Not Equal To	
symbol	⋥	Square Original Of Or Not Equal To	
symbol	⋦	Less-Than But Not Equivalent To	
symbol	⋧	Greater-Than But Not Equivalent To	
symbol	⋨	Precedes But Not Equivalent To	
symbol	⋩	Succeeds But Not Equivalent To	
symbol	⋪	Not Normal Subgroup Of	
symbol	⋫	Does Not Contain As Normal Subgroup	
symbol	⋬	Not Normal Subgroup Of Or Equal To	
symbol	⋭	Does Not Contain As Normal Subgroup Or Equal	
symbol	⋮	Vertical Ellipsis	
symbol	⋯	Midline Horizontal Ellipsis	
symbol	⋰	Up Right Diagonal Ellipsis	
symbol	⋱	Down Right Diagonal Ellipsis	
symbol	⋲	Element Of With Long Horizontal Stroke	
symbol	⋳	Element Of With Vertical Bar At End Of Horizontal Stroke	
symbol	⋴	Small Element Of With Vertical Bar At End Of Horizontal Stroke	
symbol	⋵	Element Of With Dot Above	
symbol	⋶	Element Of With Overbar	
symbol	⋷	Small Element Of With Overbar	
symbol	⋸	Element Of With Underbar	
symbol	⋹	Element Of With Two Horizontal Strokes	
symbol	⋺	Contains With Long Horizontal Stroke	
symbol	⋻	Contains With Vertical Bar At End Of Horizontal Stroke	
symbol	⋼	Small Contains With Vertical Bar At End Of Horizontal Stroke	
symbol	⋽	Contains With Overbar	
symbol	⋾	Small Contains With Overbar	
symbol	⋿	Z Notation Bag Membership	
symbol	⨀	N-Ary Circled Dot Operator	
symbol	⨁	N-Ary Circled Plus Operator	
symbol	⨂	N-Ary Circled Times Operator	
symbol	⨃	N-Ary Union Operator With Dot	
symbol	⨄	N-Ary Union Operator With Plus	
symbol	⨅	N-Ary Square Intersection Operator	
symbol	⨆	N-Ary Square Union Operator	
symbol	⨇	Two Logical And Operator	
symbol	⨈	Two Logical Or Operator	
symbol	⨉	N-Ary Times Operator	
symbol	⨊	Modulo Two Sum	
symbol	⨋	Summation With Integral	
symbol	⨌	Quadruple Integral Operator	
symbol	⨍	Finite Part Integral	
symbol	⨎	Integral With Double Stroke	
symbol	⨏	Integral Average With Slash	
symbol	⨐	Circulation Function	
symbol	⨑	Anticlockwise Integration	
symbol	⨒	Line Integration With Rectangular Path Around Pole	
symbol	⨓	Line Integration With Semicircular Path Around Pole	
symbol	⨔	Line Integration Not Including The Pole	
symbol	⨕	Integral Around A Point Operator	
symbol	⨖	Quaternion Integral Operator	
symbol	⨗	Integral With Leftwards Arrow With Hook	
symbol	⨘	Integral With Times Sign	
symbol	⨙	Integral With Intersection	
symbol	⨚	Integral With Union	
symbol	⨛	Integral With Overbar	
symbol	⨜	Integral With Underbar	
symbol	⨝	Join	
symbol	⨞	Large Left Triangle Operator	
symbol	⨟	Z Notation Schema Composition	
symbol	⨠	Z Notation Schema Piping	
symbol	⨡	Z Notation Schema Projection	
symbol	⨢	Plus Sign With Small Circle Above	
symbol	⨣	Plus Sign With Circumflex Accent Above	
symbol	⨤	Plus Sign With Tilde Above	
symbol	⨥	Plus Sign With Dot Below	
symbol	⨦	Plus Sign With Tilde Below	
symbol	⨧	Plus Sign With Subscript Two	
symbol	⨨	Plus Sign With Black Triangle	
symbol	⨩	Minus Sign With Comma Above	
symbol	⨪	Minus Sign With Dot Below	
symbol	⨫	Minus Sign With Falling Dots	
symbol	⨬	Minus Sign With Rising Dots	
symbol	⨭	Plus Sign In Left Half Circle	
symbol	⨮	Plus Sign In Right Half Circle	
symbol	⨯	Vector Or Cross Product	
symbol	⨰	Multiplication Sign With Dot Above	
symbol	⨱	Multiplication Sign With Underbar	
symbol	⨲	Semidirect Product With Bottom Closed	
symbol	⨳	Smash Product	
symbol	⨴	Multiplication Sign In Left Half Circle	
symbol	⨵	Multiplication Sign In Right Half Circle	
symbol	⨶	Circled Multiplication Sign With Circumflex Accent	
symbol	⨷	Multiplication Sign In Double Circle	
symbol	⨸	Circled Division Sign	
symbol	⨹	Plus Sign In Triangle	
symbol	⨺	Minus Sign In Triangle	
symbol	⨻	Multiplication Sign In Triangle	
symbol	⨼	Interior Product	
symbol	⨽	Righthand Interior Product	
symbol	⨾	Z Notation Relational Composition	
symbol	⨿	Amalgamation Or Coproduct	
symbol	⩀	Intersection With Dot	
symbol	⩁	Union With Minus Sign	
symbol	⩂	Union With Overbar	
symbol	⩃	Intersection With Overbar	
symbol	⩄	Intersection With Logical And	
symbol	⩅	Union With Logical Or	
symbol	⩆	Union Above Intersection	
symbol	⩇	Intersection Above Union	
symbol	⩈	Union Above Bar Above Intersection	
symbol	⩉	Intersection Above Bar Above Union	
symbol	⩊	Union Beside And Joined With Union	
symbol	⩋	Intersection Beside And Joined With Intersection	
symbol	⩌	Closed Union With Serifs	
symbol	⩍	Closed Intersection With Serifs	
symbol	⩎	Double Square Intersection	
symbol	⩏	Double Square Union	
symbol	⩐	Closed Union With Serifs And Smash Product	
symbol	⩑	Logical And With Dot Above	
symbol	⩒	Logical Or With Dot Above	
symbol	⩓	Double Logical And	
symbol	⩔	Double Logical Or	
symbol	⩕	Two Intersecting Logical And	
symbol	⩖	Two Intersecting Logical Or	
symbol	⩗	Sloping Large Or	
symbol	⩘	Sloping Large And	
symbol	⩙	Logical Or Overlapping Logical And	
symbol	⩚	Logical And With Middle Stem	
symbol	⩛	Logical Or With Middle Stem	
symbol	⩜	Logical And With Horizontal Dash	
symbol	⩝	Logical Or With Horizontal Dash	
symbol	⩞	Logical And With Double Overbar	
symbol	⩟	Logical And With Underbar	
symbol	⩠	Logical And With Double Underbar	
symbol	⩡	Small Vee With Underbar	
symbol	⩢	Logical Or With Double Overbar	
symbol	⩣	Logical Or With Double Underbar	
symbol	⩤	Z Notation Domain Antirestriction	
symbol	⩥	Z Notation Range Antirestriction	
symbol	⩦	Equals Sign With Dot Below	
symbol	⩧	Identical With Dot Above	
symbol	⩨	Triple Horizontal Bar With Double Vertical Stroke	
symbol	⩩	Triple Horizontal Bar With Triple Vertical Stroke	
symbol	⩪	Tilde Operator With Dot Above	
symbol	⩫	Tilde Operator With Rising Dots	
symbol	⩬	Similar Minus Similar	
symbol	⩭	Congruent With Dot Above	
symbol	⩮	Equals With Asterisk	
symbol	⩯	Almost Equal To With Circumflex Accent	
symbol	⩰	Approximately Equal Or Equal To	
symbol	⩱	Equals Sign Above Plus Sign	
symbol	⩲	Plus Sign Above Equals Sign	
symbol	⩳	Equals Sign Above Tilde Operator	
symbol	⩴	Double Colon Equal	
symbol	⩵	Two Consecutive Equals Signs	
symbol	⩶	Three Consecutive Equals Signs	
symbol	⩷	Equals Sign With Two Dots Above And Two Dots Below	
symbol	⩸	Equivalent With Four Dots Above	
symbol	⩹	Less-Than With Circle Inside	
symbol	⩺	Greater-Than With Circle Inside	
symbol	⩻	Less-Than With Question Mark Above	
symbol	⩼	Greater-Than With Question Mark Above	
symbol	⩽	Less-Than Or Slanted Equal To	
symbol	⩾	Greater-Than Or Slanted Equal To	
symbol	⩿	Less-Than Or Slanted Equal To With Dot Inside	
symbol	⪀	Greater-Than Or Slanted Equal To With Dot Inside	
symbol	⪁	Less-Than Or Slanted Equal To With Dot Above	
symbol	⪂	Greater-Than Or Slanted Equal To With Dot Above	
symbol	⪃	Less-Than Or Slanted Equal To With Dot Above Right	
symbol	⪄	Greater-Than Or Slanted Equal To With Dot Above Left	
symbol	⪅	Less-Than Or Approximate	
symbol	⪆	Greater-Than Or Approximate	
symbol	⪇	Less-Than And Single-Line Not Equal To	
symbol	⪈	Greater-Than And Single-Line Not Equal To	
symbol	⪉	Less-Than And Not Approximate	
symbol	⪊	Greater-Than And Not Approximate	
symbol	⪋	Less-Than Above Double-Line Equal Above Greater-Than	
symbol	⪌	Greater-Than Above Double-Line Equal Above Less-Than	
symbol	⪍	Less-Than Above Similar Or Equal	
symbol	⪎	Greater-Than Above Similar Or Equal	
symbol	⪏	Less-Than Above Similar Above Greater-Than	
symbol	⪐	Greater-Than Above Similar Above Less-Than	
symbol	⪑	Less-Than Above Greater-Than Above Double-Line Equal	
symbol	⪒	Greater-Than Above Less-Than Above Double-Line Equal	
symbol	⪓	Less-Than Above Slanted Equal Above Greater-Than Above Slanted Equal	
symbol	⪔	Greater-Than Above Slanted Equal Above Less-Than Above Slanted Equal	
symbol	⪕	Slanted Equal To Or Less-Than	
symbol	⪖	Slanted Equal To Or Greater-Than	
symbol	⪗	Slanted Equal To Or Less-Than With Dot Inside	
symbol	⪘	Slanted Equal To Or Greater-Than With Dot Inside	
symbol	⪙	Double-Line Equal To Or Less-Than	
symbol	⪚	Double-Line Equal To Or Greater-Than	
symbol	⪛	Double-Line Slanted Equal To Or Less-Than	
symbol	⪜	Double-Line Slanted Equal To Or Greater-Than	
symbol	⪝	Similar Or Less-Than	
symbol	⪞	Similar Or Greater-Than	
symbol	⪟	Similar Above Less-Than Above Equals Sign	
symbol	⪠	Similar Above Greater-Than Above Equals Sign	
symbol	⪡	Double Nested Less-Than	
symbol	⪢	Double Nested Greater-Than	
symbol	⪣	Double Nested Less-Than With Underbar	
symbol	⪤	Greater-Than Overlapping Less-Than	
symbol	⪥	Greater-Than Beside Less-Than	
symbol	⪦	Less-Than Closed By Curve	
symbol	⪧	Greater-Than Closed By Curve	
symbol	⪨	Less-Than Closed By Curve Above Slanted Equal	
symbol	⪩	Greater-Than Closed By Curve Above Slanted Equal	
symbol	⪪	Smaller Than	
symbol	⪫	Larger Than	
symbol	⪬	Smaller Than Or Equal To	
symbol	⪭	Larger Than Or Equal To	
symbol	⪮	Equals Sign With Bumpy Above	
symbol	⪯	Precedes Above Single-Line Equals Sign	
symbol	⪰	Succeeds Above Single-Line Equals Sign	
symbol	⪱	Precedes Above Single-Line Not Equal To	
symbol	⪲	Succeeds Above Single-Line Not Equal To	
symbol	⪳	Precedes Above Equals Sign	
symbol	⪴	Succeeds Above Equals Sign	
symbol	⪵	Precedes Above Not Equal To	
symbol	⪶	Succeeds Above Not Equal To	
symbol	⪷	Precedes Above Almost Equal To	
symbol	⪸	Succeeds Above Almost Equal To	
symbol	⪹	Precedes Above Not Almost Equal To	
symbol	⪺	Succeeds Above Not Almost Equal To	
symbol	⪻	Double Precedes	
symbol	⪼	Double Succeeds	
symbol	⪽	Subset With Dot	
symbol	⪾	Superset With Dot	
symbol	⪿	Subset With Plus Sign Below	
symbol	⫀	Superset With Plus Sign Below	
symbol	⫁	Subset With Multiplication Sign Below	
symbol	⫂	Superset With Multiplication Sign Below	
symbol	⫃	Subset Of Or Equal To With Dot Above	
symbol	⫄	Superset Of Or Equal To With Dot Above	
symbol	⫅	Subset Of Above Equals Sign	
symbol	⫆	Superset Of Above Equals Sign	
symbol	⫇	Subset Of Above Tilde Operator	
symbol	⫈	Superset Of Above Tilde Operator	
symbol	⫉	Subset Of Above Almost Equal To	
symbol	⫊	Superset Of Above Almost Equal To	
symbol	⫋	Subset Of Above Not Equal To	
symbol	⫌	Superset Of Above Not Equal To	
symbol	⫍	Square Left Open Box Operator	
symbol	⫎	Square Right Open Box Operator	
symbol	⫏	Closed Subset	
symbol	⫐	Closed Superset	
symbol	⫑	Closed Subset Or Equal To	
symbol	⫒	Closed Superset Or Equal To	
symbol	⫓	Subset Above Superset	
symbol	⫔	Superset Above Subset	
symbol	⫕	Subset Above Subset	
symbol	⫖	Superset Above Superset	
symbol	⫗	Superset Beside Subset	
symbol	⫘	Superset Beside And Joined By Dash With Subset	
symbol	⫙	Element Of Opening Downwards	
symbol	⫚	Pitchfork With Tee Top	
symbol	⫛	Transversal Intersection	
symbol	⫝̸	Forking	
symbol	⫝	Nonforking	
symbol	⫞	Short Left Tack	
symbol	⫟	Short Down Tack	
symbol	⫠	Short Up Tack	
symbol	⫡	Perpendicular With S	
symbol	⫢	Vertical Bar Triple Right Turnstile	
symbol	⫣	Double Vertical Bar Left Turnstile	
symbol	⫤	Vertical Bar Double Left Turnstile	
symbol	⫥	Double Vertical Bar Double Left Turnstile	
symbol	⫦	Long Dash From Left Member Of Double Vertical	
symbol	⫧	Short Down Tack With Overbar	
symbol	⫨	Short Up Tack With Underbar	
symbol	⫩	Short Up Tack Above Short Down Tack	
symbol	⫪	Double Down Tack	
symbol	⫫	Double Up Tack	
symbol	⫬	Double Stroke Not Sign	
symbol	⫭	Reversed Double Stroke Not Sign	
symbol	⫮	Does Not Divide With Reversed Negation Slash	
symbol	⫯	Vertical Line With Circle Above	
symbol	⫰	Vertical Line With Circle Below	
symbol	⫱	Down Tack With Circle Below	
symbol	⫲	Parallel With Horizontal Stroke	
symbol	⫳	Parallel With Tilde Operator	
symbol	⫴	Triple Vertical Bar Binary Relation	
symbol	⫵	Triple Vertical Bar With Horizontal Stroke	
symbol	⫶	Triple Colon Operator	
symbol	⫷	Triple Nested Less-Than	
symbol	⫸	Triple Nested Greater-Than	
symbol	⫹	Double-Line Slanted Less-Than Or Equal To	
symbol	⫺	Double-Line Slanted Greater-Than Or Equal To	
symbol	⫻	Triple Solidus Binary Relation	
symbol	⫼	Large Triple Vertical Bar Operator	
symbol	⫽	Double Solidus Operator	
symbol	⫾	White Vertical Bar	
symbol	⫿	N-Ary White Vertical Bar	
symbol	℀	Account Of	
symbol	℁	Addressed To The Subject	
symbol	ℂ	Double-Struck Capital C	
symbol	℃	Degree Celsius	
symbol	℄	Centre Line Symbol	
symbol	℅	Care Of	
symbol	℆	Cada Una	
symbol	ℇ	Euler Constant	
symbol	℈	Scruple	
symbol	℉	Degree Fahrenheit	
symbol	ℊ	Script Small G	
symbol	ℋ	Script Capital H	
symbol	ℌ	Black-Letter Capital H	
symbol	ℍ	Double-Struck Capital H	
symbol	ℎ	Planck Constant	
symbol	ℏ	Planck Constant Over Two Pi	
symbol	ℐ	Script Capital I	
symbol	ℑ	Black-Letter Capital I	
symbol	ℒ	Script Capital L	
symbol	ℓ	Script Small L	
symbol	℔	L B Bar Symbol	
symbol	ℕ	Double-Struck Capital N	
symbol	№	Numero Sign	
symbol	℗	Sound Recording Copyright	
symbol	℘	Script Capital P	
symbol	ℙ	Double-Struck Capital P	
symbol	ℚ	Double-Struck Capital Q	
symbol	ℛ	Script Capital R	
symbol	ℜ	Black-Letter Capital R	
symbol	ℝ	Double-Struck Capital R	
symbol	℞	Prescription Take	
symbol	℟	Response	
symbol	℠	Service Mark	
symbol	℡	Telephone Sign	
symbol	™	Trade Mark Sign	
symbol	℣	Versicle	
symbol	ℤ	Double-Struck Capital Z	
symbol	℥	Ounce Sign	
symbol	Ω	Ohm Sign	
symbol	℧	Inverted Ohm Sign	
symbol	ℨ	Black-Letter Capital Z	
symbol	℩	Turned Greek Small Letter Iota	
symbol	K	Kelvin Sign	
symbol	Å	Angstrom Sign	
symbol	ℬ	Script Capital B	
symbol	ℭ	Black-Letter Capital C	
symbol	℮	Estimated Symbol	
symbol	ℯ	Script Small E	
symbol	ℰ	Script Capital E	
symbol	ℱ	Script Capital F	
symbol	Ⅎ	Turned Capital F	
symbol	ℳ	Script Capital M	
symbol	ℴ	Script Small O	
symbol	ℵ	Alef Symbol	
symbol	ℶ	Bet Symbol	
symbol	ℷ	Gimel Symbol	
symbol	ℸ	Dalet Symbol	
symbol	ℹ	Information Source	
symbol	℺	Rotated Capital Q	
symbol	℻	Facsimile Sign	
symbol	ℼ	Double-Struck Small Pi	
symbol	ℽ	Double-Struck Small Gamma	
symbol	ℾ	Double-Struck Capital Gamma	
symbol	ℿ	Double-Struck Capital Pi	
symbol	⅀	Double-Struck N-Ary Summation	
symbol	⅁	Turned Sans-Serif Capital G	
symbol	⅂	Turned Sans-Serif Capital L	
symbol	⅃	Reversed Sans-Serif Capital L	
symbol	⅄	Turned Sans-Serif Capital Y	
symbol	ⅅ	Double-Struck Italic Capital D	
symbol	ⅆ	Double-Struck Italic Small D	
symbol	ⅇ	Double-Struck Italic Small E	
symbol	ⅈ	Double-Struck Italic Small I	
symbol	ⅉ	Double-Struck Italic Small J	
symbol	⅊	Property Line	
symbol	⅋	Turned Ampersand	
symbol	⅌	Per Sign	
symbol	⅍	Aktieselskab	
symbol	ⅎ	Turned Small F	
symbol	⅏	Symbol For Samaritan Source	
symbol	⅐	Vulgar Fraction One Seventh	
symbol	⅑	Vulgar Fraction One Ninth	
symbol	⅒	Vulgar Fraction One Tenth	
symbol	⅓	Vulgar Fraction One Third	
symbol	⅔	Vulgar Fraction Two Thirds	
symbol	⅕	Vulgar Fraction One Fifth	
symbol	⅖	Vulgar Fraction Two Fifths	
symbol	⅗	Vulgar Fraction Three Fifths	
symbol	⅘	Vulgar Fraction Four Fifths	
symbol	⅙	Vulgar Fraction One Sixth	
symbol	⅚	Vulgar Fraction Five Sixths	
symbol	⅛	Vulgar Fraction One Eighth	
symbol	⅜	Vulgar Fraction Three Eighths	
symbol	⅝	Vulgar Fraction Five Eighths	
symbol	⅞	Vulgar Fraction Seven Eighths	
symbol	⅟	Fraction Numerator One	
symbol	Ⅰ	Roman Numeral One	
symbol	Ⅱ	Roman Numeral Two	
symbol	Ⅲ	Roman Numeral Three	
symbol	Ⅳ	Roman Numeral Four	
symbol	Ⅴ	Roman Numeral Five	
symbol	Ⅵ	Roman Numeral Six	
symbol	Ⅶ	Roman Numeral Seven	
symbol	Ⅷ	Roman Numeral Eight	
symbol	Ⅸ	Roman Numeral Nine	
symbol	Ⅹ	Roman Numeral Ten	
symbol	Ⅺ	Roman Numeral Eleven	
symbol	Ⅻ	Roman Numeral Twelve	
symbol	Ⅼ	Roman Numeral Fifty	
symbol	Ⅽ	Roman Numeral One Hundred	
symbol	Ⅾ	Roman Numeral Five Hundred	
symbol	Ⅿ	Roman Numeral One Thousand	
symbol	ⅰ	Small Roman Numeral One	
symbol	ⅱ	Small Roman Numeral Two	
symbol	ⅲ	Small Roman Numeral Three	
symbol	ⅳ	Small Roman Numeral Four	
symbol	ⅴ	Small Roman Numeral Five	
symbol	ⅵ	Small Roman Numeral Six	
symbol	ⅶ	Small Roman Numeral Seven	
symbol	ⅷ	Small Roman Numeral Eight	
symbol	ⅸ	Small Roman Numeral Nine	
symbol	ⅹ	Small Roman Numeral Ten	
symbol	ⅺ	Small Roman Numeral Eleven	
symbol	ⅻ	Small Roman Numeral Twelve	
symbol	ⅼ	Small Roman Numeral Fifty	
symbol	ⅽ	Small Roman Numeral One Hundred	
symbol	ⅾ	Small Roman Numeral Five Hundred	
symbol	ⅿ	Small Roman Numeral One Thousand	
symbol	ↀ	Roman Numeral One Thousand C D	
symbol	ↁ	Roman Numeral Five Thousand	
symbol	ↂ	Roman Numeral Ten Thousand	
symbol	Ↄ	Roman Numeral Reversed One Hundred	
symbol	ↄ	Latin Small Letter Reversed C	
symbol	ↅ	Roman Numeral Six Late Form	
symbol	ↆ	Roman Numeral Fifty Early Form	
symbol	ↇ	Roman Numeral Fifty Thousand	
symbol	ↈ	Roman Numeral One Hundred Thousand	
symbol	↉	Vulgar Fraction Zero Thirds	
symbol	↊	Turned Digit Two	
symbol	↋	Turned Digit Three	
symbol	⁰	Superscript Zero	
symbol	ⁱ	Superscript Latin Small Letter I	
symbol	⁴	Superscript Four	
symbol	⁵	Superscript Five	
symbol	⁶	Superscript Six	
symbol	⁷	Superscript Seven	
symbol	⁸	Superscript Eight	
symbol	⁹	Superscript Nine	
symbol	⁺	Superscript Plus Sign	
symbol	⁻	Superscript Minus	
symbol	⁼	Superscript Equals Sign	
symbol	⁽	Superscript Left Parenthesis	
symbol	⁾	Superscript Right Parenthesis	
symbol	ⁿ	Superscript Latin Small Letter N	
symbol	₀	Subscript Zero	
symbol	₁	Subscript One	
symbol	₂	Subscript Two	
symbol	₃	Subscript Three	
symbol	₄	Subscript Four	
symbol	₅	Subscript Five	
symbol	₆	Subscript Six	
symbol	₇	Subscript Seven	
symbol	₈	Subscript Eight	
symbol	₉	Subscript Nine	
symbol	₊	Subscript Plus Sign	
symbol	₋	Subscript Minus	
symbol	₌	Subscript Equals Sign	
symbol	₍	Subscript Left Parenthesis	
symbol	₎	Subscript Right Parenthesis	
symbol	₏	Modifier Letter High And Low Vertical Line	
symbol	ₐ	Latin Subscript Small Letter A	
symbol	ₑ	Latin Subscript Small Letter E	
symbol	ₒ	Latin Subscript Small Letter O	
symbol	ₓ	Latin Subscript Small Letter X	
symbol	ₔ	Latin Subscript Small Letter Schwa	
symbol	ₕ	Latin Subscript Small Letter H	
symbol	ₖ	Latin Subscript Small Letter K	
symbol	ₗ	Latin Subscript Small Letter L	
symbol	ₘ	Latin Subscript Small Letter M	
symbol	ₙ	Latin Subscript Small Letter N	
symbol	ₚ	Latin Subscript Small Letter P	
symbol	ₛ	Latin Subscript Small Letter S	
symbol	ₜ	Latin Subscript Small Letter T	
symbol	₝	Latin Subscript Small Letter W	
symbol	₞	Latin Subscript Small Letter Y	
symbol	₟	Latin Subscript Small Letter Z	
symbol	₠	Euro-Currency Sign	
symbol	₡	Colon Sign	
symbol	₢	Cruzeiro Sign	
symbol	₣	French Franc Sign	
symbol	₤	Lira Sign	
symbol	₥	Mill Sign	
symbol	₦	Naira Sign	
symbol	₧	Peseta Sign	
symbol	₨	Rupee Sign	
symbol	₩	Won Sign	
symbol	₪	New Sheqel Sign	
symbol	₫	Dong Sign	
symbol	€	Euro Sign	
symbol	₭	Kip Sign	
symbol	₮	Tugrik Sign	
symbol	₯	Drachma Sign	
symbol	₰	German Penny Sign	
symbol	₱	Peso Sign	
symbol	₲	Guarani Sign	
symbol	₳	Austral Sign	
symbol	₴	Hryvnia Sign	
symbol	₵	Cedi Sign	
symbol	₶	Livre Tournois Sign	
symbol	₷	Spesmilo Sign	
symbol	₸	Tenge Sign	
symbol	₹	Indian Rupee Sign	
symbol	₺	Turkish Lira Sign	
symbol	₻	Nordic Mark Sign	
symbol	₼	Manat Sign	
symbol	₽	Ruble Sign	
symbol	₾	Lari Sign	
symbol	₿	Bitcoin Sign	
symbol	⃀	Som Sign	
symbol	⃁	Saudi Riyal Sign	
symbol	⃂	Rufiyaa Sign	
symbol	⃃	Uae Dirham Sign	
symbol	⃄	Omani Rial Sign	
symbol	 	En Quad	
symbol	 	Em Quad	
symbol	 	En Space	
symbol	 	Em Space	
symbol	 	Three-Per-Em Space	
symbol	 	Four-Per-Em Space	
symbol	 	Six-Per-Em Space	
symbol	 	Figure Space	
symbol	 	Punctuation Space	
symbol	 	Thin Space	
symbol	 	Hair Space	
symbol	​	Zero Width Space	
symbol	‌	Zero Width Non-Joiner	
symbol	‍	Zero Width Joiner	
symbol	‎	Left-To-Right Mark	
symbol	‏	Right-To-Left Mark	
symbol	‐	Hyphen	
symbol	‑	Non-Breaking Hyphen	
symbol	‒	Figure Dash	
symbol	–	En Dash	
symbol	—	Em Dash	
symbol	―	Horizontal Bar	
symbol	‖	Double Vertical Line	
symbol	‗	Double Low Line	
symbol	‘	Left Single Quotation Mark	
symbol	’	Right Single Quotation Mark	
symbol	‚	Single Low-9 Quotation Mark	
symbol	‛	Single High-Reversed-9 Quotation Mark	
symbol	“	Left Double Quotation Mark	
symbol	”	Right Double Quotation Mark	
symbol	„	Double Low-9 Quotation Mark	
symbol	‟	Double High-Reversed-9 Quotation Mark	
symbol	†	Dagger	
symbol	‡	Double Dagger	
symbol	•	Bullet	
symbol	‣	Triangular Bullet	
symbol	․	One Dot Leader	
symbol	‥	Two Dot Leader	
symbol	…	Horizontal Ellipsis	
symbol	‧	Hyphenation Point	
symbol	 	Line Separator	
symbol	 	Paragraph Separator	
symbol	‪	Left-To-Right Embedding	
symbol	‫	Right-To-Left Embedding	
symbol	‬	Pop Directional Formatting	
symbol	‭	Left-To-Right Override	
symbol	‮	Right-To-Left Override	
symbol	 	Narrow No-Break Space	
symbol	‰	Per Mille Sign	
symbol	‱	Per Ten Thousand Sign	
symbol	′	Prime	
symbol	″	Double Prime	
symbol	‴	Triple Prime	
symbol	‵	Reversed Prime	
symbol	‶	Reversed Double Prime	
symbol	‷	Reversed Triple Prime	
symbol	‸	Caret	
symbol	‹	Single Left-Pointing Angle Quotation Mark	
symbol	›	Single Right-Pointing Angle Quotation Mark	
symbol	※	Reference Mark	
symbol	‼	Double Exclamation Mark	
symbol	‽	Interrobang	
symbol	‾	Overline	
symbol	‿	Undertie	
symbol	⁀	Character Tie	
symbol	⁁	Caret Insertion Point	
symbol	⁂	Asterism	
symbol	⁃	Hyphen Bullet	
symbol	⁄	Fraction Slash	
symbol	⁅	Left Square Bracket With Quill	
symbol	⁆	Right Square Bracket With Quill	
symbol	⁇	Double Question Mark	
symbol	⁈	Question Exclamation Mark	
symbol	⁉	Exclamation Question Mark	
symbol	⁊	Tironian Sign Et	
symbol	⁋	Reversed Pilcrow Sign	
symbol	⁌	Black Leftwards Bullet	
symbol	⁍	Black Rightwards Bullet	
symbol	⁎	Low Asterisk	
symbol	⁏	Reversed Semicolon	
symbol	⁐	Close Up	
symbol	⁑	Two Asterisks Aligned Vertically	
symbol	⁒	Commercial Minus Sign	
symbol	⁓	Swung Dash	
symbol	⁔	Inverted Undertie	
symbol	⁕	Flower Punctuation Mark	
symbol	⁖	Three Dot Punctuation	
symbol	⁗	Quadruple Prime	
symbol	⁘	Four Dot Punctuation	
symbol	⁙	Five Dot Punctuation	
symbol	⁚	Two Dot Punctuation	
symbol	⁛	Four Dot Mark	
symbol	⁜	Dotted Cross	
symbol	⁝	Tricolon	
symbol	⁞	Vertical Four Dots	
symbol	 	Medium Mathematical Space	
symbol	⁠	Word Joiner	
symbol	⁡	Function Application	
symbol	⁢	Invisible Times	
symbol	⁣	Invisible Separator	
symbol	⁤	Invisible Plus	
symbol	⁦	Left-To-Right Isolate	
symbol	⁧	Right-To-Left Isolate	
symbol	⁨	First Strong Isolate	
symbol	⁩	Pop Directional Isolate	
symbol	⁪	Inhibit Symmetric Swapping	
symbol	⁫	Activate Symmetric Swapping	
symbol	⁬	Inhibit Arabic Form Shaping	
symbol	⁭	Activate Arabic Form Shaping	
symbol	⁮	National Digit Shapes	
symbol	⁯	Nominal Digit Shapes	
symbol	 	No-Break Space	
symbol	¡	Inverted Exclamation Mark	
symbol	¢	Cent Sign	
symbol	£	Pound Sign	
symbol	¤	Currency Sign	
symbol	¥	Yen Sign	
symbol	¦	Broken Bar	
symbol	§	Section Sign	
symbol	¨	Diaeresis	
symbol	©	Copyright Sign	
symbol	ª	Feminine Ordinal Indicator	
symbol	«	Left-Pointing Double Angle Quotation Mark	
symbol	¬	Not Sign	
symbol	­	Soft Hyphen	
symbol	®	Registered Sign	
symbol	¯	Macron	
symbol	°	Degree Sign	
symbol	±	Plus-Minus Sign	
symbol	²	Superscript Two	
symbol	³	Superscript Three	
symbol	´	Acute Accent	
symbol	µ	Micro Sign	
symbol	¶	Pilcrow Sign	
symbol	·	Middle Dot	
symbol	¸	Cedilla	
symbol	¹	Superscript One	
symbol	º	Masculine Ordinal Indicator	
symbol	»	Right-Pointing Double Angle Quotation Mark	
symbol	¼	Vulgar Fraction One Quarter	
symbol	½	Vulgar Fraction One Half	
symbol	¾	Vulgar Fraction Three Quarters	
symbol	¿	Inverted Question Mark	
symbol	À	Latin Capital Letter A With Grave	
symbol	Á	Latin Capital Letter A With Acute	
symbol	Â	Latin Capital Letter A With Circumflex	
symbol	Ã	Latin Capital Letter A With Tilde	
symbol	Ä	Latin Capital Letter A With Diaeresis	
symbol	Å	Latin Capital Letter A With Ring Above	
symbol	Æ	Latin Capital Letter Ae	
symbol	Ç	Latin Capital Letter C With Cedilla	
symbol	È	Latin Capital Letter E With Grave	
symbol	É	Latin Capital Letter E With Acute	
symbol	Ê	Latin Capital Letter E With Circumflex	
symbol	Ë	Latin Capital Letter E With Diaeresis	
symbol	Ì	Latin Capital Letter I With Grave	
symbol	Í	Latin Capital Letter I With Acute	
symbol	Î	Latin Capital Letter I With Circumflex	
symbol	Ï	Latin Capital Letter I With Diaeresis	
symbol	Ð	Latin Capital Letter Eth	
symbol	Ñ	Latin Capital Letter N With Tilde	
symbol	Ò	Latin Capital Letter O With Grave	
symbol	Ó	Latin Capital Letter O With Acute	
symbol	Ô	Latin Capital Letter O With Circumflex	
symbol	Õ	Latin Capital Letter O With Tilde	
symbol	Ö	Latin Capital Letter O With Diaeresis	
symbol	×	Multiplication Sign	
symbol	Ø	Latin Capital Letter O With Stroke	
symbol	Ù	Latin Capital Letter U With Grave	
symbol	Ú	Latin Capital Letter U With Acute	
symbol	Û	Latin Capital Letter U With Circumflex	
symbol	Ü	Latin Capital Letter U With Diaeresis	
symbol	Ý	Latin Capital Letter Y With Acute	
symbol	Þ	Latin Capital Letter Thorn	
symbol	ß	Latin Small Letter Sharp S	
symbol	à	Latin Small Letter A With Grave	
symbol	á	Latin Small Letter A With Acute	
symbol	â	Latin Small Letter A With Circumflex	
symbol	ã	Latin Small Letter A With Tilde	
symbol	ä	Latin Small Letter A With Diaeresis	
symbol	å	Latin Small Letter A With Ring Above	
symbol	æ	Latin Small Letter Ae	
symbol	ç	Latin Small Letter C With Cedilla	
symbol	è	Latin Small Letter E With Grave	
symbol	é	Latin Small Letter E With Acute	
symbol	ê	Latin Small Letter E With Circumflex	
symbol	ë	Latin Small Letter E With Diaeresis	
symbol	ì	Latin Small Letter I With Grave	
symbol	í	Latin Small Letter I With Acute	
symbol	î	Latin Small Letter I With Circumflex	
symbol	ï	Latin Small Letter I With Diaeresis	
symbol	ð	Latin Small Letter Eth	
symbol	ñ	Latin Small Letter N With Tilde	
symbol	ò	Latin Small Letter O With Grave	
symbol	ó	Latin Small Letter O With Acute	
symbol	ô	Latin Small Letter O With Circumflex	
symbol	õ	Latin Small Letter O With Tilde	
symbol	ö	Latin Small Letter O With Diaeresis	
symbol	÷	Division Sign	
symbol	ø	Latin Small Letter O With Stroke	
symbol	ù	Latin Small Letter U With Grave	
symbol	ú	Latin Small Letter U With Acute	
symbol	û	Latin Small Letter U With Circumflex	
symbol	ü	Latin Small Letter U With Diaeresis	
symbol	ý	Latin Small Letter Y With Acute	
symbol	þ	Latin Small Letter Thorn	
symbol	ÿ	Latin Small Letter Y With Diaeresis	
symbol	Ͱ	Greek Capital Letter Heta	
symbol	ͱ	Greek Small Letter Heta	
symbol	Ͳ	Greek Capital Letter Archaic Sampi	
symbol	ͳ	Greek Small Letter Archaic Sampi	
symbol	ʹ	Greek Numeral Sign	
symbol	͵	Greek Lower Numeral Sign	
symbol	Ͷ	Greek Capital Letter Pamphylian Digamma	
symbol	ͷ	Greek Small Letter Pamphylian Digamma	
symbol	ͺ	Greek Ypogegrammeni	
symbol	ͻ	Greek Small Reversed Lunate Sigma Symbol	
symbol	ͼ	Greek Small Dotted Lunate Sigma Symbol	
symbol	ͽ	Greek Small Reversed Dotted Lunate Sigma Symbol	
symbol	;	Greek Question Mark	
symbol	Ϳ	Greek Capital Letter Yot	
symbol	΄	Greek Tonos	
symbol	΅	Greek Dialytika Tonos	
symbol	Ά	Greek Capital Letter Alpha With Tonos	
symbol	·	Greek Ano Teleia	
symbol	Έ	Greek Capital Letter Epsilon With Tonos	
symbol	Ή	Greek Capital Letter Eta With Tonos	
symbol	Ί	Greek Capital Letter Iota With Tonos	
symbol	Ό	Greek Capital Letter Omicron With Tonos	
symbol	Ύ	Greek Capital Letter Upsilon With Tonos	
symbol	Ώ	Greek Capital Letter Omega With Tonos	
symbol	ΐ	Greek Small Letter Iota With Dialytika And Tonos	
symbol	Α	Greek Capital Letter Alpha	
symbol	Β	Greek Capital Letter Beta	
symbol	Γ	Greek Capital Letter Gamma	
symbol	Δ	Greek Capital Letter Delta	
symbol	Ε	Greek Capital Letter Epsilon	
symbol	Ζ	Greek Capital Letter Zeta	
symbol	Η	Greek Capital Letter Eta	
symbol	Θ	Greek Capital Letter Theta	
symbol	Ι	Greek Capital Letter Iota	
symbol	Κ	Greek Capital Letter Kappa	
symbol	Λ	Greek Capital Letter Lamda	
symbol	Μ	Greek Capital Letter Mu	
symbol	Ν	Greek Capital Letter Nu	
symbol	Ξ	Greek Capital Letter Xi	
symbol	Ο	Greek Capital Letter Omicron	
symbol	Π	Greek Capital Letter Pi	
symbol	Ρ	Greek Capital Letter Rho	
symbol	Σ	Greek Capital Letter Sigma	
symbol	Τ	Greek Capital Letter Tau	
symbol	Υ	Greek Capital Letter Upsilon	
symbol	Φ	Greek Capital Letter Phi	
symbol	Χ	Greek Capital Letter Chi	
symbol	Ψ	Greek Capital Letter Psi	
symbol	Ω	Greek Capital Letter Omega	
symbol	Ϊ	Greek Capital Letter Iota With Dialytika	
symbol	Ϋ	Greek Capital Letter Upsilon With Dialytika	
symbol	ά	Greek Small Letter Alpha With Tonos	
symbol	έ	Greek Small Letter Epsilon With Tonos	
symbol	ή	Greek Small Letter Eta With Tonos	
symbol	ί	Greek Small Letter Iota With Tonos	
symbol	ΰ	Greek Small Letter Upsilon With Dialytika And Tonos	
symbol	α	Greek Small Letter Alpha	
symbol	β	Greek Small Letter Beta	
symbol	γ	Greek Small Letter Gamma	
symbol	δ	Greek Small Letter Delta	
symbol	ε	Greek Small Letter Epsilon	
symbol	ζ	Greek Small Letter Zeta	
symbol	η	Greek Small Letter Eta	
symbol	θ	Greek Small Letter Theta	
symbol	ι	Greek Small Letter Iota	
symbol	κ	Greek Small Letter Kappa	
symbol	λ	Greek Small Letter Lamda	
symbol	μ	Greek Small Letter Mu	
symbol	ν	Greek Small Letter Nu	
symbol	ξ	Greek Small Letter Xi	
symbol	ο	Greek Small Letter Omicron	
symbol	π	Greek Small Letter Pi	
symbol	ρ	Greek Small Letter Rho	
symbol	ς	Greek Small Letter Final Sigma	
symbol	σ	Greek Small Letter Sigma	
symbol	τ	Greek Small Letter Tau	
symbol	υ	Greek Small Letter Upsilon	
symbol	φ	Greek Small Letter Phi	
symbol	χ	Greek Small Letter Chi	
symbol	ψ	Greek Small Letter Psi	
symbol	ω	Greek Small Letter Omega	
symbol	ϊ	Greek Small Letter Iota With Dialytika	
symbol	ϋ	Greek Small Letter Upsilon With Dialytika	
symbol	ό	Greek Small Letter Omicron With Tonos	
symbol	ύ	Greek Small Letter Upsilon With Tonos	
symbol	ώ	Greek Small Letter Omega With Tonos	
symbol	Ϗ	Greek Capital Kai Symbol	
symbol	ϐ	Greek Beta Symbol	
symbol	ϑ	Greek Theta Symbol	
symbol	ϒ	Greek Upsilon With Hook Symbol	
symbol	ϓ	Greek Upsilon With Acute And Hook Symbol	
symbol	ϔ	Greek Upsilon With Diaeresis And Hook Symbol	
symbol	ϕ	Greek Phi Symbol	
symbol	ϖ	Greek Pi Symbol	
symbol	ϗ	Greek Kai Symbol	
symbol	Ϙ	Greek Letter Archaic Koppa	
symbol	ϙ	Greek Small Letter Archaic Koppa	
symbol	Ϛ	Greek Letter Stigma	
symbol	ϛ	Greek Small Letter Stigma	
symbol	Ϝ	Greek Letter Digamma	
symbol	ϝ	Greek Small Letter Digamma	
symbol	Ϟ	Greek Letter Koppa	
symbol	ϟ	Greek Small Letter Koppa	
symbol	Ϡ	Greek Letter Sampi	
symbol	ϡ	Greek Small Letter Sampi	
symbol	Ϣ	Coptic Capital Letter Shei	
symbol	ϣ	Coptic Small Letter Shei	
symbol	Ϥ	Coptic Capital Letter Fei	
symbol	ϥ	Coptic Small Letter Fei	
symbol	Ϧ	Coptic Capital Letter Khei	
symbol	ϧ	Coptic Small Letter Khei	
symbol	Ϩ	Coptic Capital Letter Hori	
symbol	ϩ	Coptic Small Letter Hori	
symbol	Ϫ	Coptic Capital Letter Gangia	
symbol	ϫ	Coptic Small Letter Gangia	
symbol	Ϭ	Coptic Capital Letter Shima	
symbol	ϭ	Coptic Small Letter Shima	
symbol	Ϯ	Coptic Capital Letter Dei	
symbol	ϯ	Coptic Small Letter Dei	
symbol	ϰ	Greek Kappa Symbol	
symbol	ϱ	Greek Rho Symbol	
symbol	ϲ	Greek Lunate Sigma Symbol	
symbol	ϳ	Greek Letter Yot	
symbol	ϴ	Greek Capital Theta Symbol	
symbol	ϵ	Greek Lunate Epsilon Symbol	
symbol	϶	Greek Reversed Lunate Epsilon Symbol	
symbol	Ϸ	Greek Capital Letter Sho	
symbol	ϸ	Greek Small Letter Sho	
symbol	Ϲ	Greek Capital Lunate Sigma Symbol	
symbol	Ϻ	Greek Capital Letter San	
symbol	ϻ	Greek Small Letter San	
symbol	ϼ	Greek Rho With Stroke Symbol	
symbol	Ͻ	Greek Capital Reversed Lunate Sigma Symbol	
symbol	Ͼ	Greek Capital Dotted Lunate Sigma Symbol	
symbol	Ͽ	Greek Capital Reversed Dotted Lunate Sigma Symbol	
symbol	─	Box Drawings Light Horizontal	
symbol	━	Box Drawings Heavy Horizontal	
symbol	│	Box Drawings Light Vertical	
symbol	┃	Box Drawings Heavy Vertical	
symbol	┄	Box Drawings Light Triple Dash Horizontal	
symbol	┅	Box Drawings Heavy Triple Dash Horizontal	
symbol	┆	Box Drawings Light Triple Dash Vertical	
symbol	┇	Box Drawings Heavy Triple Dash Vertical	
symbol	┈	Box Drawings Light Quadruple Dash Horizontal	
symbol	┉	Box Drawings Heavy Quadruple Dash Horizontal	
symbol	┊	Box Drawings Light Quadruple Dash Vertical	
symbol	┋	Box Drawings Heavy Quadruple Dash Vertical	
symbol	┌	Box Drawings Light Down And Right	
symbol	┍	Box Drawings Down Light And Right Heavy	
symbol	┎	Box Drawings Down Heavy And Right Light	
symbol	┏	Box Drawings Heavy Down And Right	
symbol	┐	Box Drawings Light Down And Left	
symbol	┑	Box Drawings Down Light And Left Heavy	
symbol	┒	Box Drawings Down Heavy And Left Light	
symbol	┓	Box Drawings Heavy Down And Left	
symbol	└	Box Drawings Light Up And Right	
symbol	┕	Box Drawings Up Light And Right Heavy	
symbol	┖	Box Drawings Up Heavy And Right Light	
symbol	┗	Box Drawings Heavy Up And Right	
symbol	┘	Box Drawings Light Up And Left	
symbol	┙	Box Drawings Up Light And Left Heavy	
symbol	┚	Box Drawings Up Heavy And Left Light	
symbol	┛	Box Drawings Heavy Up And Left	
symbol	├	Box Drawings Light Vertical And Right	
symbol	┝	Box Drawings Vertical Light And Right Heavy	
symbol	┞	Box Drawings Up Heavy And Right Down Light	
symbol	┟	Box Drawings Down Heavy And Right Up Light	
symbol	┠	Box Drawings Vertical Heavy And Right Light	
symbol	┡	Box Drawings Down Light And Right Up Heavy	
symbol	┢	Box Drawings Up Light And Right Down Heavy	
symbol	┣	Box Drawings Heavy Vertical And Right	
symbol	┤	Box Drawings Light Vertical And Left	
symbol	┥	Box Drawings Vertical Light And Left Heavy	
symbol	┦	Box Drawings Up Heavy And Left Down Light	
symbol	┧	Box Drawings Down Heavy And Left Up Light	
symbol	┨	Box Drawings Vertical Heavy And Left Light	
symbol	┩	Box Drawings Down Light And Left Up Heavy	
symbol	┪	Box Drawings Up Light And Left Down Heavy	
symbol	┫	Box Drawings Heavy Vertical And Left	
symbol	┬	Box Drawings Light Down And Horizontal	
symbol	┭	Box Drawings Left Heavy And Right Down Light	
symbol	┮	Box Drawings Right Heavy And Left Down Light	
symbol	┯	Box Drawings Down Light And Horizontal Heavy	
symbol	┰	Box Drawings Down Heavy And Horizontal Light	
symbol	┱	Box Drawings Right Light And Left Down Heavy	
symbol	┲	Box Drawings Left Light And Right Down Heavy	
symbol	┳	Box Drawings Heavy Down And Horizontal	
symbol	┴	Box Drawings Light Up And Horizontal	
symbol	┵	Box Drawings Left Heavy And Right Up Light	
symbol	┶	Box Drawings Right Heavy And Left Up Light	
symbol	┷	Box Drawings Up Light And Horizontal Heavy	
symbol	┸	Box Drawings Up Heavy And Horizontal Light	
symbol	┹	Box Drawings Right Light And Left Up Heavy	
symbol	┺	Box Drawings Left Light And Right Up Heavy	
symbol	┻	Box Drawings Heavy Up And Horizontal	
symbol	┼	Box Drawings Light Vertical And Horizontal	
symbol	┽	Box Drawings Left Heavy And Right Vertical Light	
symbol	┾	Box Drawings Right Heavy And Left Vertical Light	
symbol	┿	Box Drawings Vertical Light And Horizontal Heavy	
symbol	╀	Box Drawings Up Heavy And Down Horizontal Light	
symbol	╁	Box Drawings Down Heavy And Up Horizontal Light	
symbol	╂	Box Drawings Vertical Heavy And Horizontal Light	
symbol	╃	Box Drawings Left Up Heavy And Right Down Light	
symbol	╄	Box Drawings Right Up Heavy And Left Down Light	
symbol	╅	Box Drawings Left Down Heavy And Right Up Light	
symbol	╆	Box Drawings Right Down Heavy And Left Up Light	
symbol	╇	Box Drawings Down Light And Up Horizontal Heavy	
symbol	╈	Box Drawings Up Light And Down Horizontal Heavy	
symbol	╉	Box Drawings Right Light And Left Vertical Heavy	
symbol	╊	Box Drawings Left Light And Right Vertical Heavy	
symbol	╋	Box Drawings Heavy Vertical And Horizontal	
symbol	╌	Box Drawings Light Double Dash Horizontal	
symbol	╍	Box Drawings Heavy Double Dash Horizontal	
symbol	╎	Box Drawings Light Double Dash Vertical	
symbol	╏	Box Drawings Heavy Double Dash Vertical	
symbol	═	Box Drawings Double Horizontal	
symbol	║	Box Drawings Double Vertical	
symbol	╒	Box Drawings Down Single And Right Double	
symbol	╓	Box Drawings Down Double And Right Single	
symbol	╔	Box Drawings Double Down And Right	
symbol	╕	Box Drawings Down Single And Left Double	
symbol	╖	Box Drawings Down Double And Left Single	
symbol	╗	Box Drawings Double Down And Left	
symbol	╘	Box Drawings Up Single And Right Double	
symbol	╙	Box Drawings Up Double And Right Single	
symbol	╚	Box Drawings Double Up And Right	
symbol	╛	Box Drawings Up Single And Left Double	
symbol	╜	Box Drawings Up Double And Left Single	
symbol	╝	Box Drawings Double Up And Left	
symbol	╞	Box Drawings Vertical Single And Right Double	
symbol	╟	Box Drawings Vertical Double And Right Single	
symbol	╠	Box Drawings Double Vertical And Right	
symbol	╡	Box Drawings Vertical Single And Left Double	
symbol	╢	Box Drawings Vertical Double And Left Single	
symbol	╣	Box Drawings Double Vertical And Left	
symbol	╤	Box Drawings Down Single And Horizontal Double	
symbol	╥	Box Drawings Down Double And Horizontal Single	
symbol	╦	Box Drawings Double Down And Horizontal	
symbol	╧	Box Drawings Up Single And Horizontal Double	
symbol	╨	Box Drawings Up Double And Horizontal Single	
symbol	╩	Box Drawings Double Up And Horizontal	
symbol	╪	Box Drawings Vertical Single And Horizontal Double	
symbol	╫	Box Drawings Vertical Double And Horizontal Single	
symbol	╬	Box Drawings Double Vertical And Horizontal	
symbol	╭	Box Drawings Light Arc Down And Right	
symbol	╮	Box Drawings Light Arc Down And Left	
symbol	╯	Box Drawings Light Arc Up And Left	
symbol	╰	Box Drawings Light Arc Up And Right	
symbol	╱	Box Drawings Light Diagonal Upper Right To Lower Left	
symbol	╲	Box Drawings Light Diagonal Upper Left To Lower Right	
symbol	╳	Box Drawings Light Diagonal Cross	
symbol	╴	Box Drawings Light Left	
symbol	╵	Box Drawings Light Up	
symbol	╶	Box Drawings Light Right	
symbol	╷	Box Drawings Light Down	
symbol	╸	Box Drawings Heavy Left	
symbol	╹	Box Drawings Heavy Up	
symbol	╺	Box Drawings Heavy Right	
symbol	╻	Box Drawings Heavy Down	
symbol	╼	Box Drawings Light Left And Heavy Right	
symbol	╽	Box Drawings Light Up And Heavy Down	
symbol	╾	Box Drawings Heavy Left And Light Right	
symbol	╿	Box Drawings Heavy Up And Light Down	
symbol	▀	Upper Half Block	
symbol	▁	Lower One Eighth Block	
symbol	▂	Lower One Quarter Block	
symbol	▃	Lower Three Eighths Block	
symbol	▄	Lower Half Block	
symbol	▅	Lower Five Eighths Block	
symbol	▆	Lower Three Quarters Block	
symbol	▇	Lower Seven Eighths Block	
symbol	█	Full Block	
symbol	▉	Left Seven Eighths Block	
symbol	▊	Left Three Quarters Block	
symbol	▋	Left Five Eighths Block	
symbol	▌	Left Half Block	
symbol	▍	Left Three Eighths Block	
symbol	▎	Left One Quarter Block	
symbol	▏	Left One Eighth Block	
symbol	▐	Right Half Block	
symbol	░	Light Shade	
symbol	▒	Medium Shade	
symbol	▓	Dark Shade	
symbol	▔	Upper One Eighth Block	
symbol	▕	Right One Eighth Block	
symbol	▖	Quadrant Lower Left	
symbol	▗	Quadrant Lower Right	
symbol	▘	Quadrant Upper Left	
symbol	▙	Quadrant Upper Left And Lower Left And Lower Right	
symbol	▚	Quadrant Upper Left And Lower Right	
symbol	▛	Quadrant Upper Left And Upper Right And Lower Left	
symbol	▜	Quadrant Upper Left And Upper Right And Lower Right	
symbol	▝	Quadrant Upper Right	
symbol	▞	Quadrant Upper Right And Lower Left	
symbol	▟	Quadrant Upper Right And Lower Left And Lower Right	
symbol	■	Black Square	
symbol	□	White Square	
symbol	▢	White Square With Rounded Corners	
symbol	▣	White Square Containing Black Small Square	
symbol	▤	Square With Horizontal Fill	
symbol	▥	Square With Vertical Fill	
symbol	▦	Square With Orthogonal Crosshatch Fill	
symbol	▧	Square With Upper Left To Lower Right Fill	
symbol	▨	Square With Upper Right To Lower Left Fill	
symbol	▩	Square With Diagonal Crosshatch Fill	
symbol	▪	Black Small Square	
symbol	▫	White Small Square	
symbol	▬	Black Rectangle	
symbol	▭	White Rectangle	
symbol	▮	Black Vertical Rectangle	
symbol	▯	White Vertical Rectangle	
symbol	▰	Black Parallelogram	
symbol	▱	White Parallelogram	
symbol	▲	Black Up-Pointing Triangle	
symbol	△	White Up-Pointing Triangle	
symbol	▴	Black Up-Pointing Small Triangle	
symbol	▵	White Up-Pointing Small Triangle	
symbol	▶	Black Right-Pointing Triangle	
symbol	▷	White Right-Pointing Triangle	
symbol	▸	Black Right-Pointing Small Triangle	
symbol	▹	White Right-Pointing Small Triangle	
symbol	►	Black Right-Pointing Pointer	
symbol	▻	White Right-Pointing Pointer	
symbol	▼	Black Down-Pointing Triangle	
symbol	▽	White Down-Pointing Triangle	
symbol	▾	Black Down-Pointing Small Triangle	
symbol	▿	White Down-Pointing Small Triangle	
symbol	◀	Black Left-Pointing Triangle	
symbol	◁	White Left-Pointing Triangle	
symbol	◂	Black Left-Pointing Small Triangle	
symbol	◃	White Left-Pointing Small Triangle	
symbol	◄	Black Left-Pointing Pointer	
symbol	◅	White Left-Pointing Pointer	
symbol	◆	Black Diamond	
symbol	◇	White Diamond	
symbol	◈	White Diamond Containing Black Small Diamond	
symbol	◉	Fisheye	
symbol	◊	Lozenge	
symbol	○	White Circle	
symbol	◌	Dotted Circle	
symbol	◍	Circle With Vertical Fill	
symbol	◎	Bullseye	
symbol	●	Black Circle	
symbol	◐	Circle With Left Half Black	
symbol	◑	Circle With Right Half Black	
symbol	◒	Circle With Lower Half Black	
symbol	◓	Circle With Upper Half Black	
symbol	◔	Circle With Upper Right Quadrant Black	
symbol	◕	Circle With All But Upper Left Quadrant Black	
symbol	◖	Left Half Black Circle	
symbol	◗	Right Half Black Circle	
symbol	◘	Inverse Bullet	
symbol	◙	Inverse White Circle	
symbol	◚	Upper Half Inverse White Circle	
symbol	◛	Lower Half Inverse White Circle	
symbol	◜	Upper Left Quadrant Circular Arc	
symbol	◝	Upper Right Quadrant Circular Arc	
symbol	◞	Lower Right Quadrant Circular Arc	
symbol	◟	Lower Left Quadrant Circular Arc	
symbol	◠	Upper Half Circle	
symbol	◡	Lower Half Circle	
symbol	◢	Black Lower Right Triangle	
symbol	◣	Black Lower Left Triangle	
symbol	◤	Black Upper Left Triangle	
symbol	◥	Black Upper Right Triangle	
symbol	◦	White Bullet	
symbol	◧	Square With Left Half Black	
symbol	◨	Square With Right Half Black	
symbol	◩	Square With Upper Left Diagonal Half Black	
symbol	◪	Square With Lower Right Diagonal Half Black	
symbol	◫	White Square With Vertical Bisecting Line	
symbol	◬	White Up-Pointing Triangle With Dot	
symbol	◭	Up-Pointing Triangle With Left Half Black	
symbol	◮	Up-Pointing Triangle With Right Half Black	
symbol	◯	Large Circle	
symbol	◰	White Square With Upper Left Quadrant	
symbol	◱	White Square With Lower Left Quadrant	
symbol	◲	White Square With Lower Right Quadrant	
symbol	◳	White Square With Upper Right Quadrant	
symbol	◴	White Circle With Upper Left Quadrant	
symbol	◵	White Circle With Lower Left Quadrant	
symbol	◶	White Circle With Lower Right Quadrant	
symbol	◷	White Circle With Upper Right Quadrant	
symbol	◸	Upper Left Triangle	
symbol	◹	Upper Right Triangle	
symbol	◺	Lower Left Triangle	
symbol	◻	White Medium Square	
symbol	◼	Black Medium Square	
symbol	◽	White Medium Small Square	
symbol	◾	Black Medium Small Square	
symbol	◿	Lower Right Triangle	
symbol	🞀	Black Left-Pointing Isosceles Right Triangle	
symbol	🞁	Black Up-Pointing Isosceles Right Triangle	
symbol	🞂	Black Right-Pointing Isosceles Right Triangle	
symbol	🞃	Black Down-Pointing Isosceles Right Triangle	
symbol	🞄	Black Slightly Small Circle	
symbol	🞅	Medium Bold White Circle	
symbol	🞆	Bold White Circle	
symbol	🞇	Heavy White Circle	
symbol	🞈	Very Heavy White Circle	
symbol	🞉	Extremely Heavy White Circle	
symbol	🞊	White Circle Containing Black Small Circle	
symbol	🞋	Round Target	
symbol	🞌	Black Tiny Square	
symbol	🞍	Black Slightly Small Square	
symbol	🞎	Light White Square	
symbol	🞏	Medium White Square	
symbol	🞐	Bold White Square	
symbol	🞑	Heavy White Square	
symbol	🞒	Very Heavy White Square	
symbol	🞓	Extremely Heavy White Square	
symbol	🞔	White Square Containing Black Very Small Square	
symbol	🞕	White Square Containing Black Medium Square	
symbol	🞖	Square Target	
symbol	🞗	Black Tiny Diamond	
symbol	🞘	Black Very Small Diamond	
symbol	🞙	Black Medium Small Diamond	
symbol	🞚	White Diamond Containing Black Very Small Diamond	
symbol	🞛	White Diamond Containing Black Medium Diamond	
symbol	🞜	Diamond Target	
symbol	🞝	Black Tiny Lozenge	
symbol	🞞	Black Very Small Lozenge	
symbol	🞟	Black Medium Small Lozenge	
symbol	🞠	White Lozenge Containing Black Small Lozenge	
symbol	🞡	Thin Greek Cross	
symbol	🞢	Light Greek Cross	
symbol	🞣	Medium Greek Cross	
symbol	🞤	Bold Greek Cross	
symbol	🞥	Very Bold Greek Cross	
symbol	🞦	Very Heavy Greek Cross	
symbol	🞧	Extremely Heavy Greek Cross	
symbol	🞨	Thin Saltire	
symbol	🞩	Light Saltire	
symbol	🞪	Medium Saltire	
symbol	🞫	Bold Saltire	
symbol	🞬	Heavy Saltire	
symbol	🞭	Very Heavy Saltire	
symbol	🞮	Extremely Heavy Saltire	
symbol	🞯	Light Five Spoked Asterisk	
symbol	🞰	Medium Five Spoked Asterisk	
symbol	🞱	Bold Five Spoked Asterisk	
symbol	🞲	Heavy Five Spoked Asterisk	
symbol	🞳	Very Heavy Five Spoked Asterisk	
symbol	🞴	Extremely Heavy Five Spoked Asterisk	
symbol	🞵	Light Six Spoked Asterisk	
symbol	🞶	Medium Six Spoked Asterisk	
symbol	🞷	Bold Six Spoked Asterisk	
symbol	🞸	Heavy Six Spoked Asterisk	
symbol	🞹	Very Heavy Six Spoked Asterisk	
symbol	🞺	Extremely Heavy Six Spoked Asterisk	
symbol	🞻	Light Eight Spoked Asterisk	
symbol	🞼	Medium Eight Spoked Asterisk	
symbol	🞽	Bold Eight Spoked Asterisk	
symbol	🞾	Heavy Eight Spoked Asterisk	
symbol	🞿	Very Heavy Eight Spoked Asterisk	
symbol	🟀	Light Three Pointed Black Star	
symbol	🟁	Medium Three Pointed Black Star	
symbol	🟂	Three Pointed Black Star	
symbol	🟃	Medium Three Pointed Pinwheel Star	
symbol	🟄	Light Four Pointed Black Star	
symbol	🟅	Medium Four Pointed Black Star	
symbol	🟆	Four Pointed Black Star	
symbol	🟇	Medium Four Pointed Pinwheel Star	
symbol	🟈	Reverse Light Four Pointed Pinwheel Star	
symbol	🟉	Light Five Pointed Black Star	
symbol	🟊	Heavy Five Pointed Black Star	
symbol	🟋	Medium Six Pointed Black Star	
symbol	🟌	Heavy Six Pointed Black Star	
symbol	🟍	Six Pointed Pinwheel Star	
symbol	🟎	Medium Eight Pointed Black Star	
symbol	🟏	Heavy Eight Pointed Black Star	
symbol	🟐	Very Heavy Eight Pointed Black Star	
symbol	🟑	Heavy Eight Pointed Pinwheel Star	
symbol	🟒	Light Twelve Pointed Black Star	
symbol	🟓	Heavy Twelve Pointed Black Star	
symbol	🟔	Heavy Twelve Pointed Pinwheel Star	
symbol	🟕	Circled Triangle	
symbol	🟖	Negative Circled Triangle	
symbol	🟗	Circled Square	
symbol	🟘	Negative Circled Square	
symbol	🟙	Nine Pointed White Star	
symbol	🟚	Black Circle With White Vertical Bar	
symbol	🟛	Bullet In Double Circle	
symbol	🟠	Large Orange Circle	
symbol	🟡	Large Yellow Circle	
symbol	🟢	Large Green Circle	
symbol	🟣	Large Purple Circle	
symbol	🟤	Large Brown Circle	
symbol	🟥	Large Red Square	
symbol	🟦	Large Blue Square	
symbol	🟧	Large Orange Square	
symbol	🟨	Large Yellow Square	
symbol	🟩	Large Green Square	
symbol	🟪	Large Purple Square	
symbol	🟫	Large Brown Square	
symbol	🟰	Heavy Equals Sign	
symbol	🟱	Circle With Double Vertical And Horizontal Line	
symbol	🟲	Double Circle With Double Horizontal Line	
symbol	🟳	Circled Bottom Right Oblique Half Black Circle	
symbol	🟴	Left Half White Circle	
symbol	🟵	Right Half White Circle	
symbol	🟶	Transparent Cube	
symbol	🟷	White Cube	
symbol	🟸	Horizontal Double White Small Square	
symbol	🟹	Vertical Double White Small Square	
symbol	🟺	White Square With Bottom Half Bisected	
symbol	🟻	White Square With Top Half Bisected	
symbol	🟼	White Square With Horizontal And Vertical Bisecting Lines	
symbol	🟽	Lower Left Flattened Right Triangle	
symbol	🟾	Lower Right Flattened Right Triangle	
symbol	🟿	Rhombus	
symbol	☀	Black Sun With Rays	
symbol	☁	Cloud	
symbol	☂	Umbrella	
symbol	☃	Snowman	
symbol	☄	Comet	
symbol	★	Black Star	
symbol	☆	White Star	
symbol	☇	Lightning	
symbol	☈	Thunderstorm	
symbol	☉	Sun	
symbol	☊	Ascending Node	
symbol	☋	Descending Node	
symbol	☌	Conjunction	
symbol	☍	Opposition	
symbol	☎	Black Telephone	
symbol	☏	White Telephone	
symbol	☐	Ballot Box	
symbol	☑	Ballot Box With Check	
symbol	☒	Ballot Box With X	
symbol	☓	Saltire	
symbol	☔	Umbrella With Rain Drops	
symbol	☕	Hot Beverage	
symbol	☖	White Shogi Piece	
symbol	☗	Black Shogi Piece	
symbol	☘	Shamrock	
symbol	☙	Reversed Rotated Floral Heart Bullet	
symbol	☚	Black Left Pointing Index	
symbol	☛	Black Right Pointing Index	
symbol	☜	White Left Pointing Index	
symbol	☝	White Up Pointing Index	
symbol	☞	White Right Pointing Index	
symbol	☟	White Down Pointing Index	
symbol	☠	Skull And Crossbones	
symbol	☡	Caution Sign	
symbol	☢	Radioactive Sign	
symbol	☣	Biohazard Sign	
symbol	☤	Caduceus	
symbol	☥	Ankh	
symbol	☦	Orthodox Cross	
symbol	☧	Chi Rho	
symbol	☨	Cross Of Lorraine	
symbol	☩	Cross Of Jerusalem	
symbol	☪	Star And Crescent	
symbol	☫	Farsi Symbol	
symbol	☬	Adi Shakti	
symbol	☭	Hammer And Sickle	
symbol	☮	Peace Symbol	
symbol	☯	Yin Yang	
symbol	☰	Trigram For Heaven	
symbol	☱	Trigram For Lake	
symbol	☲	Trigram For Fire	
symbol	☳	Trigram For Thunder	
symbol	☴	Trigram For Wind	
symbol	☵	Trigram For Water	
symbol	☶	Trigram For Mountain	
symbol	☷	Trigram For Earth	
symbol	☸	Wheel Of Dharma	
symbol	☹	White Frowning Face	
symbol	☺	White Smiling Face	
symbol	☻	Black Smiling Face	
symbol	☼	White Sun With Rays	
symbol	☽	First Quarter Moon	
symbol	☾	Last Quarter Moon	
symbol	☿	Mercury	
symbol	♀	Female Sign	
symbol	♁	Earth	
symbol	♂	Male Sign	
symbol	♃	Jupiter	
symbol	♄	Saturn	
symbol	♅	Uranus	
symbol	♆	Neptune	
symbol	♇	Pluto	
symbol	♈	Aries	
symbol	♉	Taurus	
symbol	♊	Gemini	
symbol	♋	Cancer	
symbol	♌	Leo	
symbol	♍	Virgo	
symbol	♎	Libra	
symbol	♏	Scorpius	
symbol	♐	Sagittarius	
symbol	♑	Capricorn	
symbol	♒	Aquarius	
symbol	♓	Pisces	
symbol	♔	White Chess King	
symbol	♕	White Chess Queen	
symbol	♖	White Chess Rook	
symbol	♗	White Chess Bishop	
symbol	♘	White Chess Knight	
symbol	♙	White Chess Pawn	
symbol	♚	Black Chess King	
symbol	♛	Black Chess Queen	
symbol	♜	Black Chess Rook	
symbol	♝	Black Chess Bishop	
symbol	♞	Black Chess Knight	
symbol	♟	Black Chess Pawn	
symbol	♠	Black Spade Suit	
symbol	♡	White Heart Suit	
symbol	♢	White Diamond Suit	
symbol	♣	Black Club Suit	
symbol	♤	White Spade Suit	
symbol	♥	Black Heart Suit	
symbol	♦	Black Diamond Suit	
symbol	♧	White Club Suit	
symbol	♨	Hot Springs	
symbol	♩	Quarter Note	
symbol	♪	Eighth Note	
symbol	♫	Beamed Eighth Notes	
symbol	♬	Beamed Sixteenth Notes	
symbol	♭	Music Flat Sign	
symbol	♮	Music Natural Sign	
symbol	♯	Music Sharp Sign	
symbol	♰	West Syriac Cross	
symbol	♱	East Syriac Cross	
symbol	♲	Universal Recycling Symbol	
symbol	♳	Recycling Symbol For Type-1 Plastics	
symbol	♴	Recycling Symbol For Type-2 Plastics	
symbol	♵	Recycling Symbol For Type-3 Plastics	
symbol	♶	Recycling Symbol For Type-4 Plastics	
symbol	♷	Recycling Symbol For Type-5 Plastics	
symbol	♸	Recycling Symbol For Type-6 Plastics	
symbol	♹	Recycling Symbol For Type-7 Plastics	
symbol	♺	Recycling Symbol For Generic Materials	
symbol	♻	Black Universal Recycling Symbol	
symbol	♼	Recycled Paper Symbol	
symbol	♽	Partially-Recycled Paper Symbol	
symbol	♾	Permanent Paper Sign	
symbol	♿	Wheelchair Symbol	
symbol	⚀	Die Face-1	
symbol	⚁	Die Face-2	
symbol	⚂	Die Face-3	
symbol	⚃	Die Face-4	
symbol	⚄	Die Face-5	
symbol	⚅	Die Face-6	
symbol	⚆	White Circle With Dot Right	
symbol	⚇	White Circle With Two Dots	
symbol	⚈	Black Circle With White Dot Right	
symbol	⚉	Black Circle With Two White Dots	
symbol	⚊	Monogram For Yang	
symbol	⚋	Monogram For Yin	
symbol	⚌	Digram For Greater Yang	
symbol	⚍	Digram For Lesser Yin	
symbol	⚎	Digram For Lesser Yang	
symbol	⚏	Digram For Greater Yin	
symbol	⚐	White Flag	
symbol	⚑	Black Flag	
symbol	⚒	Hammer And Pick	
symbol	⚓	Anchor	
symbol	⚔	Crossed Swords	
symbol	⚕	Staff Of Aesculapius	
symbol	⚖	Scales	
symbol	⚗	Alembic	
symbol	⚘	Flower	
symbol	⚙	Gear	
symbol	⚚	Staff Of Hermes	
symbol	⚛	Atom Symbol	
symbol	⚜	Fleur-De-Lis	
symbol	⚝	Outlined White Star	
symbol	⚞	Three Lines Converging Right	
symbol	⚟	Three Lines Converging Left	
symbol	⚠	Warning Sign	
symbol	⚡	High Voltage Sign	
symbol	⚢	Doubled Female Sign	
symbol	⚣	Doubled Male Sign	
symbol	⚤	Interlocked Female And Male Sign	
symbol	⚥	Male And Female Sign	
symbol	⚦	Male With Stroke Sign	
symbol	⚧	Male With Stroke And Male And Female Sign	
symbol	⚨	Vertical Male With Stroke Sign	
symbol	⚩	Horizontal Male With Stroke Sign	
symbol	⚪	Medium White Circle	
symbol	⚫	Medium Black Circle	
symbol	⚬	Medium Small White Circle	
symbol	⚭	Marriage Symbol	
symbol	⚮	Divorce Symbol	
symbol	⚯	Unmarried Partnership Symbol	
symbol	⚰	Coffin	
symbol	⚱	Funeral Urn	
symbol	⚲	Neuter	
symbol	⚳	Ceres	
symbol	⚴	Pallas	
symbol	⚵	Juno	
symbol	⚶	Vesta	
symbol	⚷	Chiron	
symbol	⚸	Black Moon Lilith	
symbol	⚹	Sextile	
symbol	⚺	Semisextile	
symbol	⚻	Quincunx	
symbol	⚼	Sesquiquadrate	
symbol	⚽	Soccer Ball	
symbol	⚾	Baseball	
symbol	⚿	Squared Key	
symbol	⛀	White Draughts Man	
symbol	⛁	White Draughts King	
symbol	⛂	Black Draughts Man	
symbol	⛃	Black Draughts King	
symbol	⛄	Snowman Without Snow	
symbol	⛅	Sun Behind Cloud	
symbol	⛆	Rain	
symbol	⛇	Black Snowman	
symbol	⛈	Thunder Cloud And Rain	
symbol	⛉	Turned White Shogi Piece	
symbol	⛊	Turned Black Shogi Piece	
symbol	⛋	White Diamond In Square	
symbol	⛌	Crossing Lanes	
symbol	⛍	Disabled Car	
symbol	⛎	Ophiuchus	
symbol	⛏	Pick	
symbol	⛐	Car Sliding	
symbol	⛑	Helmet With White Cross	
symbol	⛒	Circled Crossing Lanes	
symbol	⛓	Chains	
symbol	⛔	No Entry	
symbol	⛕	Alternate One-Way Left Way Traffic	
symbol	⛖	Black Two-Way Left Way Traffic	
symbol	⛗	White Two-Way Left Way Traffic	
symbol	⛘	Black Left Lane Merge	
symbol	⛙	White Left Lane Merge	
symbol	⛚	Drive Slow Sign	
symbol	⛛	Heavy White Down-Pointing Triangle	
symbol	⛜	Left Closed Entry	
symbol	⛝	Squared Saltire	
symbol	⛞	Falling Diagonal In White Circle In Black Square	
symbol	⛟	Black Truck	
symbol	⛠	Restricted Left Entry-1	
symbol	⛡	Restricted Left Entry-2	
symbol	⛢	Astronomical Symbol For Uranus	
symbol	⛣	Heavy Circle With Stroke And Two Dots Above	
symbol	⛤	Pentagram	
symbol	⛥	Right-Handed Interlaced Pentagram	
symbol	⛦	Left-Handed Interlaced Pentagram	
symbol	⛧	Inverted Pentagram	
symbol	⛨	Black Cross On Shield	
symbol	⛩	Shinto Shrine	
symbol	⛪	Church	
symbol	⛫	Castle	
symbol	⛬	Historic Site	
symbol	⛭	Gear Without Hub	
symbol	⛮	Gear With Handles	
symbol	⛯	Map Symbol For Lighthouse	
symbol	⛰	Mountain	
symbol	⛱	Umbrella On Ground	
symbol	⛲	Fountain	
symbol	⛳	Flag In Hole	
symbol	⛴	Ferry	
symbol	⛵	Sailboat	
symbol	⛶	Square Four Corners	
symbol	⛷	Skier	
symbol	⛸	Ice Skate	
symbol	⛹	Person With Ball	
symbol	⛺	Tent	
symbol	⛻	Japanese Bank Symbol	
symbol	⛼	Headstone Graveyard Symbol	
symbol	⛽	Fuel Pump	
symbol	⛾	Cup On Black Square	
symbol	⛿	White Flag With Horizontal Middle Black Stripe	
symbol	⌀	Diameter Sign	
symbol	⌁	Electric Arrow	
symbol	⌂	House	
symbol	⌃	Up Arrowhead	
symbol	⌄	Down Arrowhead	
symbol	⌅	Projective	
symbol	⌆	Perspective	
symbol	⌇	Wavy Line	
symbol	⌈	Left Ceiling	
symbol	⌉	Right Ceiling	
symbol	⌊	Left Floor	
symbol	⌋	Right Floor	
symbol	⌌	Bottom Right Crop	
symbol	⌍	Bottom Left Crop	
symbol	⌎	Top Right Crop	
symbol	⌏	Top Left Crop	
symbol	⌐	Reversed Not Sign	
symbol	⌑	Square Lozenge	
symbol	⌒	Arc	
symbol	⌓	Segment	
symbol	⌔	Sector	
symbol	⌕	Telephone Recorder	
symbol	⌖	Position Indicator	
symbol	⌗	Viewdata Square	
symbol	⌘	Place Of Interest Sign	
symbol	⌙	Turned Not Sign	
symbol	⌚	Watch	
symbol	⌛	Hourglass	
symbol	⌜	Top Left Corner	
symbol	⌝	Top Right Corner	
symbol	⌞	Bottom Left Corner	
symbol	⌟	Bottom Right Corner	
symbol	⌠	Top Half Integral	
symbol	⌡	Bottom Half Integral	
symbol	⌢	Frown	
symbol	⌣	Smile	
symbol	⌤	Up Arrowhead Between Two Horizontal Bars	
symbol	⌥	Option Key	
symbol	⌦	Erase To The Right	
symbol	⌧	X In A Rectangle Box	
symbol	⌨	Keyboard	
symbol	〈	Left-Pointing Angle Bracket	
symbol	〉	Right-Pointing Angle Bracket	
symbol	⌫	Erase To The Left	
symbol	⌬	Benzene Ring	
symbol	⌭	Cylindricity	
symbol	⌮	All Around-Profile	
symbol	⌯	Symmetry	
symbol	⌰	Total Runout	
symbol	⌱	Dimension Origin	
symbol	⌲	Conical Taper	
symbol	⌳	Slope	
symbol	⌴	Counterbore	
symbol	⌵	Countersink	
symbol	⌶	Apl Functional Symbol I-Beam	
symbol	⌷	Apl Functional Symbol Squish Quad	
symbol	⌸	Apl Functional Symbol Quad Equal	
symbol	⌹	Apl Functional Symbol Quad Divide	
symbol	⌺	Apl Functional Symbol Quad Diamond	
symbol	⌻	Apl Functional Symbol Quad Jot	
symbol	⌼	Apl Functional Symbol Quad Circle	
symbol	⌽	Apl Functional Symbol Circle Stile	
symbol	⌾	Apl Functional Symbol Circle Jot	
symbol	⌿	Apl Functional Symbol Slash Bar	
symbol	⍀	Apl Functional Symbol Backslash Bar	
symbol	⍁	Apl Functional Symbol Quad Slash	
symbol	⍂	Apl Functional Symbol Quad Backslash	
symbol	⍃	Apl Functional Symbol Quad Less-Than	
symbol	⍄	Apl Functional Symbol Quad Greater-Than	
symbol	⍅	Apl Functional Symbol Leftwards Vane	
symbol	⍆	Apl Functional Symbol Rightwards Vane	
symbol	⍇	Apl Functional Symbol Quad Leftwards Arrow	
symbol	⍈	Apl Functional Symbol Quad Rightwards Arrow	
symbol	⍉	Apl Functional Symbol Circle Backslash	
symbol	⍊	Apl Functional Symbol Down Tack Underbar	
symbol	⍋	Apl Functional Symbol Delta Stile	
symbol	⍌	Apl Functional Symbol Quad Down Caret	
symbol	⍍	Apl Functional Symbol Quad Delta	
symbol	⍎	Apl Functional Symbol Down Tack Jot	
symbol	⍏	Apl Functional Symbol Upwards Vane	
symbol	⍐	Apl Functional Symbol Quad Upwards Arrow	
symbol	⍑	Apl Functional Symbol Up Tack Overbar	
symbol	⍒	Apl Functional Symbol Del Stile	
symbol	⍓	Apl Functional Symbol Quad Up Caret	
symbol	⍔	Apl Functional Symbol Quad Del	
symbol	⍕	Apl Functional Symbol Up Tack Jot	
symbol	⍖	Apl Functional Symbol Downwards Vane	
symbol	⍗	Apl Functional Symbol Quad Downwards Arrow	
symbol	⍘	Apl Functional Symbol Quote Underbar	
symbol	⍙	Apl Functional Symbol Delta Underbar	
symbol	⍚	Apl Functional Symbol Diamond Underbar	
symbol	⍛	Apl Functional Symbol Jot Underbar	
symbol	⍜	Apl Functional Symbol Circle Underbar	
symbol	⍝	Apl Functional Symbol Up Shoe Jot	
symbol	⍞	Apl Functional Symbol Quote Quad	
symbol	⍟	Apl Functional Symbol Circle Star	
symbol	⍠	Apl Functional Symbol Quad Colon	
symbol	⍡	Apl Functional Symbol Up Tack Diaeresis	
symbol	⍢	Apl Functional Symbol Del Diaeresis	
symbol	⍣	Apl Functional Symbol Star Diaeresis	
symbol	⍤	Apl Functional Symbol Jot Diaeresis	
symbol	⍥	Apl Functional Symbol Circle Diaeresis	
symbol	⍦	Apl Functional Symbol Down Shoe Stile	
symbol	⍧	Apl Functional Symbol Left Shoe Stile	
symbol	⍨	Apl Functional Symbol Tilde Diaeresis	
symbol	⍩	Apl Functional Symbol Greater-Than Diaeresis	
symbol	⍪	Apl Functional Symbol Comma Bar	
symbol	⍫	Apl Functional Symbol Del Tilde	
symbol	⍬	Apl Functional Symbol Zilde	
symbol	⍭	Apl Functional Symbol Stile Tilde	
symbol	⍮	Apl Functional Symbol Semicolon Underbar	
symbol	⍯	Apl Functional Symbol Quad Not Equal	
symbol	⍰	Apl Functional Symbol Quad Question	
symbol	⍱	Apl Functional Symbol Down Caret Tilde	
symbol	⍲	Apl Functional Symbol Up Caret Tilde	
symbol	⍳	Apl Functional Symbol Iota	
symbol	⍴	Apl Functional Symbol Rho	
symbol	⍵	Apl Functional Symbol Omega	
symbol	⍶	Apl Functional Symbol Alpha Underbar	
symbol	⍷	Apl Functional Symbol Epsilon Underbar	
symbol	⍸	Apl Functional Symbol Iota Underbar	
symbol	⍹	Apl Functional Symbol Omega Underbar	
symbol	⍺	Apl Functional Symbol Alpha	
symbol	⍻	Not Check Mark	
symbol	⍼	Right Angle With Downwards Zigzag Arrow	
symbol	⍽	Shouldered Open Box	
symbol	⍾	Bell Symbol	
symbol	⍿	Vertical Line With Middle Dot	
symbol	⎀	Insertion Symbol	
symbol	⎁	Continuous Underline Symbol	
symbol	⎂	Discontinuous Underline Symbol	
symbol	⎃	Emphasis Symbol	
symbol	⎄	Composition Symbol	
symbol	⎅	White Square With Centre Vertical Line	
symbol	⎆	Enter Symbol	
symbol	⎇	Alternative Key Symbol	
symbol	⎈	Helm Symbol	
symbol	⎉	Circled Horizontal Bar With Notch	
symbol	⎊	Circled Triangle Down	
symbol	⎋	Broken Circle With Northwest Arrow	
symbol	⎌	Undo Symbol	
symbol	⎍	Monostable Symbol	
symbol	⎎	Hysteresis Symbol	
symbol	⎏	Open-Circuit-Output H-Type Symbol	
symbol	⎐	Open-Circuit-Output L-Type Symbol	
symbol	⎑	Passive-Pull-Down-Output Symbol	
symbol	⎒	Passive-Pull-Up-Output Symbol	
symbol	⎓	Direct Current Symbol Form Two	
symbol	⎔	Software-Function Symbol	
symbol	⎕	Apl Functional Symbol Quad	
symbol	⎖	Decimal Separator Key Symbol	
symbol	⎗	Previous Page	
symbol	⎘	Next Page	
symbol	⎙	Print Screen Symbol	
symbol	⎚	Clear Screen Symbol	
symbol	⎛	Left Parenthesis Upper Hook	
symbol	⎜	Left Parenthesis Extension	
symbol	⎝	Left Parenthesis Lower Hook	
symbol	⎞	Right Parenthesis Upper Hook	
symbol	⎟	Right Parenthesis Extension	
symbol	⎠	Right Parenthesis Lower Hook	
symbol	⎡	Left Square Bracket Upper Corner	
symbol	⎢	Left Square Bracket Extension	
symbol	⎣	Left Square Bracket Lower Corner	
symbol	⎤	Right Square Bracket Upper Corner	
symbol	⎥	Right Square Bracket Extension	
symbol	⎦	Right Square Bracket Lower Corner	
symbol	⎧	Left Curly Bracket Upper Hook	
symbol	⎨	Left Curly Bracket Middle Piece	
symbol	⎩	Left Curly Bracket Lower Hook	
symbol	⎪	Curly Bracket Extension	
symbol	⎫	Right Curly Bracket Upper Hook	
symbol	⎬	Right Curly Bracket Middle Piece	
symbol	⎭	Right Curly Bracket Lower Hook	
symbol	⎮	Integral Extension	
symbol	⎯	Horizontal Line Extension	
symbol	⎰	Upper Left Or Lower Right Curly Bracket Section	
symbol	⎱	Upper Right Or Lower Left Curly Bracket Section	
symbol	⎲	Summation Top	
symbol	⎳	Summation Bottom	
symbol	⎴	Top Square Bracket	
symbol	⎵	Bottom Square Bracket	
symbol	⎶	Bottom Square Bracket Over Top Square Bracket	
symbol	⎷	Radical Symbol Bottom	
symbol	⎸	Left Vertical Box Line	
symbol	⎹	Right Vertical Box Line	
symbol	⎺	Horizontal Scan Line-1	
symbol	⎻	Horizontal Scan Line-3	
symbol	⎼	Horizontal Scan Line-7	
symbol	⎽	Horizontal Scan Line-9	
symbol	⎾	Dentistry Symbol Light Vertical And Top Right	
symbol	⎿	Dentistry Symbol Light Vertical And Bottom Right	
symbol	⏀	Dentistry Symbol Light Vertical With Circle	
symbol	⏁	Dentistry Symbol Light Down And Horizontal With Circle	
symbol	⏂	Dentistry Symbol Light Up And Horizontal With Circle	
symbol	⏃	Dentistry Symbol Light Vertical With Triangle	
symbol	⏄	Dentistry Symbol Light Down And Horizontal With Triangle	
symbol	⏅	Dentistry Symbol Light Up And Horizontal With Triangle	
symbol	⏆	Dentistry Symbol Light Vertical And Wave	
symbol	⏇	Dentistry Symbol Light Down And Horizontal With Wave	
symbol	⏈	Dentistry Symbol Light Up And Horizontal With Wave	
symbol	⏉	Dentistry Symbol Light Down And Horizontal	
symbol	⏊	Dentistry Symbol Light Up And Horizontal	
symbol	⏋	Dentistry Symbol Light Vertical And Top Left	
symbol	⏌	Dentistry Symbol Light Vertical And Bottom Left	
symbol	⏍	Square Foot	
symbol	⏎	Return Symbol	
symbol	⏏	Eject Symbol	
symbol	⏐	Vertical Line Extension	
symbol	⏑	Metrical Breve	
symbol	⏒	Metrical Long Over Short	
symbol	⏓	Metrical Short Over Long	
symbol	⏔	Metrical Long Over Two Shorts	
symbol	⏕	Metrical Two Shorts Over Long	
symbol	⏖	Metrical Two Shorts Joined	
symbol	⏗	Metrical Triseme	
symbol	⏘	Metrical Tetraseme	
symbol	⏙	Metrical Pentaseme	
symbol	⏚	Earth Ground	
symbol	⏛	Fuse	
symbol	⏜	Top Parenthesis	
symbol	⏝	Bottom Parenthesis	
symbol	⏞	Top Curly Bracket	
symbol	⏟	Bottom Curly Bracket	
symbol	⏠	Top Tortoise Shell Bracket	
symbol	⏡	Bottom Tortoise Shell Bracket	
symbol	⏢	White Trapezium	
symbol	⏣	Benzene Ring With Circle	
symbol	⏤	Straightness	
symbol	⏥	Flatness	
symbol	⏦	Ac Current	
symbol	⏧	Electrical Intersection	
symbol	⏨	Decimal Exponent Symbol	
symbol	⏩	Black Right-Pointing Double Triangle	
symbol	⏪	Black Left-Pointing Double Triangle	
symbol	⏫	Black Up-Pointing Double Triangle	
symbol	⏬	Black Down-Pointing Double Triangle	
symbol	⏭	Black Right-Pointing Double Triangle With Vertical Bar	
symbol	⏮	Black Left-Pointing Double Triangle With Vertical Bar	
symbol	⏯	Black Right-Pointing Triangle With Double Vertical Bar	
symbol	⏰	Alarm Clock	
symbol	⏱	Stopwatch	
symbol	⏲	Timer Clock	
symbol	⏳	Hourglass With Flowing Sand	
symbol	⏴	Black Medium Left-Pointing Triangle	
symbol	⏵	Black Medium Right-Pointing Triangle	
symbol	⏶	Black Medium Up-Pointing Triangle	
symbol	⏷	Black Medium Down-Pointing Triangle	
symbol	⏸	Double Vertical Bar	
symbol	⏹	Black Square For Stop	
symbol	⏺	Black Circle For Record	
symbol	⏻	Power Symbol	
symbol	⏼	Power On-Off Symbol	
symbol	⏽	Power On Symbol	
symbol	⏾	Power Sleep Symbol	
symbol	⏿	Observer Eye Symbol	
symbol	✀	Black Safety Scissors	
symbol	✁	Upper Blade Scissors	
symbol	✂	Black Scissors	
symbol	✃	Lower Blade Scissors	
symbol	✄	White Scissors	
symbol	✅	White Heavy Check Mark	
symbol	✆	Telephone Location Sign	
symbol	✇	Tape Drive	
symbol	✈	Airplane	
symbol	✉	Envelope	
symbol	✊	Raised Fist	
symbol	✋	Raised Hand	
symbol	✌	Victory Hand	
symbol	✍	Writing Hand	
symbol	✎	Lower Right Pencil	
symbol	✏	Pencil	
symbol	✐	Upper Right Pencil	
symbol	✑	White Nib	
symbol	✒	Black Nib	
symbol	✓	Check Mark	
symbol	✔	Heavy Check Mark	
symbol	✕	Multiplication X	
symbol	✖	Heavy Multiplication X	
symbol	✗	Ballot X	
symbol	✘	Heavy Ballot X	
symbol	✙	Outlined Greek Cross	
symbol	✚	Heavy Greek Cross	
symbol	✛	Open Centre Cross	
symbol	✜	Heavy Open Centre Cross	
symbol	✝	Latin Cross	
symbol	✞	Shadowed White Latin Cross	
symbol	✟	Outlined Latin Cross	
symbol	✠	Maltese Cross	
symbol	✡	Star Of David	
symbol	✢	Four Teardrop-Spoked Asterisk	
symbol	✣	Four Balloon-Spoked Asterisk	
symbol	✤	Heavy Four Balloon-Spoked Asterisk	
symbol	✥	Four Club-Spoked Asterisk	
symbol	✦	Black Four Pointed Star	
symbol	✧	White Four Pointed Star	
symbol	✨	Sparkles	
symbol	✩	Stress Outlined White Star	
symbol	✪	Circled White Star	
symbol	✫	Open Centre Black Star	
symbol	✬	Black Centre White Star	
symbol	✭	Outlined Black Star	
symbol	✮	Heavy Outlined Black Star	
symbol	✯	Pinwheel Star	
symbol	✰	Shadowed White Star	
symbol	✱	Heavy Asterisk	
symbol	✲	Open Centre Asterisk	
symbol	✳	Eight Spoked Asterisk	
symbol	✴	Eight Pointed Black Star	
symbol	✵	Eight Pointed Pinwheel Star	
symbol	✶	Six Pointed Black Star	
symbol	✷	Eight Pointed Rectilinear Black Star	
symbol	✸	Heavy Eight Pointed Rectilinear Black Star	
symbol	✹	Twelve Pointed Black Star	
symbol	✺	Sixteen Pointed Asterisk	
symbol	✻	Teardrop-Spoked Asterisk	
symbol	✼	Open Centre Teardrop-Spoked Asterisk	
symbol	✽	Heavy Teardrop-Spoked Asterisk	
symbol	✾	Six Petalled Black And White Florette	
symbol	✿	Black Florette	
symbol	❀	White Florette	
symbol	❁	Eight Petalled Outlined Black Florette	
symbol	❂	Circled Open Centre Eight Pointed Star	
symbol	❃	Heavy Teardrop-Spoked Pinwheel Asterisk	
symbol	❄	Snowflake	
symbol	❅	Tight Trifoliate Snowflake	
symbol	❆	Heavy Chevron Snowflake	
symbol	❇	Sparkle	
symbol	❈	Heavy Sparkle	
symbol	❉	Balloon-Spoked Asterisk	
symbol	❊	Eight Teardrop-Spoked Propeller Asterisk	
symbol	❋	Heavy Eight Teardrop-Spoked Propeller Asterisk	
symbol	❌	Cross Mark	
symbol	❍	Shadowed White Circle	
symbol	❎	Negative Squared Cross Mark	
symbol	❏	Lower Right Drop-Shadowed White Square	
symbol	❐	Upper Right Drop-Shadowed White Square	
symbol	❑	Lower Right Shadowed White Square	
symbol	❒	Upper Right Shadowed White Square	
symbol	❓	Black Question Mark Ornament	
symbol	❔	White Question Mark Ornament	
symbol	❕	White Exclamation Mark Ornament	
symbol	❖	Black Diamond Minus White X	
symbol	❗	Heavy Exclamation Mark Symbol	
symbol	❘	Light Vertical Bar	
symbol	❙	Medium Vertical Bar	
symbol	❚	Heavy Vertical Bar	
symbol	❛	Heavy Single Turned Comma Quotation Mark Ornament	
symbol	❜	Heavy Single Comma Quotation Mark Ornament	
symbol	❝	Heavy Double Turned Comma Quotation Mark Ornament	
symbol	❞	Heavy Double Comma Quotation Mark Ornament	
symbol	❟	Heavy Low Single Comma Quotation Mark Ornament	
symbol	❠	Heavy Low Double Comma Quotation Mark Ornament	
symbol	❡	Curved Stem Paragraph Sign Ornament	
symbol	❢	Heavy Exclamation Mark Ornament	
symbol	❣	Heavy Heart Exclamation Mark Ornament	
symbol	❤	Heavy Black Heart	
symbol	❥	Rotated Heavy Black Heart Bullet	
symbol	❦	Floral Heart	
symbol	❧	Rotated Floral Heart Bullet	
symbol	❨	Medium Left Parenthesis Ornament	
symbol	❩	Medium Right Parenthesis Ornament	
symbol	❪	Medium Flattened Left Parenthesis Ornament	
symbol	❫	Medium Flattened Right Parenthesis Ornament	
symbol	❬	Medium Left-Pointing Angle Bracket Ornament	
symbol	❭	Medium Right-Pointing Angle Bracket Ornament	
symbol	❮	Heavy Left-Pointing Angle Quotation Mark Ornament	
symbol	❯	Heavy Right-Pointing Angle Quotation Mark Ornament	
symbol	❰	Heavy Left-Pointing Angle Bracket Ornament	
symbol	❱	Heavy Right-Pointing Angle Bracket Ornament	
symbol	❲	Light Left Tortoise Shell Bracket Ornament	
symbol	❳	Light Right Tortoise Shell Bracket Ornament	
symbol	❴	Medium Left Curly Bracket Ornament	
symbol	❵	Medium Right Curly Bracket Ornament	
symbol	❶	Dingbat Negative Circled Digit One	
symbol	❷	Dingbat Negative Circled Digit Two	
symbol	❸	Dingbat Negative Circled Digit Three	
symbol	❹	Dingbat Negative Circled Digit Four	
symbol	❺	Dingbat Negative Circled Digit Five	
symbol	❻	Dingbat Negative Circled Digit Six	
symbol	❼	Dingbat Negative Circled Digit Seven	
symbol	❽	Dingbat Negative Circled Digit Eight	
symbol	❾	Dingbat Negative Circled Digit Nine	
symbol	❿	Dingbat Negative Circled Number Ten	
symbol	➀	Dingbat Circled Sans-Serif Digit One	
symbol	➁	Dingbat Circled Sans-Serif Digit Two	
symbol	➂	Dingbat Circled Sans-Serif Digit Three	
symbol	➃	Dingbat Circled Sans-Serif Digit Four	
symbol	➄	Dingbat Circled Sans-Serif Digit Five	
symbol	➅	Dingbat Circled Sans-Serif Digit Six	
symbol	➆	Dingbat Circled Sans-Serif Digit Seven	
symbol	➇	Dingbat Circled Sans-Serif Digit Eight	
symbol	➈	Dingbat Circled Sans-Serif Digit Nine	
symbol	➉	Dingbat Circled Sans-Serif Number Ten	
symbol	➊	Dingbat Negative Circled Sans-Serif Digit One	
symbol	➋	Dingbat Negative Circled Sans-Serif Digit Two	
symbol	➌	Dingbat Negative Circled Sans-Serif Digit Three	
symbol	➍	Dingbat Negative Circled Sans-Serif Digit Four	
symbol	➎	Dingbat Negative Circled Sans-Serif Digit Five	
symbol	➏	Dingbat Negative Circled Sans-Serif Digit Six	
symbol	➐	Dingbat Negative Circled Sans-Serif Digit Seven	
symbol	➑	Dingbat Negative Circled Sans-Serif Digit Eight	
symbol	➒	Dingbat Negative Circled Sans-Serif Digit Nine	
symbol	➓	Dingbat Negative Circled Sans-Serif Number Ten	
symbol	➔	Heavy Wide-Headed Rightwards Arrow	
symbol	➕	Heavy Plus Sign	
symbol	➖	Heavy Minus Sign	
symbol	➗	Heavy Division Sign	
symbol	➘	Heavy South East Arrow	
symbol	➙	Heavy Rightwards Arrow	
symbol	➚	Heavy North East Arrow	
symbol	➛	Drafting Point Rightwards Arrow	
symbol	➜	Heavy Round-Tipped Rightwards Arrow	
symbol	➝	Triangle-Headed Rightwards Arrow	
symbol	➞	Heavy Triangle-Headed Rightwards Arrow	
symbol	➟	Dashed Triangle-Headed Rightwards Arrow	
symbol	➠	Heavy Dashed Triangle-Headed Rightwards Arrow	
symbol	➡	Black Rightwards Arrow	
symbol	➢	Three-D Top-Lighted Rightwards Arrowhead	
symbol	➣	Three-D Bottom-Lighted Rightwards Arrowhead	
symbol	➤	Black Rightwards Arrowhead	
symbol	➥	Heavy Black Curved Downwards And Rightwards Arrow	
symbol	➦	Heavy Black Curved Upwards And Rightwards Arrow	
symbol	➧	Squat Black Rightwards Arrow	
symbol	➨	Heavy Concave-Pointed Black Rightwards Arrow	
symbol	➩	Right-Shaded White Rightwards Arrow	
symbol	➪	Left-Shaded White Rightwards Arrow	
symbol	➫	Back-Tilted Shadowed White Rightwards Arrow	
symbol	➬	Front-Tilted Shadowed White Rightwards Arrow	
symbol	➭	Heavy Lower Right-Shadowed White Rightwards Arrow	
symbol	➮	Heavy Upper Right-Shadowed White Rightwards Arrow	
symbol	➯	Notched Lower Right-Shadowed White Rightwards Arrow	
symbol	➰	Curly Loop	
symbol	➱	Notched Upper Right-Shadowed White Rightwards Arrow	
symbol	➲	Circled Heavy White Rightwards Arrow	
symbol	➳	White-Feathered Rightwards Arrow	
symbol	➴	Black-Feathered South East Arrow	
symbol	➵	Black-Feathered Rightwards Arrow	
symbol	➶	Black-Feathered North East Arrow	
symbol	➷	Heavy Black-Feathered South East Arrow	
symbol	➸	Heavy Black-Feathered Rightwards Arrow	
symbol	➹	Heavy Black-Feathered North East Arrow	
symbol	➺	Teardrop-Barbed Rightwards Arrow	
symbol	➻	Heavy Teardrop-Shanked Rightwards Arrow	
symbol	➼	Wedge-Tailed Rightwards Arrow	
symbol	➽	Heavy Wedge-Tailed Rightwards Arrow	
symbol	➾	Open-Outlined Rightwards Arrow	
symbol	➿	Double Curly Loop	
symbol	①	Circled Digit One	
symbol	②	Circled Digit Two	
symbol	③	Circled Digit Three	
symbol	④	Circled Digit Four	
symbol	⑤	Circled Digit Five	
symbol	⑥	Circled Digit Six	
symbol	⑦	Circled Digit Seven	
symbol	⑧	Circled Digit Eight	
symbol	⑨	Circled Digit Nine	
symbol	⑩	Circled Number Ten	
symbol	⑪	Circled Number Eleven	
symbol	⑫	Circled Number Twelve	
symbol	⑬	Circled Number Thirteen	
symbol	⑭	Circled Number Fourteen	
symbol	⑮	Circled Number Fifteen	
symbol	⑯	Circled Number Sixteen	
symbol	⑰	Circled Number Seventeen	
symbol	⑱	Circled Number Eighteen	
symbol	⑲	Circled Number Nineteen	
symbol	⑳	Circled Number Twenty	
symbol	⑴	Parenthesized Digit One	
symbol	⑵	Parenthesized Digit Two	
symbol	⑶	Parenthesized Digit Three	
symbol	⑷	Parenthesized Digit Four	
symbol	⑸	Parenthesized Digit Five	
symbol	⑹	Parenthesized Digit Six	
symbol	⑺	Parenthesized Digit Seven	
symbol	⑻	Parenthesized Digit Eight	
symbol	⑼	Parenthesized Digit Nine	
symbol	⑽	Parenthesized Number Ten	
symbol	⑾	Parenthesized Number Eleven	
symbol	⑿	Parenthesized Number Twelve	
symbol	⒀	Parenthesized Number Thirteen	
symbol	⒁	Parenthesized Number Fourteen	
symbol	⒂	Parenthesized Number Fifteen	
symbol	⒃	Parenthesized Number Sixteen	
symbol	⒄	Parenthesized Number Seventeen	
symbol	⒅	Parenthesized Number Eighteen	
symbol	⒆	Parenthesized Number Nineteen	
symbol	⒇	Parenthesized Number Twenty	
symbol	⒈	Digit One Full Stop	
symbol	⒉	Digit Two Full Stop	
symbol	⒊	Digit Three Full Stop	
symbol	⒋	Digit Four Full Stop	
symbol	⒌	Digit Five Full Stop	
symbol	⒍	Digit Six Full Stop	
symbol	⒎	Digit Seven Full Stop	
symbol	⒏	Digit Eight Full Stop	
symbol	⒐	Digit Nine Full Stop	
symbol	⒑	Number Ten Full Stop	
symbol	⒒	Number Eleven Full Stop	
symbol	⒓	Number Twelve Full Stop	
symbol	⒔	Number Thirteen Full Stop	
symbol	⒕	Number Fourteen Full Stop	
symbol	⒖	Number Fifteen Full Stop	
symbol	⒗	Number Sixteen Full Stop	
symbol	⒘	Number Seventeen Full Stop	
symbol	⒙	Number Eighteen Full Stop	
symbol	⒚	Number Nineteen Full Stop	
symbol	⒛	Number Twenty Full Stop	
symbol	⒜	Parenthesized Latin Small Letter A	
symbol	⒝	Parenthesized Latin Small Letter B	
symbol	⒞	Parenthesized Latin Small Letter C	
symbol	⒟	Parenthesized Latin Small Letter D	
symbol	⒠	Parenthesized Latin Small Letter E	
symbol	⒡	Parenthesized Latin Small Letter F	
symbol	⒢	Parenthesized Latin Small Letter G	
symbol	⒣	Parenthesized Latin Small Letter H	
symbol	⒤	Parenthesized Latin Small Letter I	
symbol	⒥	Parenthesized Latin Small Letter J	
symbol	⒦	Parenthesized Latin Small Letter K	
symbol	⒧	Parenthesized Latin Small Letter L	
symbol	⒨	Parenthesized Latin Small Letter M	
symbol	⒩	Parenthesized Latin Small Letter N	
symbol	⒪	Parenthesized Latin Small Letter O	
symbol	⒫	Parenthesized Latin Small Letter P	
symbol	⒬	Parenthesized Latin Small Letter Q	
symbol	⒭	Parenthesized Latin Small Letter R	
symbol	⒮	Parenthesized Latin Small Letter S	
symbol	⒯	Parenthesized Latin Small Letter T	
symbol	⒰	Parenthesized Latin Small Letter U	
symbol	⒱	Parenthesized Latin Small Letter V	
symbol	⒲	Parenthesized Latin Small Letter W	
symbol	⒳	Parenthesized Latin Small Letter X	
symbol	⒴	Parenthesized Latin Small Letter Y	
symbol	⒵	Parenthesized Latin Small Letter Z	
symbol	Ⓐ	Circled Latin Capital Letter A	
symbol	Ⓑ	Circled Latin Capital Letter B	
symbol	Ⓒ	Circled Latin Capital Letter C	
symbol	Ⓓ	Circled Latin Capital Letter D	
symbol	Ⓔ	Circled Latin Capital Letter E	
symbol	Ⓕ	Circled Latin Capital Letter F	
symbol	Ⓖ	Circled Latin Capital Letter G	
symbol	Ⓗ	Circled Latin Capital Letter H	
symbol	Ⓘ	Circled Latin Capital Letter I	
symbol	Ⓙ	Circled Latin Capital Letter J	
symbol	Ⓚ	Circled Latin Capital Letter K	
symbol	Ⓛ	Circled Latin Capital Letter L	
symbol	Ⓜ	Circled Latin Capital Letter M	
symbol	Ⓝ	Circled Latin Capital Letter N	
symbol	Ⓞ	Circled Latin Capital Letter O	
symbol	Ⓟ	Circled Latin Capital Letter P	
symbol	Ⓠ	Circled Latin Capital Letter Q	
symbol	Ⓡ	Circled Latin Capital Letter R	
symbol	Ⓢ	Circled Latin Capital Letter S	
symbol	Ⓣ	Circled Latin Capital Letter T	
symbol	Ⓤ	Circled Latin Capital Letter U	
symbol	Ⓥ	Circled Latin Capital Letter V	
symbol	Ⓦ	Circled Latin Capital Letter W	
symbol	Ⓧ	Circled Latin Capital Letter X	
symbol	Ⓨ	Circled Latin Capital Letter Y	
symbol	Ⓩ	Circled Latin Capital Letter Z	
symbol	ⓐ	Circled Latin Small Letter A	
symbol	ⓑ	Circled Latin Small Letter B	
symbol	ⓒ	Circled Latin Small Letter C	
symbol	ⓓ	Circled Latin Small Letter D	
symbol	ⓔ	Circled Latin Small Letter E	
symbol	ⓕ	Circled Latin Small Letter F	
symbol	ⓖ	Circled Latin Small Letter G	
symbol	ⓗ	Circled Latin Small Letter H	
symbol	ⓘ	Circled Latin Small Letter I	
symbol	ⓙ	Circled Latin Small Letter J	
symbol	ⓚ	Circled Latin Small Letter K	
symbol	ⓛ	Circled Latin Small Letter L	
symbol	ⓜ	Circled Latin Small Letter M	
symbol	ⓝ	Circled Latin Small Letter N	
symbol	ⓞ	Circled Latin Small Letter O	
symbol	ⓟ	Circled Latin Small Letter P	
symbol	ⓠ	Circled Latin Small Letter Q	
symbol	ⓡ	Circled Latin Small Letter R	
symbol	ⓢ	Circled Latin Small Letter S	
symbol	ⓣ	Circled Latin Small Letter T	
symbol	ⓤ	Circled Latin Small Letter U	
symbol	ⓥ	Circled Latin Small Letter V	
symbol	ⓦ	Circled Latin Small Letter W	
symbol	ⓧ	Circled Latin Small Letter X	
symbol	ⓨ	Circled Latin Small Letter Y	
symbol	ⓩ	Circled Latin Small Letter Z	
symbol	⓪	Circled Digit Zero	
symbol	⓫	Negative Circled Number Eleven	
symbol	⓬	Negative Circled Number Twelve	
symbol	⓭	Negative Circled Number Thirteen	
symbol	⓮	Negative Circled Number Fourteen	
symbol	⓯	Negative Circled Number Fifteen	
symbol	⓰	Negative Circled Number Sixteen	
symbol	⓱	Negative Circled Number Seventeen	
symbol	⓲	Negative Circled Number Eighteen	
symbol	⓳	Negative Circled Number Nineteen	
symbol	⓴	Negative Circled Number Twenty	
symbol	⓵	Double Circled Digit One	
symbol	⓶	Double Circled Digit Two	
symbol	⓷	Double Circled Digit Three	
symbol	⓸	Double Circled Digit Four	
symbol	⓹	Double Circled Digit Five	
symbol	⓺	Double Circled Digit Six	
symbol	⓻	Double Circled Digit Seven	
symbol	⓼	Double Circled Digit Eight	
symbol	⓽	Double Circled Digit Nine	
symbol	⓾	Double Circled Number Ten	
symbol	⓿	Negative Circled Digit Zero	
symbol	␀	Symbol For Null	
symbol	␁	Symbol For Start Of Heading	
symbol	␂	Symbol For Start Of Text	
symbol	␃	Symbol For End Of Text	
symbol	␄	Symbol For End Of Transmission	
symbol	␅	Symbol For Enquiry	
symbol	␆	Symbol For Acknowledge	
symbol	␇	Symbol For Bell	
symbol	␈	Symbol For Backspace	
symbol	␉	Symbol For Horizontal Tabulation	
symbol	␊	Symbol For Line Feed	
symbol	␋	Symbol For Vertical Tabulation	
symbol	␌	Symbol For Form Feed	
symbol	␍	Symbol For Carriage Return	
symbol	␎	Symbol For Shift Out	
symbol	␏	Symbol For Shift In	
symbol	␐	Symbol For Data Link Escape	
symbol	␑	Symbol For Device Control One	
symbol	␒	Symbol For Device Control Two	
symbol	␓	Symbol For Device Control Three	
symbol	␔	Symbol For Device Control Four	
symbol	␕	Symbol For Negative Acknowledge	
symbol	␖	Symbol For Synchronous Idle	
symbol	␗	Symbol For End Of Transmission Block	
symbol	␘	Symbol For Cancel	
symbol	␙	Symbol For End Of Medium	
symbol	␚	Symbol For Substitute	
symbol	␛	Symbol For Escape	
symbol	␜	Symbol For File Separator	
symbol	␝	Symbol For Group Separator	
symbol	␞	Symbol For Record Separator	
symbol	␟	Symbol For Unit Separator	
symbol	␠	Symbol For Space	
symbol	␡	Symbol For Delete	
symbol	␢	Blank Symbol	
symbol	␣	Open Box	
symbol	␤	Symbol For Newline	
symbol	␥	Symbol For Delete Form Two	
symbol	␦	Symbol For Substitute Form Two	
symbol	␧	Symbol For Delete Square Checker Board Form	
symbol	␨	Symbol For Delete Rectangular Checker Board Form	
symbol	␩	Symbol For Delete Medium Shade Form	
symbol	⠀	Braille Pattern Blank	
symbol	⠁	Braille Pattern Dots-1	
symbol	⠂	Braille Pattern Dots-2	
symbol	⠃	Braille Pattern Dots-12	
symbol	⠄	Braille Pattern Dots-3	
symbol	⠅	Braille Pattern Dots-13	
symbol	⠆	Braille Pattern Dots-23	
symbol	⠇	Braille Pattern Dots-123	
symbol	⠈	Braille Pattern Dots-4	
symbol	⠉	Braille Pattern Dots-14	
symbol	⠊	Braille Pattern Dots-24	
symbol	⠋	Braille Pattern Dots-124	
symbol	⠌	Braille Pattern Dots-34	
symbol	⠍	Braille Pattern Dots-134	
symbol	⠎	Braille Pattern Dots-234	
symbol	⠏	Braille Pattern Dots-1234	
symbol	⠐	Braille Pattern Dots-5	
symbol	⠑	Braille Pattern Dots-15	
symbol	⠒	Braille Pattern Dots-25	
symbol	⠓	Braille Pattern Dots-125	
symbol	⠔	Braille Pattern Dots-35	
symbol	⠕	Braille Pattern Dots-135	
symbol	⠖	Braille Pattern Dots-235	
symbol	⠗	Braille Pattern Dots-1235	
symbol	⠘	Braille Pattern Dots-45	
symbol	⠙	Braille Pattern Dots-145	
symbol	⠚	Braille Pattern Dots-245	
symbol	⠛	Braille Pattern Dots-1245	
symbol	⠜	Braille Pattern Dots-345	
symbol	⠝	Braille Pattern Dots-1345	
symbol	⠞	Braille Pattern Dots-2345	
symbol	⠟	Braille Pattern Dots-12345	
symbol	⠠	Braille Pattern Dots-6	
symbol	⠡	Braille Pattern Dots-16	
symbol	⠢	Braille Pattern Dots-26	
symbol	⠣	Braille Pattern Dots-126	
symbol	⠤	Braille Pattern Dots-36	
symbol	⠥	Braille Pattern Dots-136	
symbol	⠦	Braille Pattern Dots-236	
symbol	⠧	Braille Pattern Dots-1236	
symbol	⠨	Braille Pattern Dots-46	
symbol	⠩	Braille Pattern Dots-146	
symbol	⠪	Braille Pattern Dots-246	
symbol	⠫	Braille Pattern Dots-1246	
symbol	⠬	Braille Pattern Dots-346	
symbol	⠭	Braille Pattern Dots-1346	
symbol	⠮	Braille Pattern Dots-2346	
symbol	⠯	Braille Pattern Dots-12346	
symbol	⠰	Braille Pattern Dots-56	
symbol	⠱	Braille Pattern Dots-156	
symbol	⠲	Braille Pattern Dots-256	
symbol	⠳	Braille Pattern Dots-1256	
symbol	⠴	Braille Pattern Dots-356	
symbol	⠵	Braille Pattern Dots-1356	
symbol	⠶	Braille Pattern Dots-2356	
symbol	⠷	Braille Pattern Dots-12356	
symbol	⠸	Braille Pattern Dots-456	
symbol	⠹	Braille Pattern Dots-1456	
symbol	⠺	Braille Pattern Dots-2456	
symbol	⠻	Braille Pattern Dots-12456	
symbol	⠼	Braille Pattern Dots-3456	
symbol	⠽	Braille Pattern Dots-13456	
symbol	⠾	Braille Pattern Dots-23456	
symbol	⠿	Braille Pattern Dots-123456	
symbol	⡀	Braille Pattern Dots-7	
symbol	⡁	Braille Pattern Dots-17	
symbol	⡂	Braille Pattern Dots-27	
symbol	⡃	Braille Pattern Dots-127	
symbol	⡄	Braille Pattern Dots-37	
symbol	⡅	Braille Pattern Dots-137	
symbol	⡆	Braille Pattern Dots-237	
symbol	⡇	Braille Pattern Dots-1237	
symbol	⡈	Braille Pattern Dots-47	
symbol	⡉	Braille Pattern Dots-147	
symbol	⡊	Braille Pattern Dots-247	
symbol	⡋	Braille Pattern Dots-1247	
symbol	⡌	Braille Pattern Dots-347	
symbol	⡍	Braille Pattern Dots-1347	
symbol	⡎	Braille Pattern Dots-2347	
symbol	⡏	Braille Pattern Dots-12347	
symbol	⡐	Braille Pattern Dots-57	
symbol	⡑	Braille Pattern Dots-157	
symbol	⡒	Braille Pattern Dots-257	
symbol	⡓	Braille Pattern Dots-1257	
symbol	⡔	Braille Pattern Dots-357	
symbol	⡕	Braille Pattern Dots-1357	
symbol	⡖	Braille Pattern Dots-2357	
symbol	⡗	Braille Pattern Dots-12357	
symbol	⡘	Braille Pattern Dots-457	
symbol	⡙	Braille Pattern Dots-1457	
symbol	⡚	Braille Pattern Dots-2457	
symbol	⡛	Braille Pattern Dots-12457	
symbol	⡜	Braille Pattern Dots-3457	
symbol	⡝	Braille Pattern Dots-13457	
symbol	⡞	Braille Pattern Dots-23457	
symbol	⡟	Braille Pattern Dots-123457	
symbol	⡠	Braille Pattern Dots-67	
symbol	⡡	Braille Pattern Dots-167	
symbol	⡢	Braille Pattern Dots-267	
symbol	⡣	Braille Pattern Dots-1267	
symbol	⡤	Braille Pattern Dots-367	
symbol	⡥	Braille Pattern Dots-1367	
symbol	⡦	Braille Pattern Dots-2367	
symbol	⡧	Braille Pattern Dots-12367	
symbol	⡨	Braille Pattern Dots-467	
symbol	⡩	Braille Pattern Dots-1467	
symbol	⡪	Braille Pattern Dots-2467	
symbol	⡫	Braille Pattern Dots-12467	
symbol	⡬	Braille Pattern Dots-3467	
symbol	⡭	Braille Pattern Dots-13467	
symbol	⡮	Braille Pattern Dots-23467	
symbol	⡯	Braille Pattern Dots-123467	
symbol	⡰	Braille Pattern Dots-567	
symbol	⡱	Braille Pattern Dots-1567	
symbol	⡲	Braille Pattern Dots-2567	
symbol	⡳	Braille Pattern Dots-12567	
symbol	⡴	Braille Pattern Dots-3567	
symbol	⡵	Braille Pattern Dots-13567	
symbol	⡶	Braille Pattern Dots-23567	
symbol	⡷	Braille Pattern Dots-123567	
symbol	⡸	Braille Pattern Dots-4567	
symbol	⡹	Braille Pattern Dots-14567	
symbol	⡺	Braille Pattern Dots-24567	
symbol	⡻	Braille Pattern Dots-124567	
symbol	⡼	Braille Pattern Dots-34567	
symbol	⡽	Braille Pattern Dots-134567	
symbol	⡾	Braille Pattern Dots-234567	
symbol	⡿	Braille Pattern Dots-1234567	
symbol	⢀	Braille Pattern Dots-8	
symbol	⢁	Braille Pattern Dots-18	
symbol	⢂	Braille Pattern Dots-28	
symbol	⢃	Braille Pattern Dots-128	
symbol	⢄	Braille Pattern Dots-38	
symbol	⢅	Braille Pattern Dots-138	
symbol	⢆	Braille Pattern Dots-238	
symbol	⢇	Braille Pattern Dots-1238	
symbol	⢈	Braille Pattern Dots-48	
symbol	⢉	Braille Pattern Dots-148	
symbol	⢊	Braille Pattern Dots-248	
symbol	⢋	Braille Pattern Dots-1248	
symbol	⢌	Braille Pattern Dots-348	
symbol	⢍	Braille Pattern Dots-1348	
symbol	⢎	Braille Pattern Dots-2348	
symbol	⢏	Braille Pattern Dots-12348	
symbol	⢐	Braille Pattern Dots-58	
symbol	⢑	Braille Pattern Dots-158	
symbol	⢒	Braille Pattern Dots-258	
symbol	⢓	Braille Pattern Dots-1258	
symbol	⢔	Braille Pattern Dots-358	
symbol	⢕	Braille Pattern Dots-1358	
symbol	⢖	Braille Pattern Dots-2358	
symbol	⢗	Braille Pattern Dots-12358	
symbol	⢘	Braille Pattern Dots-458	
symbol	⢙	Braille Pattern Dots-1458	
symbol	⢚	Braille Pattern Dots-2458	
symbol	⢛	Braille Pattern Dots-12458	
symbol	⢜	Braille Pattern Dots-3458	
symbol	⢝	Braille Pattern Dots-13458	
symbol	⢞	Braille Pattern Dots-23458	
symbol	⢟	Braille Pattern Dots-123458	
symbol	⢠	Braille Pattern Dots-68	
symbol	⢡	Braille Pattern Dots-168	
symbol	⢢	Braille Pattern Dots-268	
symbol	⢣	Braille Pattern Dots-1268	
symbol	⢤	Braille Pattern Dots-368	
symbol	⢥	Braille Pattern Dots-1368	
symbol	⢦	Braille Pattern Dots-2368	
symbol	⢧	Braille Pattern Dots-12368	
symbol	⢨	Braille Pattern Dots-468	
symbol	⢩	Braille Pattern Dots-1468	
symbol	⢪	Braille Pattern Dots-2468	
symbol	⢫	Braille Pattern Dots-12468	
symbol	⢬	Braille Pattern Dots-3468	
symbol	⢭	Braille Pattern Dots-13468	
symbol	⢮	Braille Pattern Dots-23468	
symbol	⢯	Braille Pattern Dots-123468	
symbol	⢰	Braille Pattern Dots-568	
symbol	⢱	Braille Pattern Dots-1568	
symbol	⢲	Braille Pattern Dots-2568	
symbol	⢳	Braille Pattern Dots-12568	
symbol	⢴	Braille Pattern Dots-3568	
symbol	⢵	Braille Pattern Dots-13568	
symbol	⢶	Braille Pattern Dots-23568	
symbol	⢷	Braille Pattern Dots-123568	
symbol	⢸	Braille Pattern Dots-4568	
symbol	⢹	Braille Pattern Dots-14568	
symbol	⢺	Braille Pattern Dots-24568	
symbol	⢻	Braille Pattern Dots-124568	
symbol	⢼	Braille Pattern Dots-34568	
symbol	⢽	Braille Pattern Dots-134568	
symbol	⢾	Braille Pattern Dots-234568	
symbol	⢿	Braille Pattern Dots-1234568	
symbol	⣀	Braille Pattern Dots-78	
symbol	⣁	Braille Pattern Dots-178	
symbol	⣂	Braille Pattern Dots-278	
symbol	⣃	Braille Pattern Dots-1278	
symbol	⣄	Braille Pattern Dots-378	
symbol	⣅	Braille Pattern Dots-1378	
symbol	⣆	Braille Pattern Dots-2378	
symbol	⣇	Braille Pattern Dots-12378	
symbol	⣈	Braille Pattern Dots-478	
symbol	⣉	Braille Pattern Dots-1478	
symbol	⣊	Braille Pattern Dots-2478	
symbol	⣋	Braille Pattern Dots-12478	
symbol	⣌	Braille Pattern Dots-3478	
symbol	⣍	Braille Pattern Dots-13478	
symbol	⣎	Braille Pattern Dots-23478	
symbol	⣏	Braille Pattern Dots-123478	
symbol	⣐	Braille Pattern Dots-578	
symbol	⣑	Braille Pattern Dots-1578	
symbol	⣒	Braille Pattern Dots-2578	
symbol	⣓	Braille Pattern Dots-12578	
symbol	⣔	Braille Pattern Dots-3578	
symbol	⣕	Braille Pattern Dots-13578	
symbol	⣖	Braille Pattern Dots-23578	
symbol	⣗	Braille Pattern Dots-123578	
symbol	⣘	Braille Pattern Dots-4578	
symbol	⣙	Braille Pattern Dots-14578	
symbol	⣚	Braille Pattern Dots-24578	
symbol	⣛	Braille Pattern Dots-124578	
symbol	⣜	Braille Pattern Dots-34578	
symbol	⣝	Braille Pattern Dots-134578	
symbol	⣞	Braille Pattern Dots-234578	
symbol	⣟	Braille Pattern Dots-1234578	
symbol	⣠	Braille Pattern Dots-678	
symbol	⣡	Braille Pattern Dots-1678	
symbol	⣢	Braille Pattern Dots-2678	
symbol	⣣	Braille Pattern Dots-12678	
symbol	⣤	Braille Pattern Dots-3678	
symbol	⣥	Braille Pattern Dots-13678	
symbol	⣦	Braille Pattern Dots-23678	
symbol	⣧	Braille Pattern Dots-123678	
symbol	⣨	Braille Pattern Dots-4678	
symbol	⣩	Braille Pattern Dots-14678	
symbol	⣪	Braille Pattern Dots-24678	
symbol	⣫	Braille Pattern Dots-124678	
symbol	⣬	Braille Pattern Dots-34678	
symbol	⣭	Braille Pattern Dots-134678	
symbol	⣮	Braille Pattern Dots-234678	
symbol	⣯	Braille Pattern Dots-1234678	
symbol	⣰	Braille Pattern Dots-5678	
symbol	⣱	Braille Pattern Dots-15678	
symbol	⣲	Braille Pattern Dots-25678	
symbol	⣳	Braille Pattern Dots-125678	
symbol	⣴	Braille Pattern Dots-35678	
symbol	⣵	Braille Pattern Dots-135678	
symbol	⣶	Braille Pattern Dots-235678	
symbol	⣷	Braille Pattern Dots-1235678	
symbol	⣸	Braille Pattern Dots-45678	
symbol	⣹	Braille Pattern Dots-145678	
symbol	⣺	Braille Pattern Dots-245678	
symbol	⣻	Braille Pattern Dots-1245678	
symbol	⣼	Braille Pattern Dots-345678	
symbol	⣽	Braille Pattern Dots-1345678	
symbol	⣾	Braille Pattern Dots-2345678	
symbol	⣿	Braille Pattern Dots-12345678	
symbol	𝄀	Musical Symbol Single Barline	
symbol	𝄁	Musical Symbol Double Barline	
symbol	𝄂	Musical Symbol Final Barline	
symbol	𝄃	Musical Symbol Reverse Final Barline	
symbol	𝄄	Musical Symbol Dashed Barline	
symbol	𝄅	Musical Symbol Short Barline	
symbol	𝄆	Musical Symbol Left Repeat Sign	
symbol	𝄇	Musical Symbol Right Repeat Sign	
symbol	𝄈	Musical Symbol Repeat Dots	
symbol	𝄉	Musical Symbol Dal Segno	
symbol	𝄊	Musical Symbol Da Capo	
symbol	𝄋	Musical Symbol Segno	
symbol	𝄌	Musical Symbol Coda	
symbol	𝄍	Musical Symbol Repeated Figure-1	
symbol	𝄎	Musical Symbol Repeated Figure-2	
symbol	𝄏	Musical Symbol Repeated Figure-3	
symbol	𝄐	Musical Symbol Fermata	
symbol	𝄑	Musical Symbol Fermata Below	
symbol	𝄒	Musical Symbol Breath Mark	
symbol	𝄓	Musical Symbol Caesura	
symbol	𝄔	Musical Symbol Brace	
symbol	𝄕	Musical Symbol Bracket	
symbol	𝄖	Musical Symbol One-Line Staff	
symbol	𝄗	Musical Symbol Two-Line Staff	
symbol	𝄘	Musical Symbol Three-Line Staff	
symbol	𝄙	Musical Symbol Four-Line Staff	
symbol	𝄚	Musical Symbol Five-Line Staff	
symbol	𝄛	Musical Symbol Six-Line Staff	
symbol	𝄜	Musical Symbol Six-String Fretboard	
symbol	𝄝	Musical Symbol Four-String Fretboard	
symbol	𝄞	Musical Symbol G Clef	
symbol	𝄟	Musical Symbol G Clef Ottava Alta	
symbol	𝄠	Musical Symbol G Clef Ottava Bassa	
symbol	𝄡	Musical Symbol C Clef	
symbol	𝄢	Musical Symbol F Clef	
symbol	𝄣	Musical Symbol F Clef Ottava Alta	
symbol	𝄤	Musical Symbol F Clef Ottava Bassa	
symbol	𝄥	Musical Symbol Drum Clef-1	
symbol	𝄦	Musical Symbol Drum Clef-2	
symbol	𝄧	Musical Symbol Combining Stress	
symbol	𝄨	Musical Symbol Combining Unstress	
symbol	𝄩	Musical Symbol Multiple Measure Rest	
symbol	𝄪	Musical Symbol Double Sharp	
symbol	𝄫	Musical Symbol Double Flat	
symbol	𝄬	Musical Symbol Flat Up	
symbol	𝄭	Musical Symbol Flat Down	
symbol	𝄮	Musical Symbol Natural Up	
symbol	𝄯	Musical Symbol Natural Down	
symbol	𝄰	Musical Symbol Sharp Up	
symbol	𝄱	Musical Symbol Sharp Down	
symbol	𝄲	Musical Symbol Quarter Tone Sharp	
symbol	𝄳	Musical Symbol Quarter Tone Flat	
symbol	𝄴	Musical Symbol Common Time	
symbol	𝄵	Musical Symbol Cut Time	
symbol	𝄶	Musical Symbol Ottava Alta	
symbol	𝄷	Musical Symbol Ottava Bassa	
symbol	𝄸	Musical Symbol Quindicesima Alta	
symbol	𝄹	Musical Symbol Quindicesima Bassa	
symbol	𝄺	Musical Symbol Multi Rest	
symbol	𝄻	Musical Symbol Whole Rest	
symbol	𝄼	Musical Symbol Half Rest	
symbol	𝄽	Musical Symbol Quarter Rest	
symbol	𝄾	Musical Symbol Eighth Rest	
symbol	𝄿	Musical Symbol Sixteenth Rest	
symbol	𝅀	Musical Symbol Thirty-Second Rest	
symbol	𝅁	Musical Symbol Sixty-Fourth Rest	
symbol	𝅂	Musical Symbol One Hundred Twenty-Eighth Rest	
symbol	𝅃	Musical Symbol X Notehead	
symbol	𝅄	Musical Symbol Plus Notehead	
symbol	𝅅	Musical Symbol Circle X Notehead	
symbol	𝅆	Musical Symbol Square Notehead White	
symbol	𝅇	Musical Symbol Square Notehead Black	
symbol	𝅈	Musical Symbol Triangle Notehead Up White	
symbol	𝅉	Musical Symbol Triangle Notehead Up Black	
symbol	𝅊	Musical Symbol Triangle Notehead Left White	
symbol	𝅋	Musical Symbol Triangle Notehead Left Black	
symbol	𝅌	Musical Symbol Triangle Notehead Right White	
symbol	𝅍	Musical Symbol Triangle Notehead Right Black	
symbol	𝅎	Musical Symbol Triangle Notehead Down White	
symbol	𝅏	Musical Symbol Triangle Notehead Down Black	
symbol	𝅐	Musical Symbol Triangle Notehead Up Right White	
symbol	𝅑	Musical Symbol Triangle Notehead Up Right Black	
symbol	𝅒	Musical Symbol Moon Notehead White	
symbol	𝅓	Musical Symbol Moon Notehead Black	
symbol	𝅔	Musical Symbol Triangle-Round Notehead Down White	
symbol	𝅕	Musical Symbol Triangle-Round Notehead Down Black	
symbol	𝅖	Musical Symbol Parenthesis Notehead	
symbol	𝅗	Musical Symbol Void Notehead	
symbol	𝅘	Musical Symbol Notehead Black	
symbol	𝅙	Musical Symbol Null Notehead	
symbol	𝅚	Musical Symbol Cluster Notehead White	
symbol	𝅛	Musical Symbol Cluster Notehead Black	
symbol	𝅜	Musical Symbol Breve	
symbol	𝅝	Musical Symbol Whole Note	
symbol	𝅗𝅥	Musical Symbol Half Note	
symbol	𝅘𝅥	Musical Symbol Quarter Note	
symbol	𝅘𝅥𝅮	Musical Symbol Eighth Note	
symbol	𝅘𝅥𝅯	Musical Symbol Sixteenth Note	
symbol	𝅘𝅥𝅰	Musical Symbol Thirty-Second Note	
symbol	𝅘𝅥𝅱	Musical Symbol Sixty-Fourth Note	
symbol	𝅘𝅥𝅲	Musical Symbol One Hundred Twenty-Eighth Note	
symbol	𝅥	Musical Symbol Combining Stem	
symbol	𝅦	Musical Symbol Combining Sprechgesang Stem	
symbol	𝅧	Musical Symbol Combining Tremolo-1	
symbol	𝅨	Musical Symbol Combining Tremolo-2	
symbol	𝅩	Musical Symbol Combining Tremolo-3	
symbol	𝅪	Musical Symbol Fingered Tremolo-1	
symbol	𝅫	Musical Symbol Fingered Tremolo-2	
symbol	𝅬	Musical Symbol Fingered Tremolo-3	
symbol	𝅭	Musical Symbol Combining Augmentation Dot	
symbol	𝅮	Musical Symbol Combining Flag-1	
symbol	𝅯	Musical Symbol Combining Flag-2	
symbol	𝅰	Musical Symbol Combining Flag-3	
symbol	𝅱	Musical Symbol Combining Flag-4	
symbol	𝅲	Musical Symbol Combining Flag-5	
symbol	𝅳	Musical Symbol Begin Beam	
symbol	𝅴	Musical Symbol End Beam	
symbol	𝅵	Musical Symbol Begin Tie	
symbol	𝅶	Musical Symbol End Tie	
symbol	𝅷	Musical Symbol Begin Slur	
symbol	𝅸	Musical Symbol End Slur	
symbol	𝅹	Musical Symbol Begin Phrase	
symbol	𝅺	Musical Symbol End Phrase	
symbol	𝅻	Musical Symbol Combining Accent	
symbol	𝅼	Musical Symbol Combining Staccato	
symbol	𝅽	Musical Symbol Combining Tenuto	
symbol	𝅾	Musical Symbol Combining Staccatissimo	
symbol	𝅿	Musical Symbol Combining Marcato	
symbol	𝆀	Musical Symbol Combining Marcato-Staccato	
symbol	𝆁	Musical Symbol Combining Accent-Staccato	
symbol	𝆂	Musical Symbol Combining Loure	
symbol	𝆃	Musical Symbol Arpeggiato Up	
symbol	𝆄	Musical Symbol Arpeggiato Down	
symbol	𝆅	Musical Symbol Combining Doit	
symbol	𝆆	Musical Symbol Combining Rip	
symbol	𝆇	Musical Symbol Combining Flip	
symbol	𝆈	Musical Symbol Combining Smear	
symbol	𝆉	Musical Symbol Combining Bend	
symbol	𝆊	Musical Symbol Combining Double Tongue	
symbol	𝆋	Musical Symbol Combining Triple Tongue	
symbol	𝆌	Musical Symbol Rinforzando	
symbol	𝆍	Musical Symbol Subito	
symbol	𝆎	Musical Symbol Z	
symbol	𝆏	Musical Symbol Piano	
symbol	𝆐	Musical Symbol Mezzo	
symbol	𝆑	Musical Symbol Forte	
symbol	𝆒	Musical Symbol Crescendo	
symbol	𝆓	Musical Symbol Decrescendo	
symbol	𝆔	Musical Symbol Grace Note Slash	
symbol	𝆕	Musical Symbol Grace Note No Slash	
symbol	𝆖	Musical Symbol Tr	
symbol	𝆗	Musical Symbol Turn	
symbol	𝆘	Musical Symbol Inverted Turn	
symbol	𝆙	Musical Symbol Turn Slash	
symbol	𝆚	Musical Symbol Turn Up	
symbol	𝆛	Musical Symbol Ornament Stroke-1	
symbol	𝆜	Musical Symbol Ornament Stroke-2	
symbol	𝆝	Musical Symbol Ornament Stroke-3	
symbol	𝆞	Musical Symbol Ornament Stroke-4	
symbol	𝆟	Musical Symbol Ornament Stroke-5	
symbol	𝆠	Musical Symbol Ornament Stroke-6	
symbol	𝆡	Musical Symbol Ornament Stroke-7	
symbol	𝆢	Musical Symbol Ornament Stroke-8	
symbol	𝆣	Musical Symbol Ornament Stroke-9	
symbol	𝆤	Musical Symbol Ornament Stroke-10	
symbol	𝆥	Musical Symbol Ornament Stroke-11	
symbol	𝆦	Musical Symbol Hauptstimme	
symbol	𝆧	Musical Symbol Nebenstimme	
symbol	𝆨	Musical Symbol End Of Stimme	
symbol	𝆩	Musical Symbol Degree Slash	
symbol	𝆪	Musical Symbol Combining Down Bow	
symbol	𝆫	Musical Symbol Combining Up Bow	
symbol	𝆬	Musical Symbol Combining Harmonic	
symbol	𝆭	Musical Symbol Combining Snap Pizzicato	
symbol	𝆮	Musical Symbol Pedal Mark	
symbol	𝆯	Musical Symbol Pedal Up Mark	
symbol	𝆰	Musical Symbol Half Pedal Mark	
symbol	𝆱	Musical Symbol Glissando Up	
symbol	𝆲	Musical Symbol Glissando Down	
symbol	𝆳	Musical Symbol With Fingernails	
symbol	𝆴	Musical Symbol Damp	
symbol	𝆵	Musical Symbol Damp All	
symbol	𝆶	Musical Symbol Maxima	
symbol	𝆷	Musical Symbol Longa	
symbol	𝆸	Musical Symbol Brevis	
symbol	𝆹	Musical Symbol Semibrevis White	
symbol	𝆺	Musical Symbol Semibrevis Black	
symbol	𝆹𝅥	Musical Symbol Minima	
symbol	𝆺𝅥	Musical Symbol Minima Black	
symbol	𝆹𝅥𝅮	Musical Symbol Semiminima White	
symbol	𝆺𝅥𝅮	Musical Symbol Semiminima Black	
symbol	𝆹𝅥𝅯	Musical Symbol Fusa White	
symbol	𝆺𝅥𝅯	Musical Symbol Fusa Black	
symbol	𝇁	Musical Symbol Longa Perfecta Rest	
symbol	𝇂	Musical Symbol Longa Imperfecta Rest	
symbol	𝇃	Musical Symbol Brevis Rest	
symbol	𝇄	Musical Symbol Semibrevis Rest	
symbol	𝇅	Musical Symbol Minima Rest	
symbol	𝇆	Musical Symbol Semiminima Rest	
symbol	𝇇	Musical Symbol Tempus Perfectum Cum Prolatione Perfecta	
symbol	𝇈	Musical Symbol Tempus Perfectum Cum Prolatione Imperfecta	
symbol	𝇉	Musical Symbol Tempus Perfectum Cum Prolatione Perfecta Diminution-1	
symbol	𝇊	Musical Symbol Tempus Imperfectum Cum Prolatione Perfecta	
symbol	𝇋	Musical Symbol Tempus Imperfectum Cum Prolatione Imperfecta	
symbol	𝇌	Musical Symbol Tempus Imperfectum Cum Prolatione Imperfecta Diminution-1	
symbol	𝇍	Musical Symbol Tempus Imperfectum Cum Prolatione Imperfecta Diminution-2	
symbol	𝇎	Musical Symbol Tempus Imperfectum Cum Prolatione Imperfecta Diminution-3	
symbol	𝇏	Musical Symbol Croix	
symbol	𝇐	Musical Symbol Gregorian C Clef	
symbol	𝇑	Musical Symbol Gregorian F Clef	
symbol	𝇒	Musical Symbol Square B	
symbol	𝇓	Musical Symbol Virga	
symbol	𝇔	Musical Symbol Podatus	
symbol	𝇕	Musical Symbol Clivis	
symbol	𝇖	Musical Symbol Scandicus	
symbol	𝇗	Musical Symbol Climacus	
symbol	𝇘	Musical Symbol Torculus	
symbol	𝇙	Musical Symbol Porrectus	
symbol	𝇚	Musical Symbol Porrectus Flexus	
symbol	𝇛	Musical Symbol Scandicus Flexus	
symbol	𝇜	Musical Symbol Torculus Resupinus	
symbol	𝇝	Musical Symbol Pes Subpunctis	
symbol	𝇞	Musical Symbol Kievan C Clef	
symbol	𝇟	Musical Symbol Kievan End Of Piece	
symbol	𝇠	Musical Symbol Kievan Final Note	
symbol	𝇡	Musical Symbol Kievan Recitative Mark	
symbol	𝇢	Musical Symbol Kievan Whole Note	
symbol	𝇣	Musical Symbol Kievan Half Note	
symbol	𝇤	Musical Symbol Kievan Quarter Note Stem Down	
symbol	𝇥	Musical Symbol Kievan Quarter Note Stem Up	
symbol	𝇦	Musical Symbol Kievan Eighth Note Stem Down	
symbol	𝇧	Musical Symbol Kievan Eighth Note Stem Up	
symbol	𝇨	Musical Symbol Kievan Flat Sign	
symbol	𝇩	Musical Symbol Sori	
symbol	𝇪	Musical Symbol Koron	
symbol	𝇫	Musical Symbol Half Sharp	
symbol	𝇬	Musical Symbol One And A Half Sharp	
symbol	𝇭	Musical Symbol Reversed Flat	
symbol	𝇮	Musical Symbol Reversed Flat And Flat	
symbol	𝇯	Musical Symbol Half Sharp Up	
symbol	𝇰	Musical Symbol Half Sharp Down	
symbol	𝇱	Musical Symbol One And A Half Sharp Up	
symbol	𝇲	Musical Symbol One And A Half Sharp Down	
symbol	𝇳	Musical Symbol Reversed Flat Up	
symbol	𝇴	Musical Symbol Reversed Flat Down	
symbol	𝇵	Musical Symbol Reversed Flat And Flat Up	
symbol	𝇶	Musical Symbol Reversed Flat And Flat Down	
symbol	𝇷	Musical Symbol Digit Two With Stroke	
symbol	𝇸	Musical Symbol Digit Four With Stroke	
symbol	𝇹	Musical Symbol Digit Five With Stroke	
symbol	𝇺	Musical Symbol Digit Six With Stroke	
symbol	𝇻	Musical Symbol Digit Seven With Stroke	
symbol	𝇼	Musical Symbol Digit Nine With Stroke	
symbol	𝇽	Musical Symbol Digit Five With Low Stroke	
symbol	𝇾	Musical Symbol Digit Seven With Low Stroke	
symbol	𝇿	Musical Symbol Longa Rest	
symbol	🂠	Playing Card Back	
symbol	🂡	Playing Card Ace Of Spades	
symbol	🂢	Playing Card Two Of Spades	
symbol	🂣	Playing Card Three Of Spades	
symbol	🂤	Playing Card Four Of Spades	
symbol	🂥	Playing Card Five Of Spades	
symbol	🂦	Playing Card Six Of Spades	
symbol	🂧	Playing Card Seven Of Spades	
symbol	🂨	Playing Card Eight Of Spades	
symbol	🂩	Playing Card Nine Of Spades	
symbol	🂪	Playing Card Ten Of Spades	
symbol	🂫	Playing Card Jack Of Spades	
symbol	🂬	Playing Card Knight Of Spades	
symbol	🂭	Playing Card Queen Of Spades	
symbol	🂮	Playing Card King Of Spades	
symbol	🂱	Playing Card Ace Of Hearts	
symbol	🂲	Playing Card Two Of Hearts	
symbol	🂳	Playing Card Three Of Hearts	
symbol	🂴	Playing Card Four Of Hearts	
symbol	🂵	Playing Card Five Of Hearts	
symbol	🂶	Playing Card Six Of Hearts	
symbol	🂷	Playing Card Seven Of Hearts	
symbol	🂸	Playing Card Eight Of Hearts	
symbol	🂹	Playing Card Nine Of Hearts	
symbol	🂺	Playing Card Ten Of Hearts	
symbol	🂻	Playing Card Jack Of Hearts	
symbol	🂼	Playing Card Knight Of Hearts	
symbol	🂽	Playing Card Queen Of Hearts	
symbol	🂾	Playing Card King Of Hearts	
symbol	🂿	Playing Card Red Joker	
symbol	🃁	Playing Card Ace Of Diamonds	
symbol	🃂	Playing Card Two Of Diamonds	
symbol	🃃	Playing Card Three Of Diamonds	
symbol	🃄	Playing Card Four Of Diamonds	
symbol	🃅	Playing Card Five Of Diamonds	
symbol	🃆	Playing Card Six Of Diamonds	
symbol	🃇	Playing Card Seven Of Diamonds	
symbol	🃈	Playing Card Eight Of Diamonds	
symbol	🃉	Playing Card Nine Of Diamonds	
symbol	🃊	Playing Card Ten Of Diamonds	
symbol	🃋	Playing Card Jack Of Diamonds	
symbol	🃌	Playing Card Knight Of Diamonds	
symbol	🃍	Playing Card Queen Of Diamonds	
symbol	🃎	Playing Card King Of Diamonds	
symbol	🃏	Playing Card Black Joker	
symbol	🃑	Playing Card Ace Of Clubs	
symbol	🃒	Playing Card Two Of Clubs	
symbol	🃓	Playing Card Three Of Clubs	
symbol	🃔	Playing Card Four Of Clubs	
symbol	🃕	Playing Card Five Of Clubs	
symbol	🃖	Playing Card Six Of Clubs	
symbol	🃗	Playing Card Seven Of Clubs	
symbol	🃘	Playing Card Eight Of Clubs	
symbol	🃙	Playing Card Nine Of Clubs	
symbol	🃚	Playing Card Ten Of Clubs	
symbol	🃛	Playing Card Jack Of Clubs	
symbol	🃜	Playing Card Knight Of Clubs	
symbol	🃝	Playing Card Queen Of Clubs	
symbol	🃞	Playing Card King Of Clubs	
symbol	🃟	Playing Card White Joker	
symbol	🃠	Playing Card Fool	
symbol	🃡	Playing Card Trump-1	
symbol	🃢	Playing Card Trump-2	
symbol	🃣	Playing Card Trump-3	
symbol	🃤	Playing Card Trump-4	
symbol	🃥	Playing Card Trump-5	
symbol	🃦	Playing Card Trump-6	
symbol	🃧	Playing Card Trump-7	
symbol	🃨	Playing Card Trump-8	
symbol	🃩	Playing Card Trump-9	
symbol	🃪	Playing Card Trump-10	
symbol	🃫	Playing Card Trump-11	
symbol	🃬	Playing Card Trump-12	
symbol	🃭	Playing Card Trump-13	
symbol	🃮	Playing Card Trump-14	
symbol	🃯	Playing Card Trump-15	
symbol	🃰	Playing Card Trump-16	
symbol	🃱	Playing Card Trump-17	
symbol	🃲	Playing Card Trump-18	
symbol	🃳	Playing Card Trump-19	
symbol	🃴	Playing Card Trump-20	
symbol	🃵	Playing Card Trump-21	
symbol	🨀	Neutral Chess King	
symbol	🨁	Neutral Chess Queen	
symbol	🨂	Neutral Chess Rook	
symbol	🨃	Neutral Chess Bishop	
symbol	🨄	Neutral Chess Knight	
symbol	🨅	Neutral Chess Pawn	
symbol	🨆	White Chess Knight Rotated Forty-Five Degrees	
symbol	🨇	Black Chess Knight Rotated Forty-Five Degrees	
symbol	🨈	Neutral Chess Knight Rotated Forty-Five Degrees	
symbol	🨉	White Chess King Rotated Ninety Degrees	
symbol	🨊	White Chess Queen Rotated Ninety Degrees	
symbol	🨋	White Chess Rook Rotated Ninety Degrees	
symbol	🨌	White Chess Bishop Rotated Ninety Degrees	
symbol	🨍	White Chess Knight Rotated Ninety Degrees	
symbol	🨎	White Chess Pawn Rotated Ninety Degrees	
symbol	🨏	Black Chess King Rotated Ninety Degrees	
symbol	🨐	Black Chess Queen Rotated Ninety Degrees	
symbol	🨑	Black Chess Rook Rotated Ninety Degrees	
symbol	🨒	Black Chess Bishop Rotated Ninety Degrees	
symbol	🨓	Black Chess Knight Rotated Ninety Degrees	
symbol	🨔	Black Chess Pawn Rotated Ninety Degrees	
symbol	🨕	Neutral Chess King Rotated Ninety Degrees	
symbol	🨖	Neutral Chess Queen Rotated Ninety Degrees	
symbol	🨗	Neutral Chess Rook Rotated Ninety Degrees	
symbol	🨘	Neutral Chess Bishop Rotated Ninety Degrees	
symbol	🨙	Neutral Chess Knight Rotated Ninety Degrees	
symbol	🨚	Neutral Chess Pawn Rotated Ninety Degrees	
symbol	🨛	White Chess Knight Rotated One Hundred Thirty-Five Degrees	
symbol	🨜	Black Chess Knight Rotated One Hundred Thirty-Five Degrees	
symbol	🨝	Neutral Chess Knight Rotated One Hundred Thirty-Five Degrees	
symbol	🨞	White Chess Turned King	
symbol	🨟	White Chess Turned Queen	
symbol	🨠	White Chess Turned Rook	
symbol	🨡	White Chess Turned Bishop	
symbol	🨢	White Chess Turned Knight	
symbol	🨣	White Chess Turned Pawn	
symbol	🨤	Black Chess Turned King	
symbol	🨥	Black Chess Turned Queen	
symbol	🨦	Black Chess Turned Rook	
symbol	🨧	Black Chess Turned Bishop	
symbol	🨨	Black Chess Turned Knight	
symbol	🨩	Black Chess Turned Pawn	
symbol	🨪	Neutral Chess Turned King	
symbol	🨫	Neutral Chess Turned Queen	
symbol	🨬	Neutral Chess Turned Rook	
symbol	🨭	Neutral Chess Turned Bishop	
symbol	🨮	Neutral Chess Turned Knight	
symbol	🨯	Neutral Chess Turned Pawn	
symbol	🨰	White Chess Knight Rotated Two Hundred Twenty-Five Degrees	
symbol	🨱	Black Chess Knight Rotated Two Hundred Twenty-Five Degrees	
symbol	🨲	Neutral Chess Knight Rotated Two Hundred Twenty-Five Degrees	
symbol	🨳	White Chess King Rotated Two Hundred Seventy Degrees	
symbol	🨴	White Chess Queen Rotated Two Hundred Seventy Degrees	
symbol	🨵	White Chess Rook Rotated Two Hundred Seventy Degrees	
symbol	🨶	White Chess Bishop Rotated Two Hundred Seventy Degrees	
symbol	🨷	White Chess Knight Rotated Two Hundred Seventy Degrees	
symbol	🨸	White Chess Pawn Rotated Two Hundred Seventy Degrees	
symbol	🨹	Black Chess King Rotated Two Hundred Seventy Degrees	
symbol	🨺	Black Chess Queen Rotated Two Hundred Seventy Degrees	
symbol	🨻	Black Chess Rook Rotated Two Hundred Seventy Degrees	
symbol	🨼	Black Chess Bishop Rotated Two Hundred Seventy Degrees	
symbol	🨽	Black Chess Knight Rotated Two Hundred Seventy Degrees	
symbol	🨾	Black Chess Pawn Rotated Two Hundred Seventy Degrees	
symbol	🨿	Neutral Chess King Rotated Two Hundred Seventy Degrees	
symbol	🩀	Neutral Chess Queen Rotated Two Hundred Seventy Degrees	
symbol	🩁	Neutral Chess Rook Rotated Two Hundred Seventy Degrees	
symbol	🩂	Neutral Chess Bishop Rotated Two Hundred Seventy Degrees	
symbol	🩃	Neutral Chess Knight Rotated Two Hundred Seventy Degrees	
symbol	🩄	Neutral Chess Pawn Rotated Two Hundred Seventy Degrees	
symbol	🩅	White Chess Knight Rotated Three Hundred Fifteen Degrees	
symbol	🩆	Black Chess Knight Rotated Three Hundred Fifteen Degrees	
symbol	🩇	Neutral Chess Knight Rotated Three Hundred Fifteen Degrees	
symbol	🩈	White Chess Equihopper	
symbol	🩉	Black Chess Equihopper	
symbol	🩊	Neutral Chess Equihopper	
symbol	🩋	White Chess Equihopper Rotated Ninety Degrees	
symbol	🩌	Black Chess Equihopper Rotated Ninety Degrees	
symbol	🩍	Neutral Chess Equihopper Rotated Ninety Degrees	
symbol	🩎	White Chess Knight-Queen	
symbol	🩏	White Chess Knight-Rook	
symbol	🩐	White Chess Knight-Bishop	
symbol	🩑	Black Chess Knight-Queen	
symbol	🩒	Black Chess Knight-Rook	
symbol	🩓	Black Chess Knight-Bishop	
symbol	🩔	White Chess Ferz	
symbol	🩕	White Chess Alfil	
symbol	🩖	Black Chess Ferz	
symbol	🩗	Black Chess Alfil	
symbol	🩠	Xiangqi Red General	
symbol	🩡	Xiangqi Red Mandarin	
symbol	🩢	Xiangqi Red Elephant	
symbol	🩣	Xiangqi Red Horse	
symbol	🩤	Xiangqi Red Chariot	
symbol	🩥	Xiangqi Red Cannon	
symbol	🩦	Xiangqi Red Soldier	
symbol	🩧	Xiangqi Black General	
symbol	🩨	Xiangqi Black Mandarin	
symbol	🩩	Xiangqi Black Elephant	
symbol	🩪	Xiangqi Black Horse	
symbol	🩫	Xiangqi Black Chariot	
symbol	🩬	Xiangqi Black Cannon	
symbol	🩭	Xiangqi Black Soldier	
kaomoji	(✯◡✯)	goofy	emotions, joy
kaomoji	(◕‿◕)	goofy	emotions, cute, joy
kaomoji	(*≧ω≦*)	goofy	emotions, joy
kaomoji	(☆▽☆)	goofy	emotions, joy, smile
kaomoji	(⌒‿⌒)	goofy	emotions, joy
kaomoji	＼(≧▽≦)／	goofy	emotions, joy
kaomoji	(* ^ ω ^)	goofy	emotions, cute, joy
kaomoji	(´ ∀ ` *)	goofy	emotions, cute, joy
kaomoji	٩(◕‿◕｡)۶	goofy	emotions, cute, joy
kaomoji	☆*:.｡.o(≧▽≦)o.｡.:*☆	goofy	emotions, cute, joy
kaomoji	(o^▽^o)	goofy	emotions, cute, joy
kaomoji	(⌒▽⌒)☆	goofy	emotions, cute, joy
kaomoji	。.:☆*:･'(*⌒―⌒*)))	goofy	emotions, cute, joy
kaomoji	ヽ(・∀・)ﾉ	goofy	emotions, cute, joy
kaomoji	(´｡• ω •｡`)	goofy	emotions, cute, joy
kaomoji	(￣ω￣)	goofy	emotions, cute, joy, proud
kaomoji	｀;:゛;｀;･(°ε° )	goofy	emotions, cute, joy
kaomoji	(o･ω･o)	goofy	emotions, cute, joy
kaomoji	(((o(*°▽°*)o)))	goofy	emotions, joy
kaomoji	(≧◡≦)	goofy	emotions, joy
kaomoji	(o´∀`o)	goofy	emotions, joy
kaomoji	(´• ω •`)	goofy	emotions, joy
kaomoji	(＾▽＾)	goofy	emotions, happy, joy
kaomoji	(⌒ω⌒)	goofy	emotions, joy
kaomoji	∑d(°∀°d)	goofy	emotions, joy
kaomoji	╰(▔∀▔)╯	goofy	emotions, joy
kaomoji	(─‿‿─)	goofy	emotions, cute, joy
kaomoji	(*^‿^*)	goofy	emotions, joy
kaomoji	ヽ(o^ ^o)ﾉ	goofy	emotions, joy
kaomoji	(＠＾◡＾)	goofy	emotions, cute, joy
kaomoji	ヽ(*・ω・)ﾉ	goofy	emotions, cute, joy
kaomoji	(o_ _)ﾉ彡☆	goofy	emotions, cute, joy
kaomoji	(^人^)	goofy	emotions, cute, joy, thank you, beg, praying, praying hands, actions
kaomoji	(o´▽`o)	goofy	emotions, cute, joy
kaomoji	(*´▽`*)	goofy	emotions, cute, joy
kaomoji	｡ﾟ( ﾟ^∀^ﾟ)ﾟ｡	goofy	emotions, cute, joy
kaomoji	( ´ ω ` )	goofy	emotions, cute, joy
kaomoji	ヽ(o＾▽＾o)ノ	goofy	emotions, cute, joy
kaomoji	☆ ～('▽^人)	goofy	emotions, cute, joy
kaomoji	(*°▽°*)	goofy	emotions, cute, joy
kaomoji	٩(｡•́‿•̀｡)۶	goofy	emotions, cute, joy
kaomoji	(✧ω✧)	goofy	emotions, cute, joy
kaomoji	ヽ(*⌒▽⌒*)ﾉ	goofy	emotions, cute, joy
kaomoji	(*꒦ິ꒳꒦ີ)	goofy	emotions, cute, joy
kaomoji	°˖✧◝(⁰▿⁰)◜✧˖°	goofy	emotions, cute, joy
kaomoji	＼(￣▽￣)／	goofy	emotions, joy, two hands up, hands up, actions
kaomoji	(*¯︶¯*)	goofy	emotions, joy
kaomoji	＼(＾▽＾)／	goofy	emotions, celebrating, joy
kaomoji	٩(◕‿◕)۶	goofy	emotions, joy
kaomoji	(o˘◡˘o)	goofy	emotions, joy
kaomoji	\(★ω★)/	goofy	emotions
kaomoji	\(^ヮ^)/	goofy	emotions
kaomoji	(〃＾▽＾〃)	goofy	emotions, joy
kaomoji	(╯✧▽✧)╯	goofy	emotions, joy
kaomoji	o(>ω<)o	goofy	emotions, joy
kaomoji	(´･ᴗ･ ` )	goofy	emotions, cute, joy
kaomoji	(ﾉ◕ヮ◕)ﾉ*:･ﾟ✧	goofy	emotions, cute, joy, magic
kaomoji	(„• ֊ •„)	goofy	emotions, joy
kaomoji	(.❛ ᴗ ❛.)	goofy	emotions, joy
kaomoji	(⁀ᗢ⁀)	goofy	emotions, joy
kaomoji	(￢‿￢ )	goofy	emotions, joy, doubt
kaomoji	(¬‿¬ )	goofy	emotions, joy, doubt
kaomoji	(*￣▽￣)b	goofy	emotions, joy
kaomoji	( ˙▿˙ )	goofy	emotions, joy
kaomoji	(¯▿¯)	goofy	emotions, joy
kaomoji	( ◕▿◕ )	goofy	emotions, joy
kaomoji	＼(٥⁀▽⁀ )／	goofy	emotions, joy
kaomoji	(´｡• ᵕ •｡`)	goofy	emotions, joy
kaomoji	( ´ ▽ ` )	goofy	emotions, joy
kaomoji	(￣▽￣)	goofy	emotions, joy
kaomoji	╰(*´︶`*)╯	goofy	emotions, joy
kaomoji	o(≧▽≦)o	goofy	emotions, joy
kaomoji	(☆ω☆)	goofy	emotions, joy
kaomoji	(っ˘ω˘ς )	goofy	emotions, joy
kaomoji	o( ❛ᴗ❛ )o	goofy	emotions, joy
kaomoji	｡ﾟ(TヮT)ﾟ｡	goofy	emotions, happy crying, joy
kaomoji	( ‾́ ◡ ‾́ )	goofy	emotions, joy
kaomoji	(ﾉ´ヮ`)ﾉ*: ･ﾟ	goofy	emotions, joy
kaomoji	(b ᵔ▽ᵔ)b	goofy	emotions, joy
kaomoji	(๑˃ᴗ˂)ﻭ	goofy	emotions, joy
kaomoji	(๑˘︶˘๑)	goofy	emotions, joy
kaomoji	( ˙꒳​˙ )	goofy	emotions, joy
kaomoji	益	angry	emotions, mad
kaomoji	●︿●	angry	emotions, pensive, sad, thinking
kaomoji	ˋ皿ˊ	angry	emotions, mad
kaomoji	ˋ3ˊ	angry	emotions, mad
kaomoji	ಠ_ಠ	angry	emotions, big eyes, bored, funny, mad, meh, stressed, suspicious, feminine, unicode
kaomoji	⋋_⋌	angry	emotions, mad
kaomoji	눈_눈	angry	emotions, mad, pensive, thinking
kaomoji	ಠ⌣ಠ	angry	emotions, big eyes, mad, sad
kaomoji	ಠ▃ಠ	angry	emotions, funny, mad
kaomoji	ಠ╭╮ಠ	angry	emotions, pensive, sad, thinking
kaomoji	ఠ ͟ಠ	angry	emotions, mad
kaomoji	ノಠ_ಠノ	angry	emotions, mad
kaomoji	(¬_¬)	angry	emotions, thinking
kaomoji	(｀ε´)	angry	emotions, evil
kaomoji	(｀Д´)	angry	emotions, cursing
kaomoji	(ಠ⌣ಠ)	angry	emotions, hmm
kaomoji	(◣_◢)	angry	emotions
kaomoji	(¬▂¬)	angry	emotions
kaomoji	(┳◇┳)	angry	emotions, sad
kaomoji	(눈_눈)	angry	emotions, dissatisfaction
kaomoji	(¬､¬)	angry	emotions
kaomoji	(`A´)	angry	emotions
kaomoji	（▽д▽）	angry	emotions
kaomoji	-`д´-	angry	emotions, helpless
kaomoji	(’益’)	angry	emotions
kaomoji	(⋋▂⋌)	angry	emotions
kaomoji	〴⋋_⋌〵	angry	emotions
kaomoji	(◔ д◔)	angry	emotions
kaomoji	☜(`o´)	angry	emotions
kaomoji	(ʘдʘ╬)	angry	emotions
kaomoji	（♯▼皿▼）	angry	emotions, glasses
kaomoji	(#｀皿´)	angry	emotions
kaomoji	(╬ಠ益ಠ)	angry	emotions
kaomoji	(ಠ ∩ಠ)	angry	emotions
kaomoji	ლಠ益ಠ)ლ	angry	emotions
kaomoji	(＃`Д´)	angry	emotions
kaomoji	(`皿´＃)	angry	emotions
kaomoji	( ` ω ´ )	angry	emotions
kaomoji	ヽ( `д´*)ノ	angry	emotions
kaomoji	(・`ω´・)	angry	emotions
kaomoji	(`ー´)	angry	emotions
kaomoji	ヽ(`⌒´メ)ノ	angry	emotions
kaomoji	凸(`△´＃)	angry	emotions
kaomoji	( `ε´ )	angry	emotions
kaomoji	ψ( ` ∇ ´ )ψ	angry	emotions
kaomoji	ヾ(`ヘ´)ﾉﾞ	angry	emotions
kaomoji	ヽ(‵﹏´)ノ	angry	emotions
kaomoji	(ﾒ` ﾛ ´)	angry	emotions
kaomoji	(╬`益´)	angry	emotions
kaomoji	┌∩┐(◣_◢)┌∩┐	angry	emotions
kaomoji	凸( ` ﾛ ´ )凸	angry	emotions
kaomoji	Σ(▼□▼メ)	angry	emotions
kaomoji	(°ㅂ°╬)	angry	emotions
kaomoji	ψ(▼へ▼メ)～→	angry	emotions
kaomoji	(ノ°益°)ノ	angry	emotions
kaomoji	(҂ `з´ )	angry	emotions
kaomoji	(‡▼益▼)	angry	emotions, glasses
kaomoji	(҂` ﾛ ´)凸	angry	emotions
kaomoji	((╬◣﹏◢))	angry	emotions
kaomoji	٩(╬ʘ益ʘ╬)۶	angry	emotions
kaomoji	(╬ Ò﹏Ó)	angry	emotions
kaomoji	＼＼٩(๑`^´๑)۶／／	angry	emotions
kaomoji	(凸ಠ益ಠ)凸	angry	emotions
kaomoji	↑_(ΦwΦ)Ψ	angry	emotions
kaomoji	←~(Ψ▼ｰ▼)∈	angry	emotions
kaomoji	୧((#Φ益Φ#))୨	angry	emotions
kaomoji	٩(ఠ益ఠ)۶	angry	emotions
kaomoji	(ﾉಥ益ಥ)ﾉ	angry	emotions
kaomoji	(≖､≖╬)	angry	emotions
kaomoji	⊙︿⊙	big eyes	emotions, pensive, sad, thinking
kaomoji	චᆽච	big eyes	emotions, unicode, cat, cats, animals
kaomoji	◔_◔	big eyes	emotions, confused, eye roll, funny
kaomoji	◴_◶	big eyes	emotions, eye roll
kaomoji	ఠ_ఠ	big eyes	emotions, confused, funny
kaomoji	ↁ_ↁ	big eyes	emotions, funny
kaomoji	◙‿◙	big eyes	emotions, cute, eyes, funny, happy
kaomoji	◘_◘	big eyes	emotions, funny, gross, weird
kaomoji	(/ω＼)	blushing	emotions, scared, shy
kaomoji	(⺣ﻌ⺣)	blushing	emotions
kaomoji	(〃ω〃)	blushing	emotions, embarrassed, flushed, shy
kaomoji	(〃▽〃)	blushing	emotions, flushed, shy
kaomoji	(´ω｀*)	blushing	emotions, flushed, blush
kaomoji	(‘-’*)	blushing	emotions, shy, blush
kaomoji	(´∀｀•)	blushing	emotions, embarrassed, blush
kaomoji	(ﾉ∀`♥)	blushing	emotions, blush
kaomoji	(/ε＼*)	blushing	emotions, blush
kaomoji	(*^^*)	blushing	emotions, blush
kaomoji	(´Д`)	bored	emotions
kaomoji	(ノД`)	bored	emotions
kaomoji	('A`)	bored	emotions, disappointed, stressed, throwing up, puking, vomitings, vomit, vomiting, actions
kaomoji	(‘A`)	bored	emotions, helpless, sad
kaomoji	(._.)	bored	emotions
kaomoji	(´∵｀)	bored	emotions, depressed
kaomoji	|ω・｀)	bored	emotions, depressed
kaomoji	|ω･`)	bored	emotions, depressed, hiding, hide, hiding you, actions
kaomoji	(-＿-)	bored	emotions, hmm
kaomoji	orz	broken heart	emotions, depressed, disappointed, take a bow, bowing down, orz, bowing, actions, orz me, special
kaomoji	OTZ	broken heart	emotions, depressed, bowing down, bowing, actions
kaomoji	(・◇・；)	caring	emotions
kaomoji	(′;д)/	caring	emotions
kaomoji	(´・ω・｀)	caring	emotions, depressed, disappointed
kaomoji	(´；ω；｀)	caring	emotions, disappointed
kaomoji	ヾ(･ω･｀)	caring	emotions
kaomoji	(●´･艸･)	caring	emotions
kaomoji	(ﾟ∀ﾟ)	celebrating	emotions, excited, haha
kaomoji	(ﾉ^^)ﾉ	celebrating	emotions
kaomoji	( ^^)Y	celebrating	emotions, cheers up, cheers, actions
kaomoji	＼(＾O＾)／	celebrating	emotions
kaomoji	(ノ´∀｀)ノ	celebrating	emotions
kaomoji	〇(＞∀＜)〇	celebrating	emotions
kaomoji	＼(^◇^)／	celebrating	emotions
kaomoji	ヽ(〃∀〃)ﾉ	celebrating	emotions
kaomoji	ヾ(´ー｀)ノ	celebrating	emotions
kaomoji	彡(-L-彡)	cold	emotions
kaomoji	彡(-ω-；)彡	cold	emotions
kaomoji	彡(-_-；)彡	cold	emotions
kaomoji	{{(>∇<)}}	cold	emotions
kaomoji	(((=_=)))	cold	emotions
kaomoji	((ﾟДﾟll))	cold	emotions
kaomoji	{{(>_<)}}	cold	emotions
kaomoji	●.◉	confused	emotions
kaomoji	⊙.☉	confused	emotions, stressed
kaomoji	(・・	confused	emotions
kaomoji	ↂ_ↂ	confused	emotions
kaomoji	(°°)	confused	emotions
kaomoji	(^^ゞ	confused	emotions, nervous, shy, sweating, worried, saluting
kaomoji	(・・)	confused	emotions
kaomoji	(@_@)	confused	emotions
kaomoji	ಠ_ರೃ	confused	emotions, stressed, glasses
kaomoji	℃ↂ_ↂ	confused	emotions
kaomoji	ɾ◉⊆◉ɹ	confused	emotions
kaomoji	(。ヘ°)	confused	emotions
kaomoji	(⊙_☉)	confused	emotions
kaomoji	(＾＾；)	confused	emotions, upset
kaomoji	(☉_☉)	confused	emotions
kaomoji	(♠_♦)	confused	emotions
kaomoji	(ﾟｰﾟ;	confused	emotions
kaomoji	(C_C)	confused	emotions
kaomoji	(⊙_◎)	confused	emotions
kaomoji	(゜-゜)	confused	emotions
kaomoji	(◑○◑)	confused	emotions
kaomoji	(・・；)	confused	emotions, sweating, sweat
kaomoji	⁀⊙﹏☉⁀	confused	emotions
kaomoji	(゜。゜)	confused	emotions
kaomoji	(´エ｀；)	confused	emotions
kaomoji	(‘◇’)	confused	emotions
kaomoji	（・∩・）	confused	emotions
kaomoji	(・∧‐)ゞ	confused	emotions, roger that, salute hand, salute, actions
kaomoji	(⊙＿⊙)	confused	emotions
kaomoji	(◎_◎;)	confused	emotions
kaomoji	(●__●)	confused	emotions
kaomoji	(ﾟヘﾟ)	confused	emotions
kaomoji	(￣ω￣;)	confused	emotions, hmm
kaomoji	σ(￣、￣〃)	confused	emotions
kaomoji	(￣～￣;)	confused	emotions
kaomoji	(-_-;)・・・	confused	emotions
kaomoji	┐('～`;)┌	confused	emotions
kaomoji	(・_・ヾ	confused	emotions
kaomoji	(〃￣ω￣〃ゞ	confused	emotions, blush
kaomoji	┐(￣ヘ￣;)┌	confused	emotions
kaomoji	(・_・;)	confused	emotions
kaomoji	(￣_￣)・・・	confused	emotions
kaomoji	╮(￣ω￣;)╭	confused	emotions
kaomoji	(¯ . ¯;)	confused	emotions
kaomoji	(＠_＠)	confused	emotions
kaomoji	(・・;)ゞ	confused	emotions
kaomoji	Σ(￣。￣ﾉ)	confused	emotions
kaomoji	(・・ ) ?	confused	emotions
kaomoji	(•ิ_•ิ)?	confused	emotions
kaomoji	(◎ ◎)ゞ	confused	emotions
kaomoji	(ーー;)	confused	emotions, nervous
kaomoji	ლ(ಠ_ಠ ლ)	confused	emotions
kaomoji	ლ(¯ロ¯"ლ)	confused	emotions
kaomoji	(¯ . ¯٥)	confused	emotions
kaomoji	(¯ ¯٥)	confused	emotions
kaomoji	عربى	confused	emotions
kaomoji	(゜ー゜＊)	cool	emotions
kaomoji	(´-ω-)	cool	emotions
kaomoji	(￣ω￣●)	cool	emotions
kaomoji	(´ω｀o)	cool	emotions
kaomoji	(~∀~o)	cool	emotions
kaomoji	( ´_ゝ`)	cool	emotions
kaomoji	(´◡~)	crazy	emotions
kaomoji	(◞‸◟)	crazy	emotions
kaomoji	(◞‿◟)	crazy	emotions
kaomoji	(◜௰◝)	crazy	emotions
kaomoji	(´☢｀)	crazy	emotions
kaomoji	(`☋´)	crazy	emotions
kaomoji	(╮╯╭)	crazy	emotions, grimacing
kaomoji	(◜◡‾)	crazy	emotions
kaomoji	(՞ټ՞)	crazy	emotions
kaomoji	(◔ڼ◔)	crazy	emotions
kaomoji	【･ω･】	cringing	emotions
kaomoji	(-"-)	cringing	emotions
kaomoji	(ーー；)	cringing	emotions
kaomoji	( >︹<)	cringing	emotions
kaomoji	(-公-；)	cringing	emotions
kaomoji	(　･ω･)	cringing	emotions
kaomoji	(´･ω･)	cringing	emotions
kaomoji	(-"-;)	cringing	emotions
kaomoji	ヽ(冫、)ノ	cringing	emotions
kaomoji	(ー_ー；)	cringing	emotions
kaomoji	;;	crying	emotions, sad, sobbing, tear
kaomoji	QQ	crying	emotions, sad, sobbing, tear
kaomoji	OAQ	crying	emotions, tear
kaomoji	T口T	crying	emotions, tear
kaomoji	T_T	crying	emotions, tear
kaomoji	;_;	crying	emotions, sad, sobbing, tear
kaomoji	;-;	crying	emotions, sad, sobbing, tear
kaomoji	;n;	crying	emotions, sad, sobbing, tear
kaomoji	Q.Q	crying	emotions, sad, sobbing, tear
kaomoji	T.T	crying	emotions, sad, sobbing, tear
kaomoji	( ；∀；)	crying laughing	emotions, happy crying
kaomoji	v(T▽T)	crying laughing	emotions
kaomoji	(ノω＾、)	crying laughing	emotions
kaomoji	ヽ(；▽；)ノ	crying laughing	emotions
kaomoji	(゜д゜)	cursing	emotions, grimacing
kaomoji	(ﾟДﾟ)	cursing	emotions, mind blown
kaomoji	(｀▽´)	cursing	emotions, evil, smile
kaomoji	( ﾟДﾟ)	cursing	emotions
kaomoji	( ´Д｀)	cursing	emotions
kaomoji	ヽ(｀Д)ノ	cursing	emotions
kaomoji	( ͡° ͜ʖ ͡°)	cute	emotions, lenny face, misc, special
kaomoji	(╯°□°）╯︵ ┻━┻	cute	emotions
kaomoji	ʕ •ᴥ•ʔ	cute	emotions
kaomoji	εїз	cute	emotions
kaomoji	ʕっ• ᴥ • ʔっ	cute	emotions
kaomoji	✧･ﾟ: *✧･ﾟ:*  *:･ﾟ✧*:･ﾟ✧	cute	emotions
kaomoji	(   >ω<)♡(>ω< ✿)	cute	emotions
kaomoji	(づ￣ ³￣)づ	cute	emotions, hug, hugging me, actions
kaomoji	ʕノ•ᴥ•ʔノ ︵ ┻━┻	cute	emotions, flip table
kaomoji	(´,,•ω•,,)♡	cute	emotions, love
kaomoji	(✿◠‿◠)	cute	emotions, flower
kaomoji	٩(-̮̮̃•̃)٩(-̮̮̃•̃)۶	cute	emotions
kaomoji	（╹ェ╹）	cute	emotions
kaomoji	ᵔᴥᵔ	cute	emotions, bear, bears, animals
kaomoji	•(⌚_⌚)•	cute	emotions
kaomoji	ヽ( ´ ∇ ｀ )ヽ( ´ ∇ ｀ )ノ	cute	emotions
kaomoji	（ミ￣ー￣ミ）	cute	emotions
kaomoji	~(^з^)-	cute	emotions
kaomoji	(*≗*)	cute	emotions
kaomoji	~(^з^)-~(^з^)-	cute	emotions
kaomoji	(´･ω･`)	cute	emotions, disappointed
kaomoji	(｡◕‿◕｡)	cute	emotions
kaomoji	.=^.^=.=^.^=	cute	emotions
kaomoji	(◠︿◠✿)	cute	emotions
kaomoji	ッ	cute	emotions
kaomoji	(`･ω･´)	cute	emotions, make up my mind
kaomoji	(´ ▽ ` )ﾉ	cute	emotions
kaomoji	(´∀｀)	cute	emotions, haha
kaomoji	(◑‿◐)(◑‿◐)	cute	emotions
kaomoji	ヽ(ﾟｰﾟ*ヽ)ヽ(*ﾟｰﾟ*)ﾉ(ﾉ*ﾟｰﾟ)	cute	emotions
kaomoji	˚ᆺ˚	cute	emotions, rabbit, animals
kaomoji	ヽ(〃＾▽＾〃)ヽ(〃＾▽＾〃)ﾉ	cute	emotions
kaomoji	｡◕‿◕｡	cute	emotions
kaomoji	❀◕ ‿ ◕❀	cute	emotions, flower
kaomoji	( °٢° )( °٢° )	cute	emotions
kaomoji	Ü	cute	emotions
kaomoji	(●´ω｀●)	cute	emotions
kaomoji	◕‿◕	cute	emotions, unicode
kaomoji	(灬♥ω♥灬)	cute	emotions, love, heart
kaomoji	♡(ŐωŐ人)	cute	emotions, love, heart
kaomoji	（´・｀ ）♡	cute	emotions, heart
kaomoji	(⺣◡⺣)♡*	cute	emotions, love, heart
kaomoji	♡´･ᴗ･`♡	cute	emotions, heart
kaomoji	OWO	cute	emotions
kaomoji	OwO	cute	emotions
kaomoji	ʕ￫ᴥ￩ʔ	cute	emotions, grimacing, feminine, bear, bears, animals
kaomoji	٩◔̯◔۶	cute	emotions
kaomoji	U^ｴ^U	cute	emotions
kaomoji	ʕ·ᴥ·ʔ	cute	emotions, bear, bears, animals
kaomoji	ʕ•ᴥ•ʔ	cute	emotions, feminine, bear, bears, animals
kaomoji	(ˇ⊖ˇ)	cute	emotions
kaomoji	༼☯﹏☯༽	cute	emotions, cry
kaomoji	^ↀᴥↀ^	cute	emotions, cat, cats, animals
kaomoji	(◕ᴥ◕)	cute	emotions
kaomoji	ʕ⊙ᴥ⊙ʔ	cute	emotions
kaomoji	(´﹃｀)	cute	emotions
kaomoji	༼ꉺɷꉺ༽	cute	emotions, gross
kaomoji	(✿ヘᴥヘ)	cute	emotions, flower
kaomoji	ʕ￫ᴥ￩　ʔ	cute	emotions
kaomoji	(✿╹◡╹)	cute	emotions
kaomoji	(▰∀◕)ﾉ	cute	emotions
kaomoji	(人◕ω◕)	cute	emotions
kaomoji	(ㆁᴗㆁ✿)	cute	emotions
kaomoji	(ﾉ≧ڡ≦)	cute	emotions, yummy, tongue, tongues, actions
kaomoji	ʕ　·ᴥ·ʔ	cute	emotions
kaomoji	(≖ᴗ≖✿)	cute	emotions
kaomoji	(◕‿◕✿)	cute	emotions, flower, misc, special
kaomoji	（๑♜д♜）	cute	emotions
kaomoji	(✾♛‿♛)	cute	emotions
kaomoji	(*бωб)	cute	emotions
kaomoji	(ᇴ‿ฺᇴ)	cute	emotions
kaomoji	(๑￫ܫ￩)	cute	emotions
kaomoji	(❍ᴥ❍ʋ)	cute	emotions
kaomoji	ʕ·ᴥ·　ʔ	cute	emotions, bear, bears, animals
kaomoji	(✪‿✪)ノ	cute	emotions
kaomoji	OTL	depressed	emotions, disappointed, take a bow, bowing down, orz, bowing, actions, orz me, special
kaomoji	STO	depressed	emotions, bowing down, bowing, actions
kaomoji	(一一)	depressed	emotions, sleeping man, sleeping, actions
kaomoji	(..)	depressed	emotions
kaomoji	λ...	depressed	emotions
kaomoji	(´ω｀)	depressed	emotions, disappointed
kaomoji	(Θ︹Θ)	depressed	emotions
kaomoji	(-.-)	depressed	emotions, sleeping man, sleeping, actions
kaomoji	（◞‸◟）	depressed	emotions
kaomoji	(-д-；)	depressed	emotions
kaomoji	从´_υ｀从	depressed	emotions, disappointed
kaomoji	（ノд｀＠）	depressed	emotions, disappointed
kaomoji	(ﾉε｀◎)	depressed	emotions
kaomoji	(ﾉω･｀o)	depressed	emotions
kaomoji	（ー○ー）＝３	depressed	emotions
kaomoji	(・´з`・)	depressed	emotions, bad mood
kaomoji	(´･ω･｀)	depressed	emotions
kaomoji	(∥￣■￣∥)	depressed	emotions
kaomoji	(´-ω-`)	depressed	emotions, sad
kaomoji	(ｏ´_｀ｏ)	depressed	emotions
kaomoji	(´･仝･｀)	depressed	emotions
kaomoji	(*ノз`*)	depressed	emotions
kaomoji	(っ´ω｀c)	depressed	emotions
kaomoji	(￣σ･･￣)	depressed	emotions
kaomoji	…φ(。。*)	depressed	emotions, bad mood
kaomoji	(´・＿・`)	depressed	emotions
kaomoji	(´ﾟωﾟ｀)	depressed	emotions
kaomoji	(lll-ω-)	depressed	emotions
kaomoji	(_　_|||)	depressed	emotions, disappointed
kaomoji	(*´Д｀)=з	depressed	emotions
kaomoji	(´‐ω‐）=з	depressed	emotions
kaomoji	( ◢д◣)	depressed	emotions
kaomoji	(* _ω_)…	depressed	emotions
kaomoji	…ρ(･ω`･､)	depressed	emotions
kaomoji	囧	disappointed	emotions, orz, orz me, special
kaomoji	囧rz	disappointed	emotions, orz, orz me, special
kaomoji	(´Д⊂	disappointed	emotions, tired
kaomoji	_l￣l○	disappointed	emotions
kaomoji	(πーπ)	disappointed	emotions
kaomoji	(ન_੦)	disappointed	emotions
kaomoji	(´д｀)	disappointed	emotions
kaomoji	（πーπ）	disappointed	emotions, sad, cry
kaomoji	（；＿；）	disappointed	emotions
kaomoji	(´ж｀;)	disappointed	emotions, sweat
kaomoji	つ´Д`)つ	disappointed	emotions
kaomoji	ヽ(冫、)ﾉ	disappointed	emotions
kaomoji	(i々i)］	disappointed	emotions
kaomoji	(;´д｀)	disappointed	emotions, bad mood, sweat
kaomoji	(ノ_<。)	disappointed	emotions, sad
kaomoji	( p_q)	disappointed	emotions
kaomoji	o(；△；)o	disappointed	emotions
kaomoji	( ｉдｉ )	disappointed	emotions
kaomoji	(*ノ_<*)	disappointed	emotions
kaomoji	ヽ(´Д`;)ﾉ	disappointed	emotions
kaomoji	(；一ω一||)	disappointed	emotions
kaomoji	Σ(￣ロ￣lll)	disappointed	emotions
kaomoji	＿ﾉ乙(､ﾝ､)＿	disappointed	emotions, helpless
kaomoji	///orz///	disappointed	emotions
kaomoji	（（（(T-T*)）））	disappointed	emotions
kaomoji	＾ｐ＾	drooling	emotions, hungry, drool
kaomoji	(^p^)	drooling	emotions, hungry
kaomoji	(^q^)	drooling	emotions, hungry, drool
kaomoji	(‘u’)	drooling	emotions, hungry, yummy, drool
kaomoji	(￣￢￣)	drooling	emotions, hungry, drool
kaomoji	(＾q＾)	drooling	emotions
kaomoji	(º﹃º)	drooling	emotions, drool
kaomoji	(ﾟ￢ﾟ)	drooling	emotions, drool
kaomoji	(´ρ`)	drooling	emotions, drool
kaomoji	(゜￢゜)	drooling	emotions, drool
kaomoji	(*艸*)	embarrassed	emotions
kaomoji	(〃∇〃)	embarrassed	emotions
kaomoji	(＃－.－)	embarrassed	emotions
kaomoji	(≡ε≡；)	embarrassed	emotions, kiss
kaomoji	(ノ∀￣•)	embarrassed	emotions
kaomoji	(^_^;)	embarrassed	emotions
kaomoji	(ノv`*)	embarrassed	emotions
kaomoji	(*￣∀￣)	embarrassed	emotions
kaomoji	(⌒_⌒;)	embarrassed	emotions
kaomoji	(o^ ^o)	embarrassed	emotions
kaomoji	(*\ω＼)	embarrassed	emotions
kaomoji	(*\。＼)	embarrassed	emotions
kaomoji	(*\_＼)	embarrassed	emotions
kaomoji	(*ﾉωﾉ)	embarrassed	emotions, shy
kaomoji	(o-_-o)	embarrassed	emotions
kaomoji	(*μ_μ)	embarrassed	emotions
kaomoji	( ◡‿◡ *)	embarrassed	emotions
kaomoji	(ᵔ.ᵔ)	embarrassed	emotions
kaomoji	(*ﾉ∀`*)	embarrassed	emotions, blush
kaomoji	(\\▽\\)	embarrassed	emotions
kaomoji	(\\ω\\)	embarrassed	emotions
kaomoji	(ノ*°▽°*)	embarrassed	emotions
kaomoji	(*^.^*)	embarrassed	emotions, blush
kaomoji	(*ﾉ▽ﾉ)	embarrassed	emotions, shy
kaomoji	(￣▽￣*)ゞ	embarrassed	emotions
kaomoji	(⁄ ⁄•⁄ω⁄•⁄ ⁄)	embarrassed	emotions
kaomoji	(*\▽＼*)	embarrassed	emotions
kaomoji	(⁄ ⁄>⁄ ▽ ⁄<⁄ ⁄)	embarrassed	emotions
kaomoji	(„ಡωಡ„)	embarrassed	emotions, love
kaomoji	(ง ื▿ ื)ว	embarrassed	emotions
kaomoji	( 〃▽〃)	embarrassed	emotions
kaomoji	(\▿＼ )	embarrassed	emotions
kaomoji	(\\\￣ ￣\\\)	embarrassed	emotions
kaomoji	(*ω＼)	embarrassed	emotions
kaomoji	(*。＼)	embarrassed	emotions
kaomoji	(*_＼)	embarrassed	emotions
kaomoji	(▽)	embarrassed	emotions
kaomoji	(ω)	embarrassed	emotions
kaomoji	(*▽＼*)	embarrassed	emotions
kaomoji	(▿＼ )	embarrassed	emotions
kaomoji	(￣ ￣)	embarrassed	emotions
kaomoji	ಠﭛಠ	evil	emotions, devil
kaomoji	(｀ー´)	evil	emotions
kaomoji	` ͜ʖ´	evil	emotions
kaomoji	(☼Д☼)	evil	emotions, scared, surprised
kaomoji	(｀∀´)Ψ	evil	emotions, devil
kaomoji	(　｀ハ´)	evil	emotions
kaomoji	(｀Д´*)	evil	emotions
kaomoji	| ｀Д´|	evil	emotions
kaomoji	（｀ー´）	evil	emotions, proud
kaomoji	（　｀ハ´）	evil	emotions
kaomoji	ψ`ー´)ﾉ	evil	emotions
kaomoji	ﾍ(｀▽´*)	evil	emotions
kaomoji	p(｀ε´q）	evil	emotions
kaomoji	ψ(｀∇´)ψ	evil	emotions, devil
kaomoji	(ʃƪ¬‿¬)	evil	emotions
kaomoji	ლ(｀∀´ლ)	evil	emotions
kaomoji	Ψ(｀▽´)Ψ	evil	emotions
kaomoji	（=｀〜´=）	evil	emotions
kaomoji	(=｀ω´=)	evil	emotions, cats, animals
kaomoji	ρ(｀.´)ρ	evil	emotions
kaomoji	ψ（｀Д´）ψ	evil	emotions
kaomoji	(ﾒ｀ﾛ´)/	evil	emotions
kaomoji	()`艸´()	evil	emotions
kaomoji	Ψ(￣∀￣)Ψ	evil	emotions
kaomoji	(・｀ω´・)	evil	emotions
kaomoji	(=｀ェ´=)	evil	emotions
kaomoji	(屮｀∀´)屮	evil	emotions
kaomoji	Ψ(｀◇´)Ψ	evil	emotions
kaomoji	o(｀ω´*)o	evil	emotions
kaomoji	(ц｀ω´ц*)	evil	emotions
kaomoji	≧ω≦	excited	emotions
kaomoji	୧⍢⃝୨	excited	emotions
kaomoji	(⊙ᗜ⊙)	excited	emotions
kaomoji	โ๏∀๏ใ	excited	emotions, cat, cats, animals
kaomoji	(≧∀≦)	excited	emotions
kaomoji	۹⌤_⌤۹	excited	emotions
kaomoji	୧☉□☉୨	excited	emotions
kaomoji	(⊙ꇴ⊙)	excited	emotions
kaomoji	(´∀`)	excited	emotions, happy, lol
kaomoji	（・ｗ・）	excited	emotions
kaomoji	(ᗒᗨᗕ)	excited	emotions, happy
kaomoji	ʘ ͜ʖ ʘ	excited	emotions
kaomoji	(≧∇≦*)	excited	emotions
kaomoji	(*≧▽≦)	excited	emotions
kaomoji	۹(ÒہÓ)۶	excited	emotions
kaomoji	(ﾉ･ｪ･)ﾉ	excited	emotions, dance man, dance, actions
kaomoji	٩(^ᴗ^)۶	excited	emotions
kaomoji	б（＞ε＜）∂	excited	emotions
kaomoji	(⌬̀⌄⌬́)	excited	emotions
kaomoji	٩(θ‿θ)۶	excited	emotions
kaomoji	ヽ(＾Д＾)ﾉ	excited	emotions
kaomoji	(★^O^★)	excited	emotions
kaomoji	（๑✧∀✧๑）	excited	emotions
kaomoji	(*≧∀≦*)	excited	emotions, blush
kaomoji	٩(●ᴗ●)۶	excited	emotions
kaomoji	⸍⚙̥ꇴ⚙̥⸌	excited	emotions
kaomoji	(๑>ᴗ<๑)	excited	emotions
kaomoji	۹(˒௰˓)۶	excited	emotions
kaomoji	(* >ω<)	excited	emotions
kaomoji	＼（Ｔ∇Ｔ）／	excited	emotions
kaomoji	ōۃō	eyes	emotions, pensive, thinking
kaomoji	◑.◑	eyes	emotions, nervous, weird, worried
kaomoji	◉‿◉	eyes	emotions, happy
kaomoji	❐‿❑	eyes	emotions, funny
kaomoji	ರ_ರ	eyes	emotions, funny
kaomoji	ಥ◡ಥ	eyes	emotions, funny
kaomoji	ಥ_ಥ	eyes	emotions, funny, pensive, sad, thinking, unicode
kaomoji	ತಎತ	eyes	emotions, funny
kaomoji	ಠ益ಠ	eyes	emotions, funny
kaomoji	(－‸ლ)	facepalm	emotions, smh, misc, special
kaomoji	(ﾉД`)	facepalm	emotions, sad, smh
kaomoji	(ñ_ñ)	fake smile	emotions, dead, other
kaomoji	(￣⊿￣；	fake smile	emotions
kaomoji	(＿Å＿)	fall down	emotions
kaomoji	(＿□＿：)	fall down	emotions
kaomoji	_(。_°/	fall down	emotions
kaomoji	(o_□_)o	fall down	emotions
kaomoji	(o ><)o	fall down	emotions
kaomoji	ヘ(＿　＿ヘ)	fall down	emotions
kaomoji	o(>< o)	fall down	emotions
kaomoji	(ヘ＿　＿)ヘ	fall down	emotions
kaomoji	(ｏ＿　＿)ｏ	fall down	emotions
kaomoji	(o_ _)o	fall down	emotions, take a bow
kaomoji	_(:3」∠)_	fall down	emotions, roll over
kaomoji	（＿□＿：）	fall down	emotions
kaomoji	（＿Å＿）	fall down	emotions
kaomoji	(o;＿ω＿)o	fall down	emotions
kaomoji	(o_0_)o))	fall down	emotions
kaomoji	o(_ _o)	fall down	emotions
kaomoji	ヽ(_ _ヽ)彡	fall down	emotions
kaomoji	_(･＿．)/	fall down	emotions
kaomoji	_:(´ཀ`」 ∠):_	fall down	emotions, pain
kaomoji	o(_ _o)ノ☆	fall down	emotions
kaomoji	☆ヽ(o_ _)o	fall down	emotions
kaomoji	ミ(ノ_ _)ノ	fall down	emotions
kaomoji	ｏ(＿　＿ｏ)	fall down	emotions
kaomoji	ε＝(。＿　＿)。	fall down	emotions
kaomoji	ヽ(＿　＿ヽ)	fall down	emotions
kaomoji	。。。(ノ＿　＿)ノ	fall down	emotions
kaomoji	｡(＿　＿｡)＝3	fall down	emotions
kaomoji	εミ(ο_ _)ο	fall down	emotions
kaomoji	ο(_ _ο)彡3	fall down	emotions
kaomoji	* ・・(o_ _)o	fall down	emotions
kaomoji	o(_ _o)・・ *	fall down	emotions
kaomoji	ε=ε=┏( >_<)┛　(ノ_ _)ノ	fall down	emotions
kaomoji	ᕦ⊙෴⊙ᕤ	flexing	emotions, strong, weird
kaomoji	ᕙ(`▽´)ᕗ	flexing	emotions, strong
kaomoji	୧(ಠ⌣ಠ)୨	flexing	emotions, strong
kaomoji	ᕙ[･۝･]ᕗ	flexing	emotions
kaomoji	ᕙ(☉ਊ☉)ᕗ	flexing	emotions
kaomoji	ᕦ(ò_óˇ)ᕤ	flexing	emotions
kaomoji	ᕙ(⇀‸↼‶)ᕗ	flexing	emotions
kaomoji	ᕙ༼ຈل͜ຈ༽ᕗ	flexing	emotions
kaomoji	ᕦ༼✩ل͜✩༽ᕤ	flexing	emotions
kaomoji	ᕙ༼◕ل͜◕༽ᕗ	flexing	emotions
kaomoji	(｀□′)╯┴┴	flip table	emotions
kaomoji	(╯－＿－)╯╧╧	flip table	emotions
kaomoji	(ﾉ；；)ﾉ~┻━┻	flip table	emotions
kaomoji	┬─┬ノ(ಠ_ಠノ)	flip table	emotions
kaomoji	(╯￣Д￣)╯╘═╛	flip table	emotions
kaomoji	(ノ=Д=)ノ┻━┻	flip table	emotions
kaomoji	(┙>∧<)┙へ┻┻	flip table	emotions
kaomoji	╭(￣▽￣)╯╧═╧	flip table	emotions
kaomoji	┬──┬ ¯\_(ツ)	flip table	emotions
kaomoji	(ノಠ益ಠ)ノ彡┻━┻	flip table	emotions
kaomoji	(/-o-)/ ⌒ ┤	flip table	emotions
kaomoji	┻━┻ミ＼（≧ロ≦＼）	flip table	emotions
kaomoji	（ノ○Д○）ノ＝＝＝┠	flip table	emotions
kaomoji	(ﾉ｀□´)ﾉ⌒┻━┻	flip table	emotions
kaomoji	(／‵Д′)／~ ╧╧	flip table	emotions
kaomoji	(╯°▽°)╯ ┻━┻	flip table	emotions
kaomoji	(╯ಠ_ಠ）╯︵ ┳━┳	flip table	emotions
kaomoji	(┛◉Д◉)┛彡┻━┻	flip table	emotions
kaomoji	(╯ಠ‿ಠ)╯︵┻━┻	flip table	emotions
kaomoji	(ノ#--)ノ＼。゜。	flip table	emotions
kaomoji	(╯=▃=)╯︵┻━┻	flip table	emotions
kaomoji	༼ノ◕ヮ◕༽ノ︵┻━┻	flip table	emotions
kaomoji	(┛ಠДಠ)┛彡┻━┻	flip table	emotions
kaomoji	(ﾉಠдಠ)ﾉ︵┻━┻	flip table	emotions
kaomoji	(╯°Д°)╯ ┻━┻	flip table	emotions
kaomoji	(ノ-_-)ノ~┻━┻	flip table	emotions
kaomoji	┳━┳ノ( OωOノ)	flip table	emotions
kaomoji	(╯‵□′)╯︵┴─┴	flip table	emotions
kaomoji	(ノToT)ノ ~┻┻	flip table	emotions
kaomoji	┬───┬ ノ༼ຈل͜ຈノ༽	flip table	emotions
kaomoji	(ノ͡° ͜ʖ ͡°)ノ︵┻┻	flip table	emotions, lenny face
kaomoji	ヽ༼ ツ ༽ﾉ ︵┻━┻	flip table	emotions
kaomoji	ヽ༼ຈل͜ຈ༽ﾉ︵┻━┻	flip table	emotions
kaomoji	༼ﾉຈل͜ຈ༽ﾉ︵┻━┻	flip table	emotions
kaomoji	┬━┬ノ(▀̿̿Ĺ̯̿̿▀̿ ̿ノ)	flip table	emotions
kaomoji	┻━┻ ︵ ¯\_༼ᴼل͜ᴼ༽_/¯ ︵ ┻━┻	flip table	emotions
kaomoji	┻━┻ ︵﻿ ¯\_༼ᴼل͜ᴼ༽_/¯ ︵ ┻━┻	flip table	emotions
kaomoji	^.~	flirty	emotions, wink, suggestive, winking, wink me, actions, suggestives, special
kaomoji	＠＾▽＾＠	flushed	emotions, blush
kaomoji	(ﾉ∀＼*)	flushed	emotions
kaomoji	|´∀｀●)	flushed	emotions, shy, hide, hiding you, actions
kaomoji	(〃ﾉωﾉ)	flushed	emotions
kaomoji	(*-ω-)	flushed	emotions, sleep, sleeping, actions
kaomoji	(´～｀ヾ)	flushed	emotions, shy
kaomoji	(ｕ_ｕ*)	flushed	emotions
kaomoji	(・ε・)	frustrated	emotions
kaomoji	(￣д￣)	frustrated	emotions
kaomoji	(￣曲￣)	frustrated	emotions
kaomoji	(≧ε≦)	frustrated	emotions, lmao
kaomoji	(￢з￢)	frustrated	emotions
kaomoji	(~ж~)	frustrated	emotions
kaomoji	(´Э｀)	frustrated	emotions
kaomoji	(・谷・)	frustrated	emotions
kaomoji	(‘∩’)	frustrated	emotions
kaomoji	(’へ’)	frustrated	emotions, proud
kaomoji	◥█◤	funny	emotions
kaomoji	ᕙ(⍢)ᕗ	funny	emotions
kaomoji	^._.^	funny	emotions
kaomoji	└|∵|┐	funny	emotions
kaomoji	(⚗❥⚗ )	funny	emotions
kaomoji	ヽ(℃°)ﾉ	funny	emotions
kaomoji	٩( ᐛ )و	funny	emotions
kaomoji	ᕕ( ᐛ )ᕗ	funny	emotions, indifference, running person, run, running, actions
kaomoji	(｢･ω･)｢	funny	emotions
kaomoji	(´^д^｀)	funny	emotions
kaomoji	〓D	funny	emotions
kaomoji	ಠoಠ	funny	emotions
kaomoji	ಠ◡ಠ	funny	emotions
kaomoji	☉_☉	funny	emotions
kaomoji	ಠ~ಠ	funny	emotions
kaomoji	ಠ.ಠ	funny	emotions
kaomoji	◮_◮	funny	emotions
kaomoji	ಠ_๏	funny	emotions
kaomoji	◪_◪	funny	emotions
kaomoji	◜㍕◝	funny	emotions
kaomoji	இ_இ	funny	emotions
kaomoji	ਉ_ਉ	funny	emotions, pensive, thinking
kaomoji	◔̯◔	funny	emotions, gross, meh, weird, unicode
kaomoji	●_●	funny	emotions, gross, weird
kaomoji	◉︵◉	funny	emotions
kaomoji	أ‿أ	funny	emotions, cry
kaomoji	◉_◉	funny	emotions
kaomoji	☹	grimacing	emotions
kaomoji	ஞଲஞ	grimacing	emotions, unicode
kaomoji	❃ႣᄎႣ❃	grimacing	emotions, bear, bears, animals
kaomoji	₍ ⍨ ₎	grimacing	emotions
kaomoji	(˘έ˘)	grimacing	emotions
kaomoji	(-“-;)	grimacing	emotions
kaomoji	∙̆.̯∙̆	grimacing	emotions
kaomoji	☻	grinning	emotions
kaomoji	☺︎	grinning	emotions
kaomoji	≖‿≖	grinning	emotions, happy
kaomoji	(¬‿¬)	grinning	emotions, happy, thinking
kaomoji	(￣ー￣)	grinning	emotions, haha, proud, smirking, grin
kaomoji	(´υ｀)	grinning	emotions, smirking
kaomoji	(￣▼￣)	grinning	emotions, smirking, grin
kaomoji	(ﾟｰﾟ)	grinning	emotions, smirking, grin
kaomoji	(´ｖ｀)	grinning	emotions, smirking, grin
kaomoji	(･∀･)	grinning	emotions, like, grin
kaomoji	(咒)	gross	emotions, proud
kaomoji	〠_〠	gross	emotions, weird
kaomoji	໖_໖	gross	emotions, weird
kaomoji	⇎_⇎	gross	emotions, weird
kaomoji	۞_۞	gross	emotions, weird
kaomoji	$_$	gross	emotions, weird
kaomoji	O.o	gross	emotions, weird
kaomoji	（咒）	gross	emotions, proud
kaomoji	ʕథ౪థʔ	gross	emotions, bear, bears, animals
kaomoji	(亝ω亝｡)	gross	emotions
kaomoji	( ՞ਊ ՞)	gross	emotions
kaomoji	(✧≖‿ゝ≖)	gross	emotions
kaomoji	(⊙◞౪◟⊙)	gross	emotions
kaomoji	(´◑ω◐`)	gross	emotions
kaomoji	(´༎ຶ༎ຶ)	gross	emotions, weird
kaomoji	（ ´థ౪థ）	gross	emotions, weird
kaomoji	( ఠൠఠ )	gross	emotions, weird
kaomoji	(╬♛ 益♛ )	gross	emotions
kaomoji	(⑅∫°ਊ°)∫	gross	emotions
kaomoji	(;; @益@）	gross	emotions
kaomoji	(́◉◞౪◟◉)	gross	emotions
kaomoji	ʅ（ ‾⊖◝）ʃ	gross	emotions
kaomoji	(｡☉౪ ⊙｡)	gross	emotions
kaomoji	✌(◔౪◔ )✌	gross	emotions
kaomoji	(΄◞ิ౪◟ิ‵)	gross	emotions
kaomoji	( ≖ิ‿≖ิ )	gross	emotions
kaomoji	༽΄◞ิ౪◟ิ‵༼	gross	emotions
kaomoji	（´≝◞⊖◟≝｀)	gross	emotions, weird
kaomoji	(☄ฺ♛ฺ3♛ฺ)	gross	emotions
kaomoji	(´ﾟ◞౪◟ﾟ｀)	gross	emotions
kaomoji	ʅ(◔౪◔ ) ʃ	gross	emotions
kaomoji	( ☞◔ ౪◔)☞	gross	emotions
kaomoji	༼;´༎ຶ ༎ຶ༽	gross	emotions
kaomoji	＼(´◓Д◔`)／	gross	emotions
kaomoji	( ≖ิൠ≖ิ )	gross	emotions
kaomoji	(´⊙◞⊱◟⊙｀)	gross	emotions
kaomoji	('∀`)	haha	emotions
kaomoji	(^Д^)	haha	emotions
kaomoji	(゜∀。)	haha	emotions
kaomoji	(・∀・)	haha	emotions, laughing, like, make up my mind, grin
kaomoji	(｀ω´)	haha	emotions, smirking, grin
kaomoji	(^ω^)	haha	emotions
kaomoji	(＾∀＾)	haha	emotions
kaomoji	(*'Д`从`∀'*)	handshake	emotions
kaomoji	(=´∀｀)人(´∀｀=)	handshake	emotions
kaomoji	( ﾟ∀ﾟ)人(ﾟ∀ﾟ )	handshake	emotions
kaomoji	^ㅂ^	happy	emotions
kaomoji	uwu	happy	emotions, uwu
kaomoji	UwU	happy	emotions, uwu
kaomoji	^_^	happy	emotions, laughing, smiling
kaomoji	^ω^	happy	emotions, smiling
kaomoji	ɷ◡ɷ	happy	emotions
kaomoji	꒡ꆚ꒡	happy	emotions
kaomoji	⊙▽⊙	happy	emotions
kaomoji	ʘ‿ʘ	happy	emotions, meh, unicode
kaomoji	മ◡മ	happy	emotions
kaomoji	ȏ.̮ȏ	happy	emotions
kaomoji	(≧▽≦)	happy	emotions, laughing, lmao, lol, rofl, smiling
kaomoji	（ꉺᗜꉺ）	happy	emotions
kaomoji	（＾ω＾）	happy	emotions
kaomoji	（＾ｖ＾）	happy	emotions, laugh
kaomoji	(￣个￣)	happy	emotions
kaomoji	〔´∇｀〕	happy	emotions
kaomoji	⊂◉‿◉つ	happy	emotions
kaomoji	(＾ω＾)	happy	emotions
kaomoji	ヽ(ヅ)ノ	happy	emotions
kaomoji	（ꉺ౪ꉺ）	happy	emotions
kaomoji	(-‿◦)	happy	emotions, winking, wink me, actions
kaomoji	(•‿•)	happy	emotions
kaomoji	(─‿─)	happy	emotions
kaomoji	(◑‿◐)	happy	emotions
kaomoji	ღවꇳවღ	happy	emotions
kaomoji	｡^‿^｡	happy	emotions
kaomoji	´･ᴗ･`	happy	emotions
kaomoji	(ಥ◡ಥ)	happy crying	emotions
kaomoji	｡ﾟ(ﾟ^Ｏ^ﾟ)ﾟ｡	happy crying	emotions
kaomoji	♱♡‿♡♰	heart eyes	emotions, love, heart
kaomoji	✿♥‿♥✿	heart eyes	emotions, love, heart
kaomoji	乂❤‿❤乂	heart eyes	emotions, love
kaomoji	༼♥ل͜♥༽	heart eyes	emotions, love, heart
kaomoji	⊆♥_㇁♥⊇	heart eyes	emotions, love, heart
kaomoji	(♥ω♥*)	heart eyes	emotions, love, heart
kaomoji	=_=	helpless	emotions
kaomoji	(ー_ー)	helpless	emotions
kaomoji	(´＿｀)	helpless	emotions
kaomoji	(ㆆᴗㆆ)	helpless	emotions
kaomoji	(ﾟ⊿ﾟ)	helpless	emotions, idk
kaomoji	(´＿｀｡)	helpless	emotions
kaomoji	(´c_`)	helpless	emotions
kaomoji	(´_ゝ`)	helpless	emotions
kaomoji	(　◜◡‾)	helpless	emotions
kaomoji	(‾◡◝　)	helpless	emotions
kaomoji	(´･_･`)	helpless	emotions
kaomoji	╮(╯_╰)╭	helpless	emotions, idk, shrugging, shrug
kaomoji	( º﹃º )	helpless	emotions
kaomoji	( ˘･з･)	helpless	emotions
kaomoji	(´ﾟдﾟ`)	helpless	emotions
kaomoji	┐(´д`)┌	helpless	emotions, idk, shrugging, shrug
kaomoji	(´,_ゝ`)	helpless	emotions
kaomoji	_(┐「ε:)_	helpless	emotions, roll over, thats it
kaomoji	Σ(｀L_｀ )	helpless	emotions
kaomoji	(๑•́ ₃ •̀๑)	helpless	emotions
kaomoji	(´-ι_-｀)	helpless	emotions
kaomoji	| 　 ´ω｀|φ	helpless	emotions
kaomoji	(・ε・`*) …	helpless	emotions
kaomoji	凹(´･ω･｀)凹	helpless	emotions
kaomoji	(ｏ´・ε・｀ｏ)	helpless	emotions
kaomoji	ο（´･ω･｀o）	helpless	emotions
kaomoji	ρ(´-＿-｀●)	helpless	emotions
kaomoji	(o´・ω・｀)ﾉ	helpless	emotions
kaomoji	↓↓(%;´п`Ⅲ)	helpless	emotions
kaomoji	…_φ(･ω･` )	helpless	emotions
kaomoji	(・ω・｀)………..	helpless	emotions
kaomoji	(´･ω･)…｡oо○	helpless	emotions
kaomoji	(°◇°人°◇°)	high five	emotions
kaomoji	(　＾＾)人(＾＾　)	high five	emotions
kaomoji	(▼▽▼)人(▼▽▼)	high five	emotions
kaomoji	(＊´ω｀人´∀｀＊)	high five	emotions
kaomoji	(´・ω・人・ω・`)	high five	emotions
kaomoji	(＾▽＾)／＼(＾▽＾)	high five	emotions
kaomoji	(●ゝω)ノヽ(∀＜●)	high five	emotions
kaomoji	(∗≧ꇴ≦)人(≧ꈊ≦∗)	high five	emotions
kaomoji	(*´∀｀*人*´∀｀*)	high five	emotions
kaomoji	(=´∀`)人(´∀‘=)	high five	emotions
kaomoji	(･o･)	hmm	emotions
kaomoji	(-_-;	hmm	emotions
kaomoji	(￣ﾍ￣)	hmm	emotions
kaomoji	(´－｀)	hmm	emotions
kaomoji	(・'・;)	hmm	emotions
kaomoji	｢(ﾟﾍﾟ)	hmm	emotions
kaomoji	(ﾟ.ﾟ*)	hmm	emotions
kaomoji	［´Д`］	hot	emotions
kaomoji	(ﾟAﾟ;)	hot	emotions, sweat
kaomoji	(υ´Д｀)	hot	emotions, sweat
kaomoji	(;´A｀)	hot	emotions
kaomoji	(;´ρ`)	hot	emotions, yawning
kaomoji	(;´ё`)	hot	emotions
kaomoji	(;′０`)	hot	emotions
kaomoji	(;′З`)	hot	emotions
kaomoji	(･∀･;)	hot	emotions
kaomoji	(~Q~;)	hot	emotions
kaomoji	ꉨڡꉨ	hungry	emotions, unicode, tongue, tongues, actions
kaomoji	(￣﹃￣)	hungry	emotions, misc, special
kaomoji	v(۝)v	hungry	emotions
kaomoji	(◉۝◉)	hungry	emotions
kaomoji	(⸌۝⸍)	hungry	emotions
kaomoji	( ˘ ³˘)	i love you	emotions, love
kaomoji	•́ε•̀)ฅ	i love you	emotions
kaomoji	o(￣ε￣*)	i love you	emotions
kaomoji	( ´ー`)	idk	emotions
kaomoji	ヽ(´ー｀)┌	idk	emotions, shrugging
kaomoji	┐(´д｀)┌	idk	emotions, shrugging, shrug
kaomoji	┐(´～｀)┌	idk	emotions, shrugging, shrug
kaomoji	┐(´ー｀)┌	idk	emotions, shrugging, shrug
kaomoji	┐(￣ヘ￣)┌	idk	emotions, shrugging, shrug, indifference
kaomoji	╮(╯∀╰)╭	idk	emotions, shrugging, shrug
kaomoji	<(￣︶￣)>	joy	emotions
kaomoji	ヽ(>∀<☆)ノ	joy	emotions
kaomoji	(★ω★)/	joy	emotions
kaomoji	(^ヮ^)/	joy	emotions
kaomoji	(„• ᴗ •„)	joy	emotions
kaomoji	(ᵔ◡ᵔ)	joy	emotions
kaomoji	( ´ ▿ ` )	joy	emotions
kaomoji	ㄖꏁㄖ	kissing	emotions, kiss
kaomoji	ᴓᴈᴓ	kissing	emotions, kiss
kaomoji	︶ε╰✿	kissing	emotions
kaomoji	|°з°|	kissing	emotions, kiss
kaomoji	(ΦзΦ)	kissing	emotions, kiss
kaomoji	˶⚈Ɛ⚈˵	kissing	emotions, kiss
kaomoji	(＿ε＿)	kissing	emotions, sarcastic
kaomoji	(‘ε’)	kissing	emotions, kiss
kaomoji	⁽˙³˙⁾	kissing	emotions, kiss
kaomoji	Ⴀ͡კႠ͡	kissing	emotions, kiss
kaomoji	OUO	laughing	emotions, lol
kaomoji	^m^	laughing	emotions
kaomoji	(^^)	laughing	emotions, smiling
kaomoji	(^_^)	laughing	emotions, smiling
kaomoji	(^○^)	laughing	emotions, smiling, smile
kaomoji	(^-^)	laughing	emotions, smiling
kaomoji	(^^)v	laughing	emotions, peace sign, triumph
kaomoji	(∀)	like	emotions
kaomoji	d(∀)	like	emotions, thumbs up
kaomoji	(･ω･)b	like	emotions, thumbs up
kaomoji	ъ(ﾟДﾟ)	like	emotions, thumbs up
kaomoji	( ·∀·)	like	emotions
kaomoji	(´▽｀)／	like	emotions
kaomoji	σ・ω・)σ	like	emotions
kaomoji	(∪・ω･)	like	emotions
kaomoji	ʕ≧ᴥ≦´ʔ	lmao	emotions
kaomoji	(ˆ▽ˆ❁)	lmao	emotions
kaomoji	(๑≧▽≦)	lmao	emotions
kaomoji	(⌒▽⌒)	lol	emotions
kaomoji	(खਉख)	lol	emotions, laugh
kaomoji	(ಡ艸ಡ)	lol	emotions, laugh
kaomoji	(＞ｙ＜)	lol	emotions
kaomoji	(＾艸＾)	lol	emotions, laugh
kaomoji	(Ŏ艸Ŏ)	lol	emotions, shy, laugh
kaomoji	(亝艸亝)	lol	emotions, laugh
kaomoji	(♡°▽°♡)	love	emotions
kaomoji	(─‿‿─)♡	love	emotions
kaomoji	(´ ε ` )♡	love	emotions
kaomoji	(´｡• ω •｡`) ♡	love	emotions
kaomoji	♡＼(￣▽￣)／♡	love	emotions
kaomoji	(｡・//ε//・｡)	love	emotions
kaomoji	(°◡°♡)	love	emotions
kaomoji	Σ>―(〃°ω°〃)♡→	love	emotions
kaomoji	☆⌒ヽ(*'､^*)	love	emotions
kaomoji	(ღ˘⌣˘ღ)	love	emotions
kaomoji	╰(*´︶`*)╯♡	love	emotions
kaomoji	♡ ～('▽^人	love	emotions
kaomoji	(●♡∀♡)	love	emotions, heart
kaomoji	(｡♥‿♥｡)	love	emotions, heart
kaomoji	(♥ω♥ ) ~♪	love	emotions
kaomoji	(✿ ♥‿♥)	love	emotions, heart
kaomoji	٩(♡ε♡ )۶	love	emotions
kaomoji	(●♡∀♡))ヾ☆*。	love	emotions
kaomoji	❤⃛ヾ(๑❛ ▿ ◠๑ )	love	emotions
kaomoji	♥(ˆ⌣ˆԅ)	love	emotions, heart
kaomoji	(ﾉ´ з `)ノ	love	emotions
kaomoji	(♡-_-♡)	love	emotions
kaomoji	(◕‿◕)♡	love	emotions
kaomoji	(❤ω❤)	love	emotions
kaomoji	❤ (ɔˆз(ˆ⌣ˆc)	love	emotions
kaomoji	(˘∀˘)/(μ‿μ) ❤	love	emotions
kaomoji	(/^-^(^ ^*)/ ♡	love	emotions
kaomoji	♡＾▽＾♡	love	emotions, heart
kaomoji	♡ඩ⌔ඩ♡	love	emotions, heart
kaomoji	˖◛⁺⑅♡	love	emotions
kaomoji	(•ө•)♡	love	emotions, feminine, heart
kaomoji	(´∀｀)♡	love	emotions
kaomoji	˅ɞ♡⃛ʚ˅	love	emotions, heart
kaomoji	(♡´艸`)	love	emotions, shy, heart, laugh
kaomoji	♥（ﾉ´∀`）	love	emotions
kaomoji	(๑♡⌓♡๑)	love	emotions, heart
kaomoji	(´⌣`ʃƪ)	love	emotions
kaomoji	(‘∀’●)♡	love	emotions, heart
kaomoji	(♡´౪`♡)	love	emotions, heart
kaomoji	(´ε｀ )♡	love	emotions
kaomoji	ღゝ◡╹)ノ♡	love	emotions, heart
kaomoji	ヽ(o♡o)/	love	emotions, heart
kaomoji	(人･㉨･)♡	love	emotions, heart
kaomoji	(๑♡3♡๑)	love	emotions, heart, kiss
kaomoji	ƪ(♥ﻬ♥)ʃ	love	emotions, heart
kaomoji	⊂（♡⌂♡）⊃	love	emotions, heart, hug
kaomoji	(♡μ_μ)	love	emotions
kaomoji	(*^^*)♡	love	emotions
kaomoji	☆⌒ヽ(*'､^*)chu	love	emotions
kaomoji	(￣ε￣＠)	love	emotions
kaomoji	ヽ(♡‿♡)ノ	love	emotions
kaomoji	( ´ ∀ `)ノ～ ♡	love	emotions
kaomoji	(´｡• ᵕ •｡`) ♡	love	emotions
kaomoji	(*♡∀♡)	love	emotions
kaomoji	(´ ω `♡)	love	emotions
kaomoji	♡( ◡‿◡ )	love	emotions
kaomoji	(/▽＼*)｡o○♡	love	emotions
kaomoji	♡(｡- ω -)	love	emotions
kaomoji	♡ ～('▽^人)	love	emotions
kaomoji	(´• ω •`) ♡	love	emotions
kaomoji	( ´ ▽ ` ).｡ｏ♡	love	emotions
kaomoji	(*˘︶˘*).｡.:*♡	love	emotions
kaomoji	(♡˙︶˙♡)	love	emotions
kaomoji	(≧◡≦) ♡	love	emotions
kaomoji	(⌒▽⌒)♡	love	emotions
kaomoji	(*¯ ³¯*)♡	love	emotions
kaomoji	(っ˘з(˘⌣˘ ) ♡	love	emotions
kaomoji	♡ (˘▽˘>ԅ( ˘⌣˘)	love	emotions
kaomoji	( ˘⌣˘)♡(˘⌣˘ )	love	emotions
kaomoji	٩(♡ε♡)۶	love	emotions
kaomoji	σ(≧ε≦σ) ♡	love	emotions
kaomoji	♡ (⇀ 3 ↼)	love	emotions
kaomoji	♡ (￣З￣)	love	emotions
kaomoji	(´♡‿♡`)	love	emotions
kaomoji	(´꒳`)♡	love	emotions
kaomoji	♡(>ᴗ•)	love	emotions
kaomoji	(`ω´)	make up my mind	emotions
kaomoji	(´ｰ+｀)	make up my mind	emotions
kaomoji	(`・ω・´)	make up my mind	emotions
kaomoji	(￣･ω･￣)	make up my mind	emotions
kaomoji	(*＾∀ﾟ)ъ	make up my mind	emotions, wink
kaomoji	(ฅ`ω´ฅ)	make up my mind	emotions
kaomoji	ヾ(ﾟｪﾟゞ)	make up my mind	emotions
kaomoji	(｀･ω･´)	make up my mind	emotions
kaomoji	(๑ÒωÓ๑)	make up my mind	emotions
kaomoji	|｀･ω･)9	make up my mind	emotions
kaomoji	o(｀*ω*´)	make up my mind	emotions
kaomoji	( ｰ`дｰ´)	make up my mind	emotions
kaomoji	(+･｀⊇･)b	make up my mind	emotions
kaomoji	(　･`ω･´)	make up my mind	emotions
kaomoji	(｀･ω･´)+	make up my mind	emotions
kaomoji	(｀・ω・´)b	make up my mind	emotions
kaomoji	( +･｀ω･)b	make up my mind	emotions
kaomoji	ヾ(｀・ω・´)ノ	make up my mind	emotions
kaomoji	(｡+･｀ω･´)	make up my mind	emotions
kaomoji	(｀･ω･´) ｂ	make up my mind	emotions
kaomoji	(・`ω´・ ●)	make up my mind	emotions
kaomoji	d( ･ω´･+)	make up my mind	emotions
kaomoji	(｡+･`ω･´)	make up my mind	emotions
kaomoji	（σ｀・∀・´）σ	make up my mind	emotions
kaomoji	m9っ`･ω･´)	make up my mind	emotions, thats it
kaomoji	（　･`ー･´） +	make up my mind	emotions
kaomoji	o.(+･`ω･+).o	make up my mind	emotions
kaomoji	.*:ﾟ（｀・ω・´）ゝﾟ:*.	make up my mind	emotions
kaomoji	ب_ب	meh	emotions, unicode
kaomoji	▘▂▝	meh	emotions
kaomoji	¬_¬	meh	emotions
kaomoji	ˊ＿>ˋ	meh	emotions
kaomoji	*ಥ_ಥ*	meh	emotions
kaomoji	(・―・)	meh	emotions
kaomoji	(╯▅╰)	meh	emotions
kaomoji	凸-_-凸	middle finger	emotions
kaomoji	凸ಠ益ಠ)凸	middle finger	emotions
kaomoji	t(=n=)	middle finger	emotions
kaomoji	凸(¬‿¬)	middle finger	emotions
kaomoji	凸(>皿<)凸	middle finger	emotions
kaomoji	凸(｀0´)凸	middle finger	emotions
kaomoji	凸(｀△´＋)	middle finger	emotions
kaomoji	凸(⊙▂⊙ )	middle finger	emotions
kaomoji	凸(-0-メ)	middle finger	emotions
kaomoji	凸(-_-ﾒ)	middle finger	emotions
kaomoji	凸(｀△´＋）	middle finger	emotions
kaomoji	༼凸 ◉_◔༽凸	middle finger	emotions
kaomoji	凸(｀⌒´メ)凸	middle finger	emotions
kaomoji	凸༼ຈل͜ຈ༽凸	middle finger	emotions
kaomoji	t(- n -)t	middle finger	emotions
kaomoji	凸(｀ι _´メ）	middle finger	emotions
kaomoji	凸(^▼ｪ▼ﾒ^)	middle finger	emotions
kaomoji	༼✿◕ᗜ◕༽┌∩┐	middle finger	emotions
kaomoji	୧༼ಠ益ಠ╭∩╮༽	middle finger	emotions
kaomoji	╭∩╮(⋋‿⋌)ᕗ	middle finger	emotions
kaomoji	୧༼◔益◔╭∩╮༽	middle finger	emotions
kaomoji	( ︶︿︶)_╭∩╮	middle finger	emotions
kaomoji	t( -_- t )	middle finger	emotions
kaomoji	┌П┐(►˛◄’!)	middle finger	emotions
kaomoji	┌∩┐(◕◡◉)┌∩┐	middle finger	emotions
kaomoji	╭∩╮(ಠ۝ಠ)╭∩╮	middle finger	emotions
kaomoji	╭∩╮༼☯۝☯༽╭∩╮	middle finger	emotions
kaomoji	╭∩╮（︶︿︶）╭∩╮	middle finger	emotions
kaomoji	╭∩╮◕ل͜◕)╭∩╮	middle finger	emotions
kaomoji	凸〳 ಥ ڡ ಥ 〵凸	middle finger	emotions
kaomoji	╭∩╮ʕ•ᴥ•ʔ╭∩╮	middle finger	emotions
kaomoji	凸( •̀_•́ )凸	middle finger	emotions
kaomoji	╭∩╮(-_-)╭∩╮	middle finger	emotions
kaomoji	( ⊙⊙)	mind blown	emotions
kaomoji	(⊙ө⊙)	mind blown	emotions
kaomoji	(°ω°)	mind blown	emotions
kaomoji	∑(ʘдʘ)	mind blown	emotions
kaomoji	(ﾟДﾟ；)	mind blown	emotions
kaomoji	∑(°口°๑	mind blown	emotions
kaomoji	Σ( °o°)	mind blown	emotions
kaomoji	(๑°ㅁ°๑)	mind blown	emotions
kaomoji	( °-° )	mind blown	emotions
kaomoji	(ಥ﹏ಥ)	moaning	emotions, sad, cry
kaomoji	(TᐞT)	moaning	emotions
kaomoji	(°ଳ。)	moaning	emotions
kaomoji	( ꒪Д꒪)	moaning	emotions
kaomoji	(*﹏*๑)	moaning	emotions
kaomoji	( ´ｰ`)	moaning	emotions, proud
kaomoji	(⊃◜⌓◝⊂)	moaning	emotions
kaomoji	(๑*д*๑)	moaning	emotions
kaomoji	๛(-△-；)	moaning	emotions
kaomoji	(´×ω×`)	moaning	emotions, dead, other
kaomoji	(^◇^)	naughty	emotions
kaomoji	(￣∀￣)	naughty	emotions
kaomoji	∬´ｰ｀∬	naughty	emotions
kaomoji	( ･ｇ･)	naughty	emotions
kaomoji	Ψ(ｰ´)Ψ	naughty	emotions
kaomoji	Ψ(｀ｰ)ψ	naughty	emotions
kaomoji	(´ε｀ )	naughty	emotions
kaomoji	(゜∇ ゜)	naughty	emotions
kaomoji	(･-･*)	naughty	emotions
kaomoji	(✿❦ꇴ❦)	naughty	emotions
kaomoji	^^;	nervous	emotions, shy, sweating, worried
kaomoji	⚆ᗝ⚆	nervous	emotions, worried
kaomoji	●﹏●	nervous	emotions, worried
kaomoji	⊙﹏⊙	nervous	emotions, worried, unicode
kaomoji	⊙△⊙	nervous	emotions, worried
kaomoji	˚▱˚	nervous	emotions, worried
kaomoji	(｀´)	nervous	emotions, worried
kaomoji	(・・;	nervous	emotions, shy, sweating, worried
kaomoji	ଵ˛̼ଵ	nervous	emotions
kaomoji	(￣□￣)	nervous	emotions
kaomoji	(-｡-;	nervous	emotions
kaomoji	（／．＼）	nervous	emotions, scared
kaomoji	（/｡＼)	nervous	emotions, scared, shy
kaomoji	(ﾟдﾟ)	nervous	emotions, yummy
kaomoji	(O∆O)	nervous	emotions, scared
kaomoji	ゞ◎Д◎ヾ	nervous	emotions, scared
kaomoji	)Д⊙`)	nervous	emotions, hide, hiding you, actions
kaomoji	（ΩДΩ）	nervous	emotions, scared
kaomoji	(／。＼)	nervous	emotions, scared
kaomoji	(⊃д⊂)	nervous	emotions, scared
kaomoji	(☍﹏⁰)	nervous	emotions
kaomoji	(･д･)	nervous	emotions
kaomoji	(ⅈ▱ⅈ)	nervous	emotions
kaomoji	(๏д๏)	nervous	emotions
kaomoji	(¤﹏¤)	nervous	emotions
kaomoji	《ﾟДﾟ》	nervous	emotions
kaomoji	๑ΘдΘ๑	nervous	emotions
kaomoji	ミ●﹏☉ミ	nervous	emotions
kaomoji	(⊃‿⊂)	nervous	emotions, scared, hiding, hide, hiding you, actions
kaomoji	(ノдヽ)	nervous	emotions, scared
kaomoji	(꒪⌓꒪)	nervous	emotions
kaomoji	(-ω-ゞ	ok	emotions, roger that, saluting, salute hand, salute, actions
kaomoji	(^0^ゞ	ok	emotions
kaomoji	(^-^ゝ	ok	emotions
kaomoji	(￣ー￣ゞ	ok	emotions
kaomoji	(≧ω≦)ゞ	ok	emotions, roger that, salute hand, salute, actions
kaomoji	(-ω-)ゝ	ok	emotions, salute hand, salute, actions
kaomoji	(≧∇≦)b	ok	emotions, roger that
kaomoji	(´∪`d)	ok	emotions
kaomoji	(≧ω≦)b	ok	emotions
kaomoji	(≧з≦)b	ok	emotions
kaomoji	◕_◕	omg	emotions
kaomoji	(○□○)	omg	emotions
kaomoji	Σ(゜゜)	omg	emotions, surprised
kaomoji	(ﾟρﾟ;	omg	emotions
kaomoji	( ✧Д✧)	omg	emotions
kaomoji	(・□・；)	omg	emotions
kaomoji	(*ﾟﾛﾟ)	omg	emotions
kaomoji	Σ(･口･)	omg	emotions, shocked
kaomoji	(〇o〇；)	omg	emotions, surprised
kaomoji	(＠_＠;)	omg	emotions
kaomoji	|-^)v	peace sign	emotions, triumph
kaomoji	('ω')	peace sign	emotions, triumph
kaomoji	(*^^)v	peace sign	emotions
kaomoji	(^_^)v	peace sign	emotions, triumph
kaomoji	(^_-)v	peace sign	emotions, triumph
kaomoji	(^-^)v	peace sign	emotions
kaomoji	(^ー^)ｖ	peace sign	emotions
kaomoji	(＾コ＾)V	peace sign	emotions
kaomoji	(-_☆)V	peace sign	emotions
kaomoji	（＾コ＾）V	peace sign	emotions
kaomoji	✌('ω')	peace sign	emotions
kaomoji	(^o^)v	peace sign	emotions, triumph
kaomoji	v(￣ｰ￣)v	peace sign	emotions
kaomoji	y(^ｰ^)y	peace sign	emotions
kaomoji	(￣▽￣)V	peace sign	emotions, triumph
kaomoji	y(￣ー￣)y	peace sign	emotions
kaomoji	(=￣▽￣=)Ｖ	peace sign	emotions
kaomoji	Λ(＿Δ＿)Λ	peace sign	emotions
kaomoji	( v￣▽￣)	peace sign	emotions
kaomoji	v(｡･･｡)	peace sign	emotions
kaomoji	(*^-ﾟ)v	peace sign	emotions, wink
kaomoji	v(´∀｀*v)	peace sign	emotions
kaomoji	(○ﾟε＾○)v	peace sign	emotions
kaomoji	v(｡･ω･｡)	peace sign	emotions
kaomoji	v(*'-^*)ｂ	peace sign	emotions
kaomoji	( =￣+∇￣=)v	peace sign	emotions
kaomoji	♪v('∇'*)⌒☆	peace sign	emotions
kaomoji	✌三✌('ω')✌三✌	peace sign	emotions
kaomoji	✌三(✌'ω')✌三✌	peace sign	emotions
kaomoji	ｖ(⌒ｏ⌒)ｖ	peace sign	emotions
kaomoji	v(≧∇≦v)三(v≧∇≦)v	peace sign	emotions
kaomoji	(∵)	pensive	emotions, thinking
kaomoji	(︶︹︺)	pensive	emotions, sad, dissatisfaction
kaomoji	('_')	pensive	emotions
kaomoji	○几	pleading	emotions, please, beg
kaomoji	＿|￣|○	pleading	emotions, please, tired, beg, take a bow
kaomoji	人´∀｀)	pleading	emotions, please, thank you, beg
kaomoji	(￣十￣)	pleading	emotions, please, thank you, beg
kaomoji	(-m-)	pleading	emotions, please, thank you, beg
kaomoji	(；人；)	pleading	emotions, please, thank you, beg
kaomoji	Ω＼ζ゜)	pleading	emotions, please
kaomoji	(mm*)	pleading	emotions, please, thank you, beg
kaomoji	(￣人￣)	pleading	emotions, please, thank you, beg, praying, praying hands, actions
kaomoji	(-人-)	pleading	emotions, please, thank you, beg, praying, sorry, praying hands, actions, so sorry
kaomoji	σ)Д`)	pointing	emotions
kaomoji	(°ロ°)	pointing	emotions
kaomoji	(￢з￢)σ	pointing	emotions
kaomoji	→)╥﹏╥)	pointing	emotions
kaomoji	(σ・・)σ	pointing	emotions
kaomoji	(\・・)σ	pointing	emotions
kaomoji	(′∀`)σ	pointing	emotions
kaomoji	(｀ﾊ´)σ	pointing	emotions
kaomoji	(〃ﾉω)σ	pointing	emotions
kaomoji	σﾟﾛﾟ)σ	pointing	emotions, thats it
kaomoji	＝3＝	pouting	emotions
kaomoji	(￣s￣；	pouting	emotions
kaomoji	(￣ε￣)	pouting	emotions
kaomoji	( ￣＾￣)	pouting	emotions, bad mood
kaomoji	(´ﾟзﾟ)	pouting	emotions, bad mood
kaomoji	(´･з･)	pouting	emotions, bad mood
kaomoji	('ε'*)	pouting	emotions, bad mood
kaomoji	(o・3・)	pouting	emotions
kaomoji	(ﾟεﾟc)	pouting	emotions
kaomoji	(⌤⌗)	proud	emotions
kaomoji	(￣^￣)	proud	emotions
kaomoji	(-、-)	proud	emotions
kaomoji	(꒵꜅꒵)	proud	emotions
kaomoji	(｀へ′)	proud	emotions
kaomoji	╭⚈¬⚈╮	proud	emotions
kaomoji	(｀ڼ´)	proud	emotions
kaomoji	（’へ’）	proud	emotions
kaomoji	⚈ ̫ ⚈	proud	emotions
kaomoji	（￣へ￣）	proud	emotions
kaomoji	（￣＾￣）	proud	emotions
kaomoji	(´꒳`)	proud	emotions
kaomoji	(꒡ꜙ꒡)	proud	emotions
kaomoji	(^～^)	proud	emotions
kaomoji	(´Å｀)	proud	emotions
kaomoji	§ԾᴗԾ§	proud	emotions
kaomoji	（￣ー￣）	proud	emotions
kaomoji	(｀^´)	proud	emotions
kaomoji	（・―・）	proud	emotions
kaomoji	(￣‥￣)	proud	emotions
kaomoji	(￣⊿￣)	proud	emotions
kaomoji	(-∀-)	proud	emotions
kaomoji	（；￣︶￣）	proud	emotions
kaomoji	(￣︶￣;)	proud	emotions
kaomoji	( ⊙‿⊙)	proud	emotions
kaomoji	(◕_◕)	puppy eyes	emotions
kaomoji	(◕▽◕)	puppy eyes	emotions
kaomoji	V●ᴥ●V	puppy eyes	emotions, dog, animals
kaomoji	(◕ﻌ◕ )	puppy eyes	emotions
kaomoji	(￢￢)?	question mark	emotions
kaomoji	(?_?)	question mark	emotions
kaomoji	(‥ )?	question mark	emotions
kaomoji	(・・？)	question mark	emotions
kaomoji	( ‥)？	question mark	emotions
kaomoji	(?--)	question mark	emotions
kaomoji	(--?)	question mark	emotions
kaomoji	(・∀・)?	question mark	emotions
kaomoji	(ﾟ_｡)?	question mark	emotions
kaomoji	(・・∂)?	question mark	emotions
kaomoji	(≧ω≦。)	rofl	emotions
kaomoji	(ﾟ艸ﾟ*)	rofl	emotions
kaomoji	(*ゝ艸・)	rofl	emotions
kaomoji	(*≧▽≦)σ	rofl	emotions
kaomoji	(*´∀｀*)	rofl	emotions, blush
kaomoji	(つ∀｀ｏ)っ	rofl	emotions
kaomoji	(*>∀<)ﾉ)	rofl	emotions
kaomoji	(≧∀≦ゞ	roger that	emotions, saluting, salute hand, salute, actions
kaomoji	(｀-´)>	roger that	emotions, saluting
kaomoji	∠(｀∪´)	roger that	emotions
kaomoji	|`Д´)＞	roger that	emotions
kaomoji	(・∀-d)	roger that	emotions
kaomoji	(`Д´)ゞ	roger that	emotions, salute hand, salute, actions
kaomoji	|▼皿▼)b	roger that	emotions
kaomoji	(●・ω・)b	roger that	emotions
kaomoji	ｄ(´▽｀*)	roger that	emotions
kaomoji	(*゜－＾)ゞ	roger that	emotions
kaomoji	(°∀°)ゝ”	roger that	emotions
kaomoji	(*｀Ω´)b	roger that	emotions
kaomoji	(＞Д＜)ゝ”	roger that	emotions
kaomoji	(=ﾟ▽ﾟ)/	roger that	emotions
kaomoji	('∀`)ゝ”	roger that	emotions
kaomoji	( ｀д´)b	roger that	emotions
kaomoji	d(￣▽￣o)	roger that	emotions
kaomoji	(*>ω<)b	roger that	emotions
kaomoji	(｀∀´)ゝ”	roger that	emotions
kaomoji	d(´･ω･`)	roger that	emotions
kaomoji	(*´ω｀*)ノ	roger that	emotions
kaomoji	(★´ω｀★)ゞ	roger that	emotions
kaomoji	(●´･∀･)b	roger that	emotions
kaomoji	d(*ﾟーﾟ*)	roger that	emotions
kaomoji	☆(･ω･*)ゞ	roger that	emotions
kaomoji	(●⌒∇⌒●)b	roger that	emotions
kaomoji	TnT	sad	emotions, sobbing
kaomoji	Q_Q	sad	emotions, sobbing
kaomoji	╥﹏╥	sad	emotions, sobbing, cry
kaomoji	⊛ठ̯⊛	sad	emotions
kaomoji	(ㄒoㄒ)	sad	emotions
kaomoji	(Ｔ▽Ｔ)	sad	emotions, cry
kaomoji	（ｉДｉ）	sad	emotions, cry
kaomoji	（；へ：）	sad	emotions, cry
kaomoji	(╥_╥)	sad	emotions, cry
kaomoji	(T⌓T)	sad	emotions, cry
kaomoji	（´＿｀）	sad	emotions
kaomoji	(T＿T)	sad	emotions, cry
kaomoji	(;﹏;)	sad	emotions, cry
kaomoji	(ToT)	sad	emotions, cry
kaomoji	(T_T)	sad	emotions
kaomoji	(个_个)	sad	emotions
kaomoji	(⋟﹏⋞)	sad	emotions, cry
kaomoji	(ノ﹏ヽ)	sad	emotions, cry
kaomoji	(┳Д┳)	sad	emotions, cry
kaomoji	༶ඬ༝ඬ༶	sad	emotions
kaomoji	(◕︿◕✿)	sad	emotions, flower, flower face, other
kaomoji	(つ﹏<。)	sad	emotions
kaomoji	(-_-)	sad	emotions, sleeping man, sleeping, actions
kaomoji	.･ﾟﾟ･(／ω＼)･ﾟﾟ･.	sad	emotions
kaomoji	(μ_μ)	sad	emotions
kaomoji	(-ω-、)	sad	emotions
kaomoji	。゜゜(´Ｏ`) ゜゜。	sad	emotions
kaomoji	o(TヘTo)	sad	emotions
kaomoji	( ; ω ; )	sad	emotions
kaomoji	(｡╯︵╰｡)	sad	emotions
kaomoji	｡･ﾟﾟ*(>д<)*ﾟﾟ･｡	sad	emotions
kaomoji	( ﾟ，_ゝ｀)	sad	emotions
kaomoji	(╯︵╰,)	sad	emotions
kaomoji	｡･ﾟ(ﾟ><ﾟ)ﾟ･｡	sad	emotions
kaomoji	( ╥ω╥ )	sad	emotions
kaomoji	(╯_╰)	sad	emotions
kaomoji	.｡･ﾟﾟ･(＞_＜)･ﾟﾟ･｡.	sad	emotions
kaomoji	(／ˍ・、)	sad	emotions
kaomoji	(ノ_<、)	sad	emotions
kaomoji	(╥﹏╥)	sad	emotions
kaomoji	｡ﾟ(｡ﾉωヽ｡)ﾟ｡	sad	emotions
kaomoji	(つω`｡)	sad	emotions
kaomoji	(｡T ω T｡)	sad	emotions
kaomoji	(ﾉω･､)	sad	emotions
kaomoji	･ﾟ･(｡>ω<｡)･ﾟ･	sad	emotions
kaomoji	(>_<)	sad	emotions, scared
kaomoji	(っ˘̩╭╮˘̩)っ	sad	emotions
kaomoji	｡ﾟ･ (>﹏<) ･ﾟ｡	sad	emotions
kaomoji	o(〒﹏〒)o	sad	emotions
kaomoji	(｡•́︿•̀｡)	sad	emotions
kaomoji	(ಡ‸ಡ)	sad	emotions
kaomoji	(,Α,)	sarcastic	emotions
kaomoji	(.-.)	sarcastic	emotions
kaomoji	(＿Д＿)	sarcastic	emotions
kaomoji	(e⌒e)	sarcastic	emotions
kaomoji	(。￣。)	sarcastic	emotions
kaomoji	(*＿∇＿)	sarcastic	emotions
kaomoji	(｡△｡*)	sarcastic	emotions
kaomoji	(_□_；)	sarcastic	emotions, shocked
kaomoji	(｡□｡；)	sarcastic	emotions
kaomoji	(ΩДΩ)	scared	emotions
kaomoji	(/｡＼)	scared	emotions, shy
kaomoji	（／_＼）	scared	emotions
kaomoji	(゜Д゜*)	scared	emotions
kaomoji	(ﾟДﾟ;)	scared	emotions, sweat
kaomoji	§;ﾟﾛﾟ§	scared	emotions
kaomoji	(꒪ȏ꒪;)	scared	emotions
kaomoji	( ﾉД`)	scared	emotions
kaomoji	(-@Д@)	scared	emotions
kaomoji	(ﾟДﾟ；∬	scared	emotions
kaomoji	⊂（゜Д゜⊂	scared	emotions
kaomoji	⊃゜Д゜）⊃	scared	emotions
kaomoji	（´皿｀；）	scared	emotions
kaomoji	(＠O＠;)	scared	emotions
kaomoji	( ⁰д⁰)	scared	emotions
kaomoji	) ゜o゜(	scared	emotions
kaomoji	(ノ′Дヾ)	scared	emotions
kaomoji	(　〇□〇）	scared	emotions, tired
kaomoji	(/;◇;)/	scared	emotions
kaomoji	џ(ºДºџ)	scared	emotions
kaomoji	ヽ(ﾟДﾟ)ﾉ	scared	emotions
kaomoji	(ノωヽ)	scared	emotions
kaomoji	(ﾉ_ヽ)	scared	emotions
kaomoji	..・ヾ(。＞＜)シ	scared	emotions
kaomoji	(″ロ゛)	scared	emotions
kaomoji	(;;;*_*)	scared	emotions
kaomoji	(・人・)	scared	emotions
kaomoji	＼(〇_ｏ)／	scared	emotions
kaomoji	(/_＼)	scared	emotions
kaomoji	〜(＞＜)〜	scared	emotions
kaomoji	Σ(°△°|||)︴	scared	emotions
kaomoji	(((＞＜)))	scared	emotions
kaomoji	{{ (>_<) }}	scared	emotions
kaomoji	＼(º □ º l|l)/	scared	emotions
kaomoji	〣( ºΔº )〣	scared	emotions
kaomoji	▓▒░(°◡°)░▒▓	scared	emotions
kaomoji	(」’ω’)」	screaming	emotions
kaomoji	(」°ﾛ°)｣	screaming	emotions
kaomoji	(*´□`)<	screaming	emotions
kaomoji	(」･o･)」	screaming	emotions
kaomoji	o(≧◇≦)o	screaming	emotions
kaomoji	(」ﾟOﾟ)」	screaming	emotions
kaomoji	(　ﾟДﾟ)＜	screaming	emotions
kaomoji	(￣b￣)	shh	emotions
kaomoji	(￣ｰ)b	shh	emotions
kaomoji	d(ｰ￣)	shh	emotions
kaomoji	(￣b￣;)	shh	emotions
kaomoji	(*￣b￣*)	shh	emotions
kaomoji	(o′З`b)	shh	emotions
kaomoji	(　´皿｀)b	shh	emotions
kaomoji	(*′з`b)	shh	emotions
kaomoji	:O	shocked	emotions
kaomoji	oO	shocked	emotions
kaomoji	°o°	shocked	emotions, surprised, wow
kaomoji	°O°	shocked	emotions, surprised, wow
kaomoji	o_O	shocked	emotions, surprised, wow
kaomoji	o_0	shocked	emotions, surprised, wow
kaomoji	o.O	shocked	emotions, surprised, wow
kaomoji	(°◇°)	shocked	emotions
kaomoji	(o.o)	shocked	emotions
kaomoji	(*_*)	shocked	emotions, dead, other
kaomoji	(゜ロ゜)	shocked	emotions
kaomoji	；￣ロ￣）	shocked	emotions
kaomoji	（￣□￣；）	shocked	emotions
kaomoji	(ﾟωﾟ;)	shocked	emotions
kaomoji	Σ(T□T)	shocked	emotions, surprised
kaomoji	(ﾟдﾟ；)	shocked	emotions, sweat
kaomoji	(●Ω●;)	shocked	emotions
kaomoji	(￣■￣;)	shocked	emotions
kaomoji	(ʘᗩʘ’)	shocked	emotions
kaomoji	（∂△∂；）	shocked	emotions
kaomoji	(◯Δ◯∥)	shocked	emotions
kaomoji	(ʘ言ʘ╬)	shocked	emotions, surprised
kaomoji	Σ(ﾟÅﾟ)	shocked	emotions
kaomoji	(゜Д゜;)	shocked	emotions
kaomoji	Σ(ﾟДﾟ)	shocked	emotions
kaomoji	(ー∀ー；)	shocked	emotions
kaomoji	Σ(ＴωＴ)	shocked	emotions
kaomoji	�(ﾟ□ﾟ*川	shocked	emotions
kaomoji	(;Ⅲ□Ⅲ;)	shocked	emotions
kaomoji	（￣□||||	shocked	emotions
kaomoji	（*￣□￣*；	shocked	emotions
kaomoji	Σ(‐△‐●)	shocked	emotions
kaomoji	Σ(▼□▼ﾒ)	shocked	emotions, glasses
kaomoji	(∩╹□╹∩)	shocked	emotions
kaomoji	ΣΣ(ﾟДﾟ;)	shocked	emotions
kaomoji	Σ(`･ω･Ⅲ)	shocked	emotions
kaomoji	∑(ΦдΦlll	shocked	emotions
kaomoji	＝(￣□￣;)⇒	shocked	emotions
kaomoji	┐(´∀｀)┌	shrugging	emotions, shrug
kaomoji	ʅ(́◡◝)ʃ	shrugging	emotions, shrug
kaomoji	^_^;	shy	emotions, sweating
kaomoji	(^^;)	shy	emotions, sweating
kaomoji	(ノ▽〃)	shy	emotions
kaomoji	(〃ー〃)	shy	emotions
kaomoji	(〃艸〃)	shy	emotions
kaomoji	(´つヮ⊂)	shy	emotions
kaomoji	(／≧ω＼)	shy	emotions
kaomoji	ʕ*ﾉᴥﾉʔ	shy	emotions
kaomoji	(/へ＼*)	shy	emotions
kaomoji	(*ﾉдﾉ)	shy	emotions
kaomoji	(ﾉ∇≦*)	shy	emotions
kaomoji	(^◇^；)	shy	emotions
kaomoji	|▽//)ゝ	shy	emotions
kaomoji	(〃´∀｀)	shy	emotions
kaomoji	ꈍ .̮ ꈍ	shy	emotions
kaomoji	(〃∀〃)ゞ	shy	emotions
kaomoji	( 〃．．)	shy	emotions
kaomoji	(｡･･｡)	shy	emotions
kaomoji	6("ー )	shy	emotions
kaomoji	＞λ	sick	emotions, throwing up, puking, vomitings, vomiting, actions
kaomoji	*ᆺ*	sick	emotions
kaomoji	;︿;	sick	emotions
kaomoji	˟˙˟	sick	emotions
kaomoji	๑﹏๑	sick	emotions
kaomoji	● ﹏☉	sick	emotions
kaomoji	(хдх)	sick	emotions, throwing up, puking, vomitings, vomit, vomiting, actions
kaomoji	(´＊｀)	sick	emotions, throwing up, puking, vomitings, vomiting, actions
kaomoji	(≧ｍ≦)	sick	emotions, throwing up, puking, vomitings, vomiting, actions
kaomoji	(＾～＾)	sick	emotions, throwing up, puking, vomitings, vomiting, actions
kaomoji	￣Д￣＝３	sighing	emotions
kaomoji	(´`)=3	sighing	emotions
kaomoji	(￣Д)＝３	sighing	emotions
kaomoji	( ˘▾˘)~	sighing	emotions
kaomoji	ε=Σ(￣ )	sighing	emotions
kaomoji	ε-(ｰдｰ)	sighing	emotions
kaomoji	ε-(´・｀)	sighing	emotions, upset
kaomoji	(╬0∀0=3	sighing	emotions
kaomoji	(o´Å｀)=з	sighing	emotions
kaomoji	(?0∀0)=3	sighing	emotions
kaomoji	＾ω＾	smiling	emotions, smile
kaomoji	▼ω▼	smiling	emotions, glasses, smile
kaomoji	*^_^*	smiling	emotions
kaomoji	¬‿¬	smirking	emotions
kaomoji	(　￣ー)	smirking	emotions, grin
kaomoji	┫￣旦￣┣	smirking	emotions, grin
kaomoji	(＿ー＿)	smirking	emotions
kaomoji	(・。・)ｙ～	smoking	emotions
kaomoji	(｀д′)y▂ξ	smoking	emotions
kaomoji	(W。-)v-～	smoking	emotions
kaomoji	<(￣3￣)y▂ξ	smoking	emotions
kaomoji	(￣ c￣)y▂ξ	smoking	emotions
kaomoji	(´Д`)y-~~	smoking	emotions
kaomoji	(＾-＾)y-~~	smoking	emotions
kaomoji	(｀∀´)y-~~	smoking	emotions
kaomoji	(´ー`)y-~~	smoking	emotions
kaomoji	(_ _)y-~~	smoking	emotions
kaomoji	☆彡	sparkling	emotions
kaomoji	☆ミ	sparkling	emotions
kaomoji	(-д☆)	sparkling	emotions
kaomoji	(☆ω☆*)	sparkling	emotions
kaomoji	(＋´∀｀)	sparkling	emotions
kaomoji	(＋´ω｀)	sparkling	emotions
kaomoji	(＋´皿｀)	sparkling	emotions
kaomoji	(＋´З｀)	sparkling	emotions
kaomoji	(＋´Д｀)	sparkling	emotions
kaomoji	(ღ✪ｖ✪)	sparkling	emotions
kaomoji	(*✹*)	star eyes	emotions
kaomoji	(✧u✧)	star eyes	emotions
kaomoji	(☆∀☆)	star eyes	emotions
kaomoji	(☆□☆)	star eyes	emotions
kaomoji	(☆_☆)	star eyes	emotions
kaomoji	ב_ב	stressed	emotions
kaomoji	ಠಿ_ಠ	stressed	emotions
kaomoji	(-_ゞ	stressed	emotions
kaomoji	(・へ・)	stressed	emotions
kaomoji	(눈‸눈)	stressed	emotions
kaomoji	(⍪_⍪)	stressed	emotions
kaomoji	❚█══█❚	strong	emotions
kaomoji	ᕦ(ò_óˇ)	strong	emotions
kaomoji	ᕙ(⊙‸⊙)ᕗ	strong	emotions
kaomoji	ᕙ(⇀‸↼‶)	strong	emotions
kaomoji	ᕙ(o‸o)ᕗ	strong	emotions
kaomoji	୧ ☉□☉ ୨	strong	emotions
kaomoji	ᕦ(⚆Ѡ⚆)ᕥ	strong	emotions
kaomoji	⊙０⊙	surprised	emotions, wow
kaomoji	(¨!	surprised	emotions, wow
kaomoji	⊙▂⊙	surprised	emotions, wow
kaomoji	꒪ꄱ꒪	surprised	emotions, wow
kaomoji	◎ܫ◎	surprised	emotions, wow
kaomoji	（◎0◎）	surprised	emotions
kaomoji	（○Ａ○）	surprised	emotions
kaomoji	（´〇｀）	surprised	emotions
kaomoji	(ﾟoﾟ)	surprised	emotions
kaomoji	⑉ႣỏႣ⑉	surprised	emotions
kaomoji	（゜◇゜）	surprised	emotions
kaomoji	(இ௦இ)	surprised	emotions
kaomoji	(・о・)	surprised	emotions
kaomoji	（ФоФ)	surprised	emotions
kaomoji	(☉∀☉)	surprised	emotions
kaomoji	(○o○)	surprised	emotions
kaomoji	（○□○）	surprised	emotions
kaomoji	༼⁰o⁰；༽	surprised	emotions
kaomoji	（・□・；）	surprised	emotions
kaomoji	（°o°；）	surprised	emotions
kaomoji	( ﾟoﾟ)	surprised	emotions
kaomoji	Σ(꒪ȏ꒪)	surprised	emotions
kaomoji	(⑉⊙ȏ⊙)	surprised	emotions
kaomoji	(＃´Ｏ｀)	surprised	emotions
kaomoji	(°o°:)	surprised	emotions
kaomoji	w(°ｏ°)w	surprised	emotions
kaomoji	ヽ(°〇°)ﾉ	surprised	emotions
kaomoji	Σ(O_O)	surprised	emotions
kaomoji	Σ(°ロ°)	surprised	emotions
kaomoji	(⊙_⊙)	surprised	emotions
kaomoji	(o_O)	surprised	emotions
kaomoji	(O_O;)	surprised	emotions
kaomoji	(O.O)	surprised	emotions
kaomoji	(°ロ°) !	surprised	emotions
kaomoji	(o_O) !	surprised	emotions
kaomoji	(□_□)	surprised	emotions
kaomoji	Σ(□_□)	surprised	emotions
kaomoji	∑(O_O;)	surprised	emotions
kaomoji	( : ౦ ‸ ౦ : )	surprised	emotions
kaomoji	←_←	suspicious	emotions
kaomoji	→_→	suspicious	emotions
kaomoji	(◔_◔)	suspicious	emotions
kaomoji	(＇ｪ＇)	suspicious	emotions
kaomoji	|ｮω￢)	suspicious	emotions
kaomoji	|ｮω･)	suspicious	emotions
kaomoji	-＝･＝-	suspicious	emotions
kaomoji	(￢_￢)	suspicious	emotions, doubt
kaomoji	(→_→)	suspicious	emotions, doubt
kaomoji	-_-b	sweating	emotions
kaomoji	^_^"	sweating	emotions
kaomoji	(￣ー￣；	sweating	emotions, sweat
kaomoji	(＠Д＠；	sweating	emotions, sweat
kaomoji	▼皿▼	teeth	emotions
kaomoji	▼ш▼	teeth	emotions
kaomoji	(◉ϖ◉)	teeth	emotions
kaomoji	(・ш・)	teeth	emotions
kaomoji	(･ш･)	teeth	emotions
kaomoji	(・廿・)	teeth	emotions
kaomoji	(・甘・)	teeth	emotions
kaomoji	(-皿-)	teeth	emotions
kaomoji	(꒪ш꒪)	teeth	emotions
kaomoji	(☍ш⁰)	teeth	emotions
kaomoji	(＾人＾)	thank you	emotions
kaomoji	(uωu人)	thank you	emotions, beg
kaomoji	(´π`)	throwing up	emotions, puking, vomitings, vomit, vomiting, actions
kaomoji	(＊Л＊)	throwing up	emotions, puking, vomitings, vomiting, actions
kaomoji	(xpx)	throwing up	emotions, puking, vomitings, vomiting, actions
kaomoji	(●≧艸≦)	throwing up	emotions
kaomoji	益p	thumbs down	emotions
kaomoji	ˋ皿ˊp	thumbs down	emotions
kaomoji	ˋ3ˊp	thumbs down	emotions
kaomoji	ಠ_ಠp	thumbs down	emotions
kaomoji	⋋_⋌p	thumbs down	emotions
kaomoji	눈_눈p	thumbs down	emotions
kaomoji	ಠ⌣ಠp	thumbs down	emotions
kaomoji	ಠ▃ಠp	thumbs down	emotions
kaomoji	ఠ ͟ಠp	thumbs down	emotions
kaomoji	ノಠ_ಠノp	thumbs down	emotions
kaomoji	(＾＾)b	thumbs up	emotions
kaomoji	(^^)b	thumbs up	emotions
kaomoji	d(-_^)	thumbs up	emotions, wink
kaomoji	d(⌒ー⌒)	thumbs up	emotions
kaomoji	d(-_☆)	thumbs up	emotions
kaomoji	(´∀`)b	thumbs up	emotions
kaomoji	(￣ー￣)b	thumbs up	emotions
kaomoji	(＾＾)ｂ	thumbs up	emotions
kaomoji	(^^)ｂ	thumbs up	emotions
kaomoji	（´∀`）ｂ	thumbs up	emotions
kaomoji	(￣ー￣)ｂ	thumbs up	emotions
kaomoji	(b~_^)b	thumbs up	emotions
kaomoji	(b^_^)b	thumbs up	emotions
kaomoji	d(>_・ )	thumbs up	emotions
kaomoji	d(>_< )	thumbs up	emotions
kaomoji	(*TｰT)b	thumbs up	emotions
kaomoji	b(~_^)d	thumbs up	emotions
kaomoji	d(･∀･○)	thumbs up	emotions
kaomoji	(*TーT)b	thumbs up	emotions
kaomoji	(￣ε￣〃)ｂ	thumbs up	emotions
kaomoji	d(ﾟｰﾟ@)	thumbs up	emotions
kaomoji	d(>_･ )	thumbs up	emotions
kaomoji	(o^-’)b	thumbs up	emotions
kaomoji	( ﾟДﾟ)b	thumbs up	emotions
kaomoji	ｄ(*￣o￣)	thumbs up	emotions
kaomoji	d(￣◇￣)b	thumbs up	emotions
kaomoji	(o^-')b	thumbs up	emotions
kaomoji	(*^-ﾟ)b	thumbs up	emotions
kaomoji	b(￣▽￣*)	thumbs up	emotions
kaomoji	(*￣▽￣)d	thumbs up	emotions
kaomoji	(　´∀｀)b	thumbs up	emotions
kaomoji	(ｏ'ｖ｀ｂ)ｂ	thumbs up	emotions
kaomoji	╭( ･ㅂ･)و	thumbs up	emotions, try my best
kaomoji	ＯＴＬ	tired	emotions
kaomoji	ｏｒｚ	tired	emotions
kaomoji	＿ﾉフ○	tired	emotions
kaomoji	(￣Д￣	tired	emotions
kaomoji	(－－；	tired	emotions
kaomoji	(=_=)	tired	emotions
kaomoji	(´。｀)	tired	emotions
kaomoji	(￣Ω￣)	tired	emotions
kaomoji	(A´Å｀	tired	emotions
kaomoji	（－－；	tired	emotions
kaomoji	（´。｀)	tired	emotions
kaomoji	（￣Ω￣）	tired	emotions
kaomoji	A^-^)	tired	emotions
kaomoji	(∋д∈)	tired	emotions
kaomoji	(・。-;	tired	emotions
kaomoji	（´・｀）	tired	emotions
kaomoji	(*Q*)	tired	emotions
kaomoji	(／０￣)	tired	emotions
kaomoji	(-。-;	tired	emotions
kaomoji	(´Д｀)	tired	emotions
kaomoji	(;´Д｀)	tired	emotions, sweat
kaomoji	（＾。＾；）	tired	emotions
kaomoji	（´＿｀;）	tired	emotions
kaomoji	（；￣д￣）	tired	emotions
kaomoji	（´ヘ｀；）	tired	emotions, upset
kaomoji	(´Д｀)ヾ	tired	emotions
kaomoji	(´ヘ｀;)	tired	emotions
kaomoji	(;・・;)	tired	emotions
kaomoji	（○o●;）	tired	emotions
kaomoji	(´皿｀;)	tired	emotions
kaomoji	(*ﾉω-)	tired	emotions
kaomoji	(＾－＾)v	triumph	emotions
kaomoji	(・∀・)v	triumph	emotions
kaomoji	(ゝ∀･)v	triumph	emotions
kaomoji	(･ω･)v	try my best	emotions
kaomoji	(*ゝ∀･)v	try my best	emotions
kaomoji	ヽ(ﾟ∀｡)ﾉ	try my best	emotions
kaomoji	(●≧ω≦)9	try my best	emotions
kaomoji	o(｀^´*)	try my best	emotions
kaomoji	(★ｕдｕ)σ	try my best	emotions
kaomoji	(〃-ー-)ﾉ	try my best	emotions
kaomoji	(*・`д・)	try my best	emotions
kaomoji	(●｀･皿･)	try my best	emotions
kaomoji	(´_¨｀)9	try my best	emotions
kaomoji	(￣`Д´￣)9	try my best	emotions
kaomoji	(★-皿-★)9	try my best	emotions
kaomoji	(`･ω･´)9	try my best	emotions
kaomoji	v(●´皿｀)o	try my best	emotions
kaomoji	(9｀･ω･)9	try my best	emotions
kaomoji	(`•ω•´๑)	try my best	emotions
kaomoji	(｡o´д｀)o	try my best	emotions
kaomoji	┗(｀･∀･´●)	try my best	emotions
kaomoji	(๑•̀ㅁ•́ฅ✧	try my best	emotions
kaomoji	o(-ε´･+)b	try my best	emotions
kaomoji	(๑˃̵ᴗ˂̵)و	try my best	emotions, feminine
kaomoji	(○｀･Д･´)9	try my best	emotions
kaomoji	┗(｀・ω・´)┛	try my best	emotions
kaomoji	【★´┏Д┓｀】ﾉ	try my best	emotions
kaomoji	(ง •̀ω•́)ง✧	try my best	emotions
kaomoji	( •̀ᄇ• ́)ﻭ✧	try my best	emotions
kaomoji	( • ̀ω•́  )✧	try my best	emotions
kaomoji	୧(๑❛ั⌔❛ั๑)୨ ॢ	try my best	emotions
kaomoji	＼\٩( 'ω' )و //／	try my best	emotions
kaomoji	Uwu	uwu	emotions
kaomoji	uwU	uwu	emotions
kaomoji	ÚwÚ	uwu	emotions
kaomoji	☆w☆	uwu	emotions
kaomoji	✧w✧	uwu	emotions
kaomoji	♥w♥	uwu	emotions
kaomoji	ᵕ꒳ᵕ	uwu	emotions
kaomoji	ᵘʷᵘ	uwu	emotions
kaomoji	OwO/	waving hand	emotions, hello, hello hi, actions
kaomoji	(^^)/	waving hand	emotions, hello, hello hi, actions
kaomoji	￣O￣)ノ	waving hand	emotions, hello, hello hi, actions
kaomoji	ヾ ^_^	waving hand	emotions
kaomoji	(^_^)/	waving hand	emotions, hello, hello hi, actions
kaomoji	(;_;)/	waving hand	emotions, hello, hello hi, actions
kaomoji	(^.^)/	waving hand	emotions, hello, hello hi, actions
kaomoji	(-_-)/	waving hand	emotions, hello, hello hi, actions
kaomoji	($··)/	waving hand	emotions, hello, hello hi, actions
kaomoji	(@^^)/	waving hand	emotions, hello, hello hi, actions
kaomoji	༎ຶ‿༎ຶ	weird	emotions
kaomoji	(ΘLΘ)	weird	emotions
kaomoji	•✞_✞•	weird	emotions
kaomoji	ლↂ‿‿ↂლ	weird	emotions
kaomoji	(☉౪ ⊙)	weird	emotions
kaomoji	(╬⓪益⓪)	weird	emotions
kaomoji	☜Ҩↂ⼼ↂҨ☞	weird	emotions
kaomoji	(*☻-☻*)	weird	emotions
kaomoji	☁ ☝ˆ~ˆ☂	weird	emotions
kaomoji	༽つ۞﹏۞༼つ	weird	emotions
kaomoji	(╬ಠิ益ಠิ)	weird	emotions
kaomoji	( ◉◞౪◟◉)	weird	emotions
kaomoji	༼▃ Ĺ̯ ▃༽	weird	emotions
kaomoji	(༎ຶꈊ༎ຶ╬)	weird	emotions
kaomoji	(╬ﾟ◥益◤ﾟ)	weird	emotions
kaomoji	(☄ฺ♛ฺ3♛ฺ	weird	emotions
kaomoji	（☝ ՞ਊ ՞）☝	weird	emotions
kaomoji	( ༎ຶŎ༎ຶ )	weird	emotions
kaomoji	✌.ʕʘ‿ʘʔ.✌	weird	emotions
kaomoji	☾ ♛ ◡ ♛ ☽	weird	emotions
kaomoji	(╯⊙ ⊱ ⊙╰ )	weird	emotions
kaomoji	（ლ ^ิ౪^ิ）ლ	weird	emotions
kaomoji	( ´థ,_‥థ｀)	weird	emotions
kaomoji	;´༎ຶਊ ༎ຶ`;	weird	emotions
kaomoji	(;≧皿≦)	yawning	emotions
kaomoji	(´□｀川)	yawning	emotions
kaomoji	(o´Д`)	yawning	emotions
kaomoji	∑(￣□￣)	yawning	emotions
kaomoji	《*´0｀》	yawning	emotions
kaomoji	(*＇◎＇)	yawning	emotions
kaomoji	( ´Ｏ｀)	yawning	emotions
kaomoji	(*´0)ゞ	yawning	emotions
kaomoji	( ⊃Д∂)	yawning	emotions
kaomoji	( ‘ω’)	yummy	emotions
kaomoji	(≧ڡ≦*)	yummy	emotions, tongue, tongues, actions
kaomoji	(●>艸<)	yummy	emotions
kaomoji	(っˆڡˆς)	yummy	emotions
kaomoji	（￣s￣；	bad mood	emotions
kaomoji	（￣ε￣）	bad mood	emotions
kaomoji	（＞μ＜＃）	bad mood	emotions
kaomoji	(ｰ ｰ;)	bad mood	emotions
kaomoji	(´･･`)	bad mood	emotions
kaomoji	(ó﹏ò｡)	bad mood	emotions
kaomoji	(・ε・｀*)	bad mood	emotions
kaomoji	(´･д･｀)	bad mood	emotions
kaomoji	(。・ε・。)	bad mood	emotions
kaomoji	(´･_･｀)	bad mood	emotions
kaomoji	( *｀з´)	bad mood	emotions
kaomoji	(*･ε･*)	bad mood	emotions
kaomoji	( *ﾟзﾟ)	bad mood	emotions
kaomoji	(´-ε-｀)	bad mood	emotions
kaomoji	(´･ε･｀)	bad mood	emotions
kaomoji	(-公- ;)	bad mood	emotions
kaomoji	(・ε・`*)	bad mood	emotions
kaomoji	(*・ε・*)	bad mood	emotions
kaomoji	(･ε･｀ )	bad mood	emotions
kaomoji	(=｀.´=)	bad mood	emotions
kaomoji	(￣ε(#￣)	bad mood	emotions
kaomoji	(´･ｪ･｀)	bad mood	emotions
kaomoji	(●´^｀●)	bad mood	emotions
kaomoji	Ω＼ζ゜）	beg	emotions
kaomoji	（＾人＾）	beg	emotions
kaomoji	(/∇≦*)	beg	emotions
kaomoji	（×÷×）人	beg	emotions
kaomoji	(人･∀･)	beg	emotions
kaomoji	(ﾟ∀ﾟ人)	beg	emotions
kaomoji	(」ﾟДﾟ」	beg	emotions
kaomoji	((_　_*	beg	emotions
kaomoji	（人･ω･)	beg	emotions
kaomoji	|･ω･)ﾉ	beg	emotions
kaomoji	(人ゝд∩)	beg	emotions
kaomoji	(人・ェ・)	beg	emotions
kaomoji	（－||－）	beg	emotions
kaomoji	(人εﾟ●)	beg	emotions
kaomoji	(人ФｴФ)	beg	emotions
kaomoji	人´･皿･)	beg	emotions
kaomoji	ヽ(-Д-◎	beg	emotions
kaomoji	(人ゝω・）	beg	emotions
kaomoji	(人ﾟ∀ﾟ)	beg	emotions
kaomoji	(*^_^*)	blush	emotions
kaomoji	(•ﾟдﾟ•)	blush	emotions
kaomoji	(*ﾟ∀ﾟ*)	blush	emotions
kaomoji	(^-^*)ノ	blush	emotions
kaomoji	(・´ｪ｀・)	blush	emotions
kaomoji	(*´ω｀*)	blush	emotions
kaomoji	(*´_ゝ｀)	blush	emotions
kaomoji	(*´ｪ｀*)	blush	emotions
kaomoji	(*´∀`*)	blush	emotions
kaomoji	(*ﾟｪﾟ*)	blush	emotions
kaomoji	( *∵* )	blush	emotions
kaomoji	(*ﾟｰﾟ)ゞ	blush	emotions
kaomoji	(●´艸｀)ヾ	blush	emotions
kaomoji	v(・∀・*)	blush	emotions
kaomoji	v(^∀^*)	blush	emotions
kaomoji	(*´-｀*)	blush	emotions
kaomoji	(*´台｀*)	blush	emotions
kaomoji	(*´I`*)	blush	emotions
kaomoji	(´Д⊂ヽ	cry	emotions
kaomoji	(;Д;)	cry	emotions
kaomoji	（>﹏<）	cry	emotions
kaomoji	(TдT)	cry	emotions
kaomoji	(つ﹏⊂)	cry	emotions
kaomoji	(ノAヽ)	cry	emotions
kaomoji	(༎ຶ⌑༎ຶ)	cry	emotions
kaomoji	(☍﹏⁰)｡	cry	emotions
kaomoji	(ಥ_ʖಥ)	cry	emotions
kaomoji	(つд⊂)	cry	emotions
kaomoji	(≖͞_≖̥)	cry	emotions, dead, other
kaomoji	(இ﹏இ`｡)	cry	emotions
kaomoji	༼ಢ_ಢ༽	cry	emotions
kaomoji	༼ ༎ຶ ෴ ༎ຶ༽	cry	emotions
kaomoji	(◣∀◢)ψ	devil	emotions
kaomoji	Ψ(☆ｗ☆)Ψ	devil	emotions
kaomoji	(｀㊥益㊥)Ψ	devil	emotions
kaomoji	｀(^▼^)´↑	devil	emotions
kaomoji	Ψ(｀∀´#)ﾉ	devil	emotions
kaomoji	↑_(ΦwΦ;)Ψ	devil	emotions
kaomoji	ψ(^Ф∀Ф^)ψ	devil	emotions
kaomoji	^（｀ω´ ）^ψ	devil	emotions
kaomoji	^(#｀∀´)_Ψ	devil	emotions
kaomoji	◥(ฅº￦ºฅ)◤	devil	emotions
kaomoji	Ψ( ｀▽´ )Ψ	devil	emotions
kaomoji	ƪ(`▿▿▿▿´ƪ)	devil	emotions
kaomoji	⁞⁝•ֱ̀␣̍•́⁝⁞	devil	emotions
kaomoji	←~∋(｡Ψ▼ｰ▼)∈	devil	emotions
kaomoji	Ψ(`_´ #  )↝	devil	emotions
kaomoji	↜(╰ •ω•)╯ψ	devil	emotions
kaomoji	Ψ(Φ皿Φ)))～††	devil	emotions
kaomoji	←～（o ｀▽´ )oΨ	devil	emotions
kaomoji	Ψ (‘益’#    )↝	devil	emotions
kaomoji	∋━━o(｀∀´oメ）～→	devil	emotions
kaomoji	↜(͛ ꒪͒৫͏̈́꒪͒)͛⌰	devil	emotions
kaomoji	∋━━o(｀∀´oメ）～→━━	devil	emotions
kaomoji	((( ←～（o ｀▽´ )oΨ	devil	emotions
kaomoji	(◞≼◉ื≽◟ ;益;◞≼◉ื≽◟)Ψ	devil	emotions
kaomoji	━━╋⊂（　´ー｀）彡Ψ(ΦД| |Φ;)Ψ	devil	emotions
kaomoji	^(#｀∀´)_Ψ････・･†_(ﾟｰﾟ*)β	devil	emotions
kaomoji	†_(･”･*)β（（　　)β ^(#｀∀´)_Ψ	devil	emotions
kaomoji	(^p^）	drool	emotions
kaomoji	（＾q＾）	drool	emotions
kaomoji	(^￢^)	drool	emotions
kaomoji	（゜ρ゜）	drool	emotions
kaomoji	(。・ρ・)	drool	emotions
kaomoji	(º﹃º )	drool	emotions
kaomoji	(¯﹃¯*)	drool	emotions
kaomoji	(･ﾟρﾟ)	drool	emotions
kaomoji	（｡･ρ･）	drool	emotions
kaomoji	(*´﹃`)	drool	emotions
kaomoji	(ﾟρﾟ*)	drool	emotions
kaomoji	（’┓`*）	drool	emotions
kaomoji	(￣￢￣*)	drool	emotions
kaomoji	(｡･ρ･)	drool	emotions
kaomoji	(⌒￢⌒*)	drool	emotions
kaomoji	(´┓`*)	drool	emotions
kaomoji	ԅ(♡﹃♡ԅ)	drool	emotions
kaomoji	(@￣ρ￣@)	drool	emotions
kaomoji	(*´﹃｀*)	drool	emotions
kaomoji	ԅ(º﹃ºԅ)	drool	emotions
kaomoji	ԅ(¯﹃¯ԅ)	drool	emotions
kaomoji	(＠￣￢￣＠)	drool	emotions
kaomoji	( ′～‵)	feminine	emotions
kaomoji	(ꐦ°д°)	feminine	emotions
kaomoji	(☝◞‸◟)☞	feminine	emotions
kaomoji	(○´―`)ゞ	feminine	emotions
kaomoji	(⌍་д་⌌)	feminine	emotions
kaomoji	(๑´ㅂ`๑)	feminine	emotions
kaomoji	(ฅΦωΦ)ฅ	feminine	emotions
kaomoji	(๑°⌓°๑)	feminine	emotions
kaomoji	( ･ὢ･ )	feminine	emotions
kaomoji	(･◡ु‹ )	feminine	emotions
kaomoji	(ง `ω´)۶	feminine	emotions
kaomoji	ԅ( ˘ω˘ԅ)	feminine	emotions
kaomoji	(๑•̆૩•̆)	feminine	emotions
kaomoji	(๑•́ω•̀)	feminine	emotions
kaomoji	꒰✩’ω`ૢ✩꒱	feminine	emotions
kaomoji	ヽ( ε∀ε )ノ	feminine	emotions
kaomoji	(๑˃́ꇴ˂̀๑)	feminine	emotions
kaomoji	(∩`ω´)⊃))	feminine	emotions
kaomoji	(* >ω<)=3	feminine	emotions
kaomoji	((⊂(`ω´∩)	feminine	emotions
kaomoji	ω･)و ̑̑༉⑩	feminine	emotions
kaomoji	(´･ε･̥ˋ๑)	feminine	emotions
kaomoji	٩(๑`н´๑)۶	feminine	emotions
kaomoji	(♡ >ω< ♡)	feminine	emotions
kaomoji	_(┐「ε:)_❤	feminine	emotions
kaomoji	≧❀‿❀≦	flower	emotions
kaomoji	(ʘ‿ʘ✿)	flower	emotions
kaomoji	(◕ㅁ◕✿)	flower	emotions, flower face, other
kaomoji	(◕д◕✿)	flower	emotions, flower face, other
kaomoji	(〃‿〃✿)	flower	emotions, flower face, other
kaomoji	(≖︿≖✿)	flower	emotions
kaomoji	(◕▿◕✿)	flower	emotions, flower face, other
kaomoji	(◕ㅅ◕✿)	flower	emotions, flower face, other
kaomoji	(◡‿◡✿)	flower	emotions, flower face, other
kaomoji	(◕ω◕✿)	flower	emotions
kaomoji	(◕ᴗ◕✿)	flower	emotions, flower face, other
kaomoji	(/‿＼✿)	flower	emotions, flower face, other
kaomoji	（❁▿❁＊）	flower	emotions
kaomoji	(◠‿◠✿)	flower	emotions, flower face, other
kaomoji	❁◕ ‿ ◕❁	flower	emotions
kaomoji	✿◕ ‿ ◕✿	flower	emotions
kaomoji	(◕__◕✿)	flower	emotions, flower face, other
kaomoji	(◕‸ ◕✿)	flower	emotions
kaomoji	(◕⍸ ◕✿)	flower	emotions, flower face, other
kaomoji	✾◕ ‿ ◕✾	flower	emotions
kaomoji	(✿☯‿☯✿)	flower	emotions
kaomoji	(ʘ‿ʘ)ノ✿	flower	emotions
kaomoji	(˶◕‿◕˶✿)	flower	emotions, flower face, other
kaomoji	(◕◞౪◟◕✿)	flower	emotions
kaomoji	乁༼☯‿☯✿༽ㄏ	flower	emotions, shrug
kaomoji	(▼▼)	glasses	emotions
kaomoji	(▼∀▼)	glasses	emotions, grin
kaomoji	凸（◆◆メ	glasses	emotions
kaomoji	(⌐■_■)	glasses	emotions, misc, special
kaomoji	(ﾒ▼_▼)	glasses	emotions
kaomoji	(▼O▼ﾒ)	glasses	emotions
kaomoji	|*▼皿▼)	glasses	emotions, hide, hiding you, actions
kaomoji	(▼-▼*)	glasses	emotions
kaomoji	(╭ರ_⊙)	glasses	emotions
kaomoji	(⌐▨_▨)	glasses	emotions
kaomoji	(▼皿▼#)	glasses	emotions
kaomoji	（■Д■*）	glasses	emotions
kaomoji	(ｷ▼O▼)/	glasses	emotions
kaomoji	(｡▼皿▼)σ	glasses	emotions
kaomoji	ヽ(▼皿▼ヽ)	glasses	emotions
kaomoji	(ﾉ▼皿▼)ﾉ	glasses	emotions
kaomoji	ヾ(●ε●)ノ	glasses	emotions
kaomoji	ヾ(▼ﾍ▼；)	glasses	emotions
kaomoji	щ(▼ﾛ▼щ)	glasses	emotions
kaomoji	ヽ(▼ｰ▼ｷ)	glasses	emotions
kaomoji	(つ▀¯▀)つ	glasses	emotions, hug
kaomoji	┌(メ▼▼)┘	glasses	emotions, dance man, dance, actions
kaomoji	┌(▼▼メ)┘	glasses	emotions
kaomoji	༼⌐■ل͟■༽	glasses	emotions
kaomoji	(ｷ▼⊿▼)ﾉ	glasses	emotions
kaomoji	（´υ｀）	grin	emotions
kaomoji	（☆∀☆）	grin	emotions
kaomoji	Ｕ^皿^Ｕ	grin	emotions, dog, animals
kaomoji	（＿ー＿）	grin	emotions
kaomoji	（■皿■）	grin	emotions
kaomoji	（￣ー＋￣）	grin	emotions
kaomoji	(☆>⊇<)	grin	emotions
kaomoji	｜*￣∇￣｜	grin	emotions
kaomoji	(￣▼￣*)	grin	emotions
kaomoji	(｡-∀-)	grin	emotions
kaomoji	（*ﾟーﾟ）	grin	emotions
kaomoji	v(￣∇￣)	grin	emotions
kaomoji	（＿ー+＿）	grin	emotions
kaomoji	（￣+ー￣）	grin	emotions
kaomoji	(´、ゝ｀)	grin	emotions
kaomoji	（´－｀）ノ	grin	emotions
kaomoji	(・∀・｀；)	grin	emotions
kaomoji	(　´_ゝ`)	grin	emotions
kaomoji	(#~皿~#)	grin	emotions
kaomoji	（￣￣ー￣￣）	grin	emotions
kaomoji	(●´□`)♡	heart	emotions
kaomoji	（♥￫ｏ￩♥）	heart	emotions
kaomoji	(っ⇀⑃↼)っ	hug	emotions
kaomoji	(.づ◡﹏◡)づ.	hug	emotions
kaomoji	(.づσ▿σ)づ.	hug	emotions
kaomoji	(っ⇀`皿′↼)っ	hug	emotions
kaomoji	(.づ▣ ͜ʖ▣)づ.	hug	emotions
kaomoji	(つ ͡° ͜ʖ ͡°)つ	hug	emotions, lenny face, thats it
kaomoji	(⊃ • ʖ̫ • )⊃	hug	emotions
kaomoji	（っ・∀・）っ	hug	emotions
kaomoji	(っ´∀｀)っ	hug	emotions
kaomoji	c⌒っ╹v╹ )っ	hug	emotions
kaomoji	(σ･з･)σ	hug	emotions
kaomoji	(੭ु´･ω･`)੭ु⁾⁾	hug	emotions
kaomoji	(oﾟ▽ﾟ)o	hug	emotions
kaomoji	༼つ ் ▽ ் ༽つ	hug	emotions
kaomoji	༼つ . •́ _ʖ •̀ . ༽つ	hug	emotions
kaomoji	╏つ ͜ಠ ‸ ͜ಠ ╏つ	hug	emotions
kaomoji	༼ つ ̥◕͙_̙◕͖ ͓༽つ	hug	emotions
kaomoji	༼ つ ◕o◕ ༽つ	hug	emotions
kaomoji	༼ つ ͡ ͡° ͜ ʖ ͡ ͡° ༽つ	hug	emotions
kaomoji	(っಠ‿ಠ)っ	hug	emotions, hugging, hugging me, actions
kaomoji	༼ つ ◕_◕ ༽つ	hug	emotions
kaomoji	ʕっ•ᴥ•ʔっ	hug	emotions
kaomoji	⊂(◉‿◉)つ	hug	emotions, hugging, hugging me, actions
kaomoji	ლ(・ヮ・ლ)	hug	emotions, hugging, hugging me, actions
kaomoji	(つ◉益◉)つ	hug	emotions, hugging, hugging me, actions
kaomoji	⊂(・﹏・⊂)	hug	emotions, hugging, hugging me, actions
kaomoji	⊂(・ヮ・⊂)	hug	emotions, hugging, hugging me, actions
kaomoji	⊂(・▽・⊂)	hug	emotions, hugging, hugging me, actions
kaomoji	＼(^o^)／	hug	emotions
kaomoji	(つ´∀｀)つ	hug	emotions
kaomoji	(っ´▽｀)っ	hug	emotions
kaomoji	ლ(・﹏・ლ)	hug	emotions
kaomoji	⊂(･ω･*⊂)	hug	emotions, hugging me, actions
kaomoji	ლ(･ω･*ლ)	hug	emotions
kaomoji	ლ(´ ❥ `ლ)	hug	emotions
kaomoji	d=(´▽｀)=b	hug	emotions
kaomoji	⊂( ◜◒◝ )⊃	hug	emotions
kaomoji	(っ*´∀｀*)っ	hug	emotions
kaomoji	⊂(´・ω・｀⊂)	hug	emotions
kaomoji	(*￣-(-*)ゝ	hug	emotions
kaomoji	⊂((・▽・))⊃	hug	emotions
kaomoji	（＿ε＿）	kiss	emotions
kaomoji	(-ε- )	kiss	emotions
kaomoji	•́ε•̀٥	kiss	emotions
kaomoji	(☆´3｀)	kiss	emotions
kaomoji	(・ε・｀)	kiss	emotions
kaomoji	(ΘεΘ;)	kiss	emotions
kaomoji	（￣ε￣＠）	kiss	emotions
kaomoji	(´ε｀*)	kiss	emotions
kaomoji	（*＾3＾）	kiss	emotions
kaomoji	(*￣з￣)	kiss	emotions
kaomoji	(○ﾟε^○)	kiss	emotions, wink
kaomoji	（。ˇ ⊖ˇ）	kiss	emotions
kaomoji	（○゜ε＾○）	kiss	emotions
kaomoji	|(￣3￣)|	kiss	emotions
kaomoji	ヾ(´〓｀)ﾉ	kiss	emotions
kaomoji	(~￣³￣)~	kiss	emotions
kaomoji	(ΘεΘʃƪ)	kiss	emotions
kaomoji	（￣ε￣ʃƪ）	kiss	emotions
kaomoji	（＠ーεー＠）	kiss	emotions
kaomoji	(*-(　　)	kiss	emotions
kaomoji	（⌒▽⌒）	laugh	emotions
kaomoji	（＞ｙ＜）	laugh	emotions
kaomoji	(●´艸`)	laugh	emotions
kaomoji	(≧艸≦*)	laugh	emotions
kaomoji	(*>艸<)	laugh	emotions
kaomoji	( ਊдਊ)	laugh	emotions
kaomoji	( ´艸｀)	laugh	emotions
kaomoji	(｡ˇ艸ˇ)	laugh	emotions
kaomoji	(o>艸<)	laugh	emotions
kaomoji	(^ц^ )	laugh	emotions
kaomoji	(☆Θ艸Θ)	laugh	emotions
kaomoji	（○´艸｀）	laugh	emotions
kaomoji	(*´艸｀)	laugh	emotions
kaomoji	（≧ｙ≦＊）	laugh	emotions
kaomoji	(*・艸・)	laugh	emotions
kaomoji	（　´∀｀）	laugh	emotions
kaomoji	(*≧艸≦)	laugh	emotions
kaomoji	( ╹ਊ╹)	laugh	emotions
kaomoji	( ՞ਊ՞)	laugh	emotions
kaomoji	(*´∀｀）	laugh	emotions
kaomoji	(✪ฺܫ✪ฺ)	laugh	emotions
kaomoji	( 〃´艸｀)	laugh	emotions
kaomoji	(❤ฺ￫艸￩)	laugh	emotions
kaomoji	( ͡ ͜ʖ ͡ )	lenny face	emotions
kaomoji	( ͡~ ͜ʖ ͡°)	lenny face	emotions
kaomoji	( ͡ʘ╭͜ʖ╮͡ʘ)	lenny face	emotions
kaomoji	( ͡☉ ͜ʖ ͡☉)	lenny face	emotions
kaomoji	( ͡⚆ ͜ʖ ͡⚆)	lenny face	emotions
kaomoji	( ͡~ ͜ʖ ͡~)	lenny face	emotions
kaomoji	( ͡ຈ ͜ʖ ͡ຈ)	lenny face	emotions
kaomoji	( ͡° ʖ̯ ͡°)	lenny face	emotions
kaomoji	( ͡ಠ ʖ̯ ͡ಠ)	lenny face	emotions
kaomoji	( ͠° ͟ʖ ͡°)	lenny face	emotions
kaomoji	( ͡°╭͜ʖ╮͡° )	lenny face	emotions
kaomoji	( ͡^ ͜ʖ ͡^ )	lenny face	emotions
kaomoji	( ͡ຈ╭͜ʖ╮͡ຈ )	lenny face	emotions
kaomoji	( ͡ᵔ ͜ʖ ͡ᵔ )	lenny face	emotions
kaomoji	( ͝סּ ͜ʖ͡סּ)	lenny face	emotions
kaomoji	ヽ( ͝° ͜ʖ͡°)ﾉ	lenny face	emotions
kaomoji	(ง ° ͜ ʖ °)ง	lenny face	emotions
kaomoji	(☞ ͡° ͜ʖ ͡°)☞	lenny face	emotions, thats it
kaomoji	ᕦ( ͡° ͜ʖ ͡°)ᕤ	lenny face	emotions
kaomoji	ᕕ( ͡° ͜ʖ ͡°)ᕗ	lenny face	emotions
kaomoji	( ʘ̆ ╭͜ʖ╮ ʘ̆ )	lenny face	emotions
kaomoji	( ͡° ͜ʖ ͡°)=ε✄	lenny face	emotions
kaomoji	╚═( ͡° ͜ʖ ͡°)═╝	lenny face	emotions
kaomoji	┴┬┴┤( ͡° ͜ʖ├┬┴┬	lenny face	emotions
kaomoji	¯\_( ͠° ͟ʖ °͠ )_/¯	lenny face	emotions
kaomoji	╰( ͡° ͜ʖ ͡° )つ──☆*:・ﾟ	lenny face	emotions, magics, other
kaomoji	(∩ ͡ ° ʖ ͡ °) ⊃-(===>	lenny face	emotions
kaomoji	(`･Д･)ノ=☆	magic	emotions
kaomoji	(*｀□)<炎炎炎炎	magic	emotions
kaomoji	★≡≡＼（`△´＼）	magic	emotions
kaomoji	彡ﾟ◉ω◉ )つー☆*	magic	emotions
kaomoji	(∩^o^)⊃━☆゜.*	magic	emotions
kaomoji	(☆_・)・‥…━━━★	magic	emotions
kaomoji	(∩｀-´)⊃━炎炎炎炎炎	magic	emotions
kaomoji	ପ(⚈᷉ʙ⚈᷉)੭̸୫൦⃛	magic	emotions
kaomoji	✩°｡⋆⸜(ू｡•ω•｡)	magic	emotions
kaomoji	炎炎炎炎☆┣o(･ω･ )	magic	emotions
kaomoji	✩°｡⋆⸜(ू˙꒳​˙ )	magic	emotions
kaomoji	੭•̀ω•́)੭̸*✩⁺˚	magic	emotions
kaomoji	( °-°)シ ミ★ ミ☆	magic	emotions
kaomoji	(σ'∀')σ*。・゜+.*	magic	emotions
kaomoji	(っ・ω・）っ≡≡≡≡≡≡☆	magic	emotions
kaomoji	(ﾉ≧∀≦)ﾉ・‥…━━━★	magic	emotions
kaomoji	(੭•̀ω•́)੭̸*✩⁺˚	magic	emotions
kaomoji	(∩｀-´)⊃━✿✿✿✿✿✿	magic	emotions
kaomoji	ヽ༼ຈل͜ຈ༽⊃─☆*:・ﾟ	magic	emotions
kaomoji	( ◔ ౪◔)⊃━☆ﾟ.*・	magic	emotions
kaomoji	￡(*’ο’）/☆*。;+，	magic	emotions
kaomoji	(੭ˊ͈ ꒵ˋ͈)੭̸*✧⁺˚	magic	emotions
kaomoji	(*’▽’)ノ＾—==ΞΞΞ☆	magic	emotions
kaomoji	(∩｡･ｏ･｡)っ.ﾟ☆｡'`	magic	emotions
kaomoji	(∩^o^)⊃━☆ﾟ.*･｡ﾟ	magic	emotions
kaomoji	༼つಠ益ಠ༽つ ─=≡ΣO))	magic	emotions
kaomoji	(つ◕౪◕)つ━☆ﾟ.*･｡ﾟ	magic	emotions
kaomoji	(*ﾟー^)/'`*:;,．★	magic	emotions
kaomoji	(∩｀-´)⊃━☆ﾟ.*･｡ﾟ	magic	emotions
kaomoji	(o・★)	music	emotions
kaomoji	(☆￢o)q	music	emotions
kaomoji	(^_^♪)	music	emotions, musics, other
kaomoji	(´△｀)♪	music	emotions
kaomoji	ρ(o＜★)	music	emotions
kaomoji	ρ(o＾★)	music	emotions
kaomoji	(☆￣o)q	music	emotions
kaomoji	(☆∩o)q	music	emotions
kaomoji	(☆≧o)q	music	emotions
kaomoji	(☆Θo)q	music	emotions
kaomoji	(´0｀)q	music	emotions
kaomoji	ρ(oμ★)	music	emotions
kaomoji	（＾Ｏ＾☆♪	music	emotions
kaomoji	（＾3＾）~♪	music	emotions
kaomoji	（*´▽｀*）	music	emotions
kaomoji	ρ（ーoー)♪	music	emotions
kaomoji	（^Ｏ^）～♪	music	emotions
kaomoji	ρ(o δ★)	music	emotions
kaomoji	ρ(＾o^)♪	music	emotions
kaomoji	ρ（^o^）♪	music	emotions
kaomoji	ρ（＾o＾）♪	music	emotions
kaomoji	♫꒰･◡･๑꒱	music	emotions
kaomoji	(o^^o)♪	music	emotions
kaomoji	♫♪˙‿˙♫♪	music	emotions
kaomoji	♪(ﾉε｀●)	music	emotions
kaomoji	ρ(^^ )♭	music	emotions
kaomoji	♪～(￣ε￣)	music	emotions
kaomoji	♪(´ε｀ )	music	emotions
kaomoji	（＊＾ω＾）♪	music	emotions
kaomoji	≧(´▽｀)≦	music	emotions
kaomoji	ｏ(≧▼≦○〃	punch	emotions, punching, punching man, actions, punch me
kaomoji	o(・_・)9	punch	emotions, punching, punching man, actions, punch me
kaomoji	σ～ (｀´メ	punch	emotions, punching, punching man, actions, punch me
kaomoji	@=(--@v)	punch	emotions, punching, punching man, actions, punch me
kaomoji	o(･Θ･)○☆	punch	emotions, punching, punching man, actions, punch me
kaomoji	o(￣ｰ￣)○☆	punch	emotions, punching, punching man, actions, punch me
kaomoji	o(￣ ◇￣)○	punch	emotions, punching, punching man, actions, punch me
kaomoji	o( -_-)9@	punch	emotions, punching, punching man, actions, punch me
kaomoji	ｏ(メ・・)=日☆	punch	emotions, punch me, actions
kaomoji	|c==(-T )	punch	emotions, punch me, actions
kaomoji	☆○(*σ。σ)o	punch	emotions, punch me, actions
kaomoji	(　･ω･)っ≡つ	punch	emotions, punch me, actions
kaomoji	(ﾟoﾟC=(__;	punch	emotions, punch me, actions
kaomoji	(°o°C=(_ _;	punch	emotions, punch me, actions
kaomoji	∑(ﾟoﾟC=(__;	punch	emotions, punch me, actions
kaomoji	(((c=(ﾟﾛﾟ;q	punch	emotions, punch me, actions
kaomoji	α～(´｀d)	punch	emotions, punching, punching man, actions, punch me
kaomoji	(;´0｀)ﾂ))□｀)	punch	emotions, punch me, actions
kaomoji	(=ﾟωﾟ)つ)ﾟ∀ﾟ)	punch	emotions, punch me, actions
kaomoji	(p_･q)(p･_q)	punch	emotions, punch me, actions
kaomoji	Ｃ≡(・。・Ｃ≡)≡≡≡	punch	emotions, punch me, actions
kaomoji	☆(゜o°(○=(-_-;	punch	emotions, punch me, actions
kaomoji	(*＇Д＇)ﾉｼ)ﾟﾛﾟ)	punch	emotions, punch me, actions
kaomoji	ﾍ(｡｡ﾍ)☆ヽ(^^;)	punch	emotions, punch me, actions
kaomoji	(pﾟﾛﾟ)==p)`д)	punch	emotions, punch me, actions
kaomoji	☆(ﾟoﾟ(○=(-_-○	punch	emotions, punch me, actions
kaomoji	o(・ロ・)○()o×)/	punch	emotions, punch me, actions
kaomoji	(*ﾟｰﾟ)=○)ﾟＯﾟ)	punch	emotions, punch me, actions
kaomoji	( ‘д‘⊂彡☆))Д´)	punch	emotions, punch me, actions
kaomoji	○（｀・ω・）＝＝○ノД）	punch	emotions, punch me, actions
kaomoji	(o_△_)o	roll over	emotions
kaomoji	/(_-_)ｌ	roll over	emotions
kaomoji	(:3_ヽ)_	roll over	emotions
kaomoji	_(:3｣∠)_	roll over	emotions
kaomoji	(:3 _ )=	roll over	emotions
kaomoji	_(┐「ε:)_♡	roll over	emotions
kaomoji	ヽ(:3ﾉ ヽ)ﾉ	roll over	emotions
kaomoji	ヾ(:3ﾉｼヾ)ﾉｼ	roll over	emotions
kaomoji	_(：3 」∠ )_	roll over	emotions
kaomoji	_/￣|(冫、)-c	roll over	emotions
kaomoji	(　( (((＿⊿＿)	roll over	emotions
kaomoji	_(:D｣┌)⁼³₌₃	roll over	emotions
kaomoji	((└(:3」┌)┘))	roll over	emotions
kaomoji	(:3っ)っ -=三[]	roll over	emotions
kaomoji	○)))ﾍ(^･･^=)~	roll over	emotions
kaomoji	((o_△_)o)^▽^;)	roll over	emotions
kaomoji	(￣∇￣;)))(　((((;＿⊿＿)	roll over	emotions
kaomoji	（o°▽°)o(o_△_)o(o°▽°)o	roll over	emotions
kaomoji	(((.-.)(:I )(ﾟ‐ﾟ)( I:)	roll over	emotions
kaomoji	((((((‥)(: )(¨)( :)(*‥)	roll over	emotions
kaomoji	(┐「ε:)_三┌(.ω.)┐三_(:3 」∠)_	roll over	emotions
kaomoji	(..)(･.)(: )(¨)( :)(.･)(..)	roll over	emotions
kaomoji	o_ _)o(o- -)o(o°▽°)o(o_△_)o(o_ _)o.。o○	roll over	emotions
kaomoji	(°o°)(°o。)(。o。)(。o°)(°o°)(°o。)(。o。)(。o°)	roll over	emotions, spins, spin, special
kaomoji	(.-.)(:I )(゜-゜)( I:) (.-.)(:I )(゜-゜)( I:)	roll over	emotions
kaomoji	(((((;___▲___))(((((;___▲___))((￣▼￣ ;)))))	roll over	emotions
kaomoji	三('ω')三( ε: )三(.ω.)三( :3 )三('ω')三( ε: )三(.ω.)三( :3 )	roll over	emotions
kaomoji	('ω') 三 ( ε: ) 三 (. .) 三 ( :з ) 三 ('ω') 三 ( ε: ) 三 (. .) 三 ｡･*･:≡(    ε:)	roll over	emotions
kaomoji	ლ(ﾟдﾟლ)	shrug	emotions
kaomoji	┐(ﾟ～ﾟ)┌	shrug	emotions
kaomoji	┐('д')┌	shrug	emotions
kaomoji	ლ｜＾Д＾ლ｜	shrug	emotions
kaomoji	ლ（╹ε╹ლ）	shrug	emotions
kaomoji	ლ(ಠ益ಠ)ლ	shrug	emotions
kaomoji	┐(‘～`;)┌	shrug	emotions
kaomoji	ヘ(´－｀;)ヘ	shrug	emotions
kaomoji	┐( -“-)┌	shrug	emotions
kaomoji	ʅ（´◔౪◔）ʃ	shrug	emotions
kaomoji	ლ(•ω •ლ)	shrug	emotions
kaomoji	ヽ(゜～゜o)ノ	shrug	emotions
kaomoji	ヽ(~～~ )ノ	shrug	emotions
kaomoji	┐(~ー~;)┌	shrug	emotions
kaomoji	┐(-。ー;)┌	shrug	emotions
kaomoji	¯\_(ツ)_/¯	shrug	emotions
kaomoji	¯\_(⊙_ʖ⊙)_/¯	shrug	emotions
kaomoji	乁ʕ •̀ ۝ •́ ʔㄏ	shrug	emotions
kaomoji	¯\_༼ ಥ ‿ ಥ ༽_/¯	shrug	emotions
kaomoji	乁( ⁰͡  Ĺ̯ ⁰͡ ) ㄏ	shrug	emotions
kaomoji	(´∀｀）	smile	emotions
kaomoji	（＾∀＾）	smile	emotions
kaomoji	米＾－＾米	smile	emotions
kaomoji	(∩_∩)	smile	emotions
kaomoji	(⌒∇⌒)	smile	emotions
kaomoji	(￣∇￣)	smile	emotions
kaomoji	（￣ー+￣）	smile	emotions
kaomoji	σ(^○^)	smile	emotions
kaomoji	(^■^*)	smile	emotions
kaomoji	(*^-^)	smile	emotions
kaomoji	d(^^*)	smile	emotions
kaomoji	(´w｀*)	smile	emotions
kaomoji	|*￣ー￣|	smile	emotions
kaomoji	{*≧∀≦}	smile	emotions
kaomoji	(o^^o)	smile	emotions
kaomoji	(o^∀^)	smile	emotions
kaomoji	(*´ー`)	smile	emotions
kaomoji	o(^▽^)o	smile	emotions
kaomoji	o(^-^)o	smile	emotions
kaomoji	(*´∇｀*)	smile	emotions
kaomoji	（*´▽`*)	smile	emotions
kaomoji	(=^_^=)	smile	emotions
kaomoji	σ(ﾟｰ^*)	smile	emotions
kaomoji	（●＞ω＜●）	smile	emotions
kaomoji	y（^ヮ^）y	smile	emotions
kaomoji	（☆ω☆*）	sparkle	emotions
kaomoji	☆=(ゝω･)/	sparkle	emotions
kaomoji	(。・艸-。)-☆	sparkle	emotions
kaomoji	(★≧▽^))★☆	sparkle	emotions
kaomoji	＼(★^∀^★)／	sparkle	emotions
kaomoji	(*○’3`)★+ﾟ	sparkle	emotions
kaomoji	(*＞ｖ＜)ゞ*゜+	sparkle	emotions
kaomoji	(艸′v'★*)。+	sparkle	emotions
kaomoji	+.(*'v`*)+	sparkle	emotions
kaomoji	(〇*>∀<)ゞ★☆	sparkle	emotions
kaomoji	.+(´^ω^`)+.	sparkle	emotions
kaomoji	(☆uεu☆)ZZzz	sparkle	emotions
kaomoji	(★O∀O*)◇+｡	sparkle	emotions
kaomoji	・+(*゜∀゜*)+・	sparkle	emotions
kaomoji	ﾟ*｡(･∀･)ﾟ*｡	sparkle	emotions
kaomoji	°+(*´∀｀)ｂ°+°	sparkle	emotions
kaomoji	☆*ヾ(-∀・*)*+☆	sparkle	emotions
kaomoji	ﾟ.+(〃ﾉωﾉ)ﾟ.+°	sparkle	emotions
kaomoji	(n’∀’)ηﾟ*｡:*!	sparkle	emotions
kaomoji	＋。゜~”（゜∀゜）゜。＋	sparkle	emotions
kaomoji	ﾐ☆( *uωu人)+ﾟ.	sparkle	emotions
kaomoji	｡ﾟ+.(･∀･)ﾟ+.ﾟ	sparkle	emotions
kaomoji	ヾ(*′○`)ﾟ.+:｡ﾟ☆	sparkle	emotions
kaomoji	+｡ﾟφ(ゝω・｀○)+｡ﾟ	sparkle	emotions
kaomoji	ヾ(‘∀｀=ヽ)※．；，゜☆	sparkle	emotions
kaomoji	｡+ﾟ.。+。(´ω｀*)♪♪	sparkle	emotions
kaomoji	(●o’∪`o)ノ―♪`*.+	sparkle	emotions
kaomoji	☆*。★ﾟ*♪ヾ(☆ゝз・)ノ	sparkle	emotions
kaomoji	(人´∀｀)．☆．。．:*･°	sparkle	emotions
kaomoji	(*○゜∀。)/☆*。*.・+★	sparkle	emotions
kaomoji	Σ(ﾟДﾟ；	sweat	emotions
kaomoji	(；´瓜｀)	sweat	emotions
kaomoji	(；・∀・)	sweat	emotions
kaomoji	(；ﾟДﾟ)	sweat	emotions
kaomoji	(￣Д￣；；	sweat	emotions
kaomoji	(´∀｀；)	sweat	emotions
kaomoji	(;^_^A	sweat	emotions
kaomoji	(-∧-；)	sweat	emotions, praying, praying hands, actions
kaomoji	(´ε｀；)	sweat	emotions
kaomoji	(;ﾟдﾟ)	sweat	emotions
kaomoji	（；^ω^）	sweat	emotions
kaomoji	(-。－；)	sweat	emotions
kaomoji	(･Θ･;)	sweat	emotions
kaomoji	(;￣ー￣川	sweat	emotions
kaomoji	(；~〓~)	sweat	emotions
kaomoji	（;￣ー￣A	sweat	emotions
kaomoji	(^▽^;)	sweat	emotions
kaomoji	(；´∀｀)	sweat	emotions
kaomoji	(-”-;A	sweat	emotions
kaomoji	(;´Д`)	sweat	emotions, vomit, vomiting, actions
kaomoji	_/＼○_	take a bow	emotions, bowing down, bowing, actions
kaomoji	●|￣|＿	take a bow	emotions, bowing down, bowing, actions
kaomoji	＿○／|＿	take a bow	emotions, bowing down, bowing, actions
kaomoji	＿|￣|●	take a bow	emotions, sorry, so sorry, actions
kaomoji	_l⌒l０	take a bow	emotions
kaomoji	_/＼●_	take a bow	emotions
kaomoji	○|￣|＿	take a bow	emotions
kaomoji	m(＿＿)m	take a bow	emotions
kaomoji	＜(。_。)＞	take a bow	emotions
kaomoji	<(￢0￢)>	take a bow	emotions
kaomoji	<(．＿．)>	take a bow	emotions
kaomoji	m(_ _)m	take a bow	emotions, so sorry, actions
kaomoji	mＵTｪTＵm	take a bow	emotions
kaomoji	m(￢0￢)m	take a bow	emotions
kaomoji	へ(´д｀へ)	take a bow	emotions
kaomoji	o(_ _)o	take a bow	emotions
kaomoji	(シ_ _)シ	take a bow	emotions, so sorry, actions
kaomoji	<(＿ ＿)>	take a bow	emotions
kaomoji	<(_ _)>	take a bow	emotions, so sorry, actions
kaomoji	m(._.)m	take a bow	emotions
kaomoji	(o。_。)o	take a bow	emotions
kaomoji	ヾ(_ _。）	take a bow	emotions
kaomoji	m(；∇；)m	take a bow	emotions
kaomoji	ｍ（＿　＿）ｍ	take a bow	emotions
kaomoji	≦(._.)≧	take a bow	emotions
kaomoji	ｍ（．＿．）ｍ	take a bow	emotions
kaomoji	(´ー`)σ	thats it	emotions
kaomoji	(☞◑ω◑)☞	thats it	emotions
kaomoji	(σ･ω･)σ	thats it	emotions
kaomoji	(σ≧∀≦)σ	thats it	emotions
kaomoji	(☞^o^)☞	thats it	emotions
kaomoji	(σﾟ∀ﾟ)σ	thats it	emotions
kaomoji	(m9^ω')	thats it	emotions
kaomoji	( ￣ー￣)σ	thats it	emotions
kaomoji	(´-ω-)σ	thats it	emotions
kaomoji	☜（ﾟ∀ﾟ☜）	thats it	emotions
kaomoji	(つ >ω●)つ	thats it	emotions
kaomoji	(σ*'3`)σ	thats it	emotions
kaomoji	( ◑ω◑☞)☞	thats it	emotions
kaomoji	(σ`・∀・)σ	thats it	emotions
kaomoji	( ﾐΦﻌΦ)╭☞	thats it	emotions
kaomoji	(σ´-ω-`)σ	thats it	emotions
kaomoji	(╭☞'ω')╭☞	thats it	emotions
kaomoji	(╭☞•́•̀)╭☞	thats it	emotions
kaomoji	(╭☞•́ﾛ•̀)╭☞	thats it	emotions
kaomoji	(╭☞• ⍛• )╭☞	thats it	emotions
kaomoji	☜╮(´ิ∀´ิ☜╮)	thats it	emotions
kaomoji	(╭☞•́⍛•̀)╭☞	thats it	emotions
kaomoji	（╭☞•́⍛•̀)╭☞	thats it	emotions
kaomoji	(╭☞•̀o•́)╭☞	thats it	emotions
kaomoji	( ━☞´◔‿ゝ◔`)━☞	thats it	emotions
kaomoji	గ౬గ	unicode	emotions
kaomoji	♥‿♥	unicode	emotions
kaomoji	^̮^	unicode	emotions
kaomoji	இ௰இ	unicode	emotions
kaomoji	ઊઠઊ	unicode	emotions
kaomoji	ꈿ۝ꈿ	unicode	emotions
kaomoji	ஞ౩ஞ	unicode	emotions
kaomoji	ꆨ❥ꆨ	unicode	emotions
kaomoji	ꆧεꆧ	unicode	emotions
kaomoji	ꆤॄꆤ	unicode	emotions
kaomoji	°Д°	unicode	emotions
kaomoji	ઊહઊ	unicode	emotions
kaomoji	ʚ(•	unicode	emotions
kaomoji	꒰⍨꒱	unicode	emotions
kaomoji	(ت)	unicode	emotions
kaomoji	(ق)	unicode	emotions
kaomoji	༼⍨༽	unicode	emotions
kaomoji	ఠ౬ఠ	unicode	emotions
kaomoji	తꀧత	unicode	emotions, bear, bears, animals
kaomoji	◕‿↼	unicode	emotions
kaomoji	（￣ー￣；	upset	emotions
kaomoji	(⌒_⌒;	upset	emotions
kaomoji	(＞△＜Uu	upset	emotions
kaomoji	(;･∀･)	upset	emotions
kaomoji	（　´д｀）	upset	emotions
kaomoji	(；￣ー￣A	upset	emotions
kaomoji	(；´艸｀)	upset	emotions
kaomoji	(；゜○゜)	upset	emotions
kaomoji	(´∀｀；A	upset	emotions
kaomoji	｜￣ω￣A；	upset	emotions
kaomoji	（；・д・）	upset	emotions
kaomoji	(´Д｀ι)	upset	emotions
kaomoji	ヽ(´o｀；	upset	emotions
kaomoji	（；￣Д￣）	upset	emotions
kaomoji	(┼д┼;)	upset	emotions
kaomoji	（-Ⅱ-；）	upset	emotions
kaomoji	(x□ｘ｀;)	upset	emotions
kaomoji	(;′Д`)ノ	upset	emotions
kaomoji	(￣ー￣;)ゞ	upset	emotions
kaomoji	σ(￣∇￣;)	upset	emotions
kaomoji	(≧mm≦;)	upset	emotions
kaomoji	(*ﾉω<*)	upset	emotions
kaomoji	ε('∞'*)	upset	emotions
kaomoji	ヾ(￣o￣;)	upset	emotions
kaomoji	ヾ(°∇°*)	upset	emotions
kaomoji	(●'Д'●)	upset	emotions
kaomoji	(；´д｀)ゞ	upset	emotions
kaomoji	ಠ‿↼	wink	emotions, suggestive, winking, wink me, actions, suggestives, special
kaomoji	(･ｪ-)	wink	emotions, suggestive, winking, wink me, actions, suggestives, special
kaomoji	(・_＋)	wink	emotions, suggestive, winking, wink me, actions, suggestives, special
kaomoji	(・ω<)	wink	emotions, suggestive, winking, wink me, actions, suggestives, special
kaomoji	(^_-)	wink	emotions, suggestive, winking, wink me, actions, suggestives, special
kaomoji	｛・ω-*}	wink	emotions
kaomoji	(v^ー°)	wink	emotions
kaomoji	(*＾∀゜)	wink	emotions
kaomoji	(^_−)☆	wink	emotions, wink me, actions
kaomoji	(･ω<)☆	wink	emotions, wink me, actions
kaomoji	(๑◕ㅂ▰)	wink	emotions
kaomoji	(◕ฺー≦)ノ	wink	emotions
kaomoji	(*^-°)v	wink	emotions
kaomoji	(ﾉ･_-)☆	wink	emotions
kaomoji	く(^ｰﾟ)ﾉ	wink	emotions
kaomoji	(⌒.−)＝★	wink	emotions
kaomoji	(^_-)-☆	wink	emotions
kaomoji	(^_<)～☆	wink	emotions
kaomoji	(๑ゝڡ◕๑)	wink	emotions
kaomoji	(・ωｰ)～☆	wink	emotions
kaomoji	(*・∀-)☆	wink	emotions
kaomoji	(⌒.－)＝★	wink	emotions
kaomoji	(o'ｕ≦o)	wink	emotions
kaomoji	(*ゝω・)ﾉ	wink	emotions
kaomoji	(ﾟﾛ^o)o	wink	emotions
kaomoji	(ノ_<。)ヾ(´ ▽ ` )	sympathy	emotions
kaomoji	｡･ﾟ･(ﾉД`)ヽ(￣ω￣ )	sympathy	emotions
kaomoji	ρ(- ω -、)ヾ(￣ω￣; )	sympathy	emotions
kaomoji	ヽ(￣ω￣(。。 )ゝ	sympathy	emotions
kaomoji	(*´ I `)ﾉﾟ(ﾉД｀ﾟ)ﾟ｡	sympathy	emotions
kaomoji	ヽ(~_~(・_・ )ゝ	sympathy	emotions
kaomoji	(ﾉ_；)ヾ(´ ∀ ` )	sympathy	emotions
kaomoji	(; ω ; )ヾ(´∀`* )	sympathy	emotions
kaomoji	(*´ー)ﾉ(ノд`)	sympathy	emotions
kaomoji	(´-ω-`( _ _ )	sympathy	emotions
kaomoji	(っ´ω`)ﾉ(╥ω╥)	sympathy	emotions
kaomoji	(ｏ・_・)ノ”(ノ_<、)	sympathy	emotions
kaomoji	(＃＞＜)	dissatisfaction	emotions
kaomoji	(；⌣̀_⌣́)	dissatisfaction	emotions
kaomoji	☆ｏ(＞＜；)○	dissatisfaction	emotions
kaomoji	(￣ ￣|||)	dissatisfaction	emotions
kaomoji	(；￣Д￣)	dissatisfaction	emotions
kaomoji	(￣□￣」)	dissatisfaction	emotions
kaomoji	(＃￣0￣)	dissatisfaction	emotions
kaomoji	(＃￣ω￣)	dissatisfaction	emotions
kaomoji	(￢_￢;)	dissatisfaction	emotions
kaomoji	(＞ｍ＜)	dissatisfaction	emotions
kaomoji	(」°ロ°)」	dissatisfaction	emotions
kaomoji	(〃＞＿＜;〃)	dissatisfaction	emotions
kaomoji	(＾＾＃)	dissatisfaction	emotions
kaomoji	(￣ヘ￣)	dissatisfaction	emotions
kaomoji	<(￣ ﹌ ￣)>	dissatisfaction	emotions
kaomoji	(￣︿￣)	dissatisfaction	emotions
kaomoji	(＞﹏＜)	dissatisfaction	emotions
kaomoji	(--_--)	dissatisfaction	emotions
kaomoji	凸(￣ヘ￣)	dissatisfaction	emotions
kaomoji	ヾ( ￣O￣)ツ	dissatisfaction	emotions
kaomoji	(⇀‸↼‶)	dissatisfaction	emotions
kaomoji	o(>< )o	dissatisfaction	emotions
kaomoji	(」＞＜)」	dissatisfaction	emotions
kaomoji	(ᗒᗣᗕ)՞	dissatisfaction	emotions
kaomoji	~(>_<~)	pain	emotions
kaomoji	☆⌒(> _ <)	pain	emotions
kaomoji	☆⌒(>。<)	pain	emotions
kaomoji	(☆_@)	pain	emotions
kaomoji	(×_×)	pain	emotions
kaomoji	(x_x)	pain	emotions
kaomoji	(×_×)⌒☆	pain	emotions
kaomoji	(x_x)⌒☆	pain	emotions
kaomoji	(×﹏×)	pain	emotions
kaomoji	☆(＃××)	pain	emotions
kaomoji	(＋_＋)	pain	emotions
kaomoji	[ ± _ ± ]	pain	emotions
kaomoji	٩(× ×)۶	pain	emotions
kaomoji	(ﾒ﹏ﾒ)	pain	emotions
kaomoji	ヽ(ー_ー )ノ	indifference	emotions
kaomoji	ヽ(´ー` )┌	indifference	emotions
kaomoji	┐(‘～` )┌	indifference	emotions
kaomoji	ヽ(　￣д￣)ノ	indifference	emotions
kaomoji	ヽ(￣～￣　)ノ	indifference	emotions
kaomoji	╮(￣_￣)╭	indifference	emotions
kaomoji	ヽ(ˇヘˇ)ノ	indifference	emotions
kaomoji	┐(￣～￣)┌	indifference	emotions
kaomoji	┐(︶▽︶)┌	indifference	emotions
kaomoji	╮(￣～￣)╭	indifference	emotions
kaomoji	¯`_(ツ)_/¯	indifference	emotions
kaomoji	┐( ´ д ` )┌	indifference	emotions
kaomoji	╮(︶︿︶)╭	indifference	emotions
kaomoji	┐(￣∀￣)┌	indifference	emotions
kaomoji	┐( ˘ ､ ˘ )┌	indifference	emotions
kaomoji	╮(︶▽︶)╭	indifference	emotions
kaomoji	╮( ˘ ､ ˘ )╭	indifference	emotions
kaomoji	┐( ˘_˘ )┌	indifference	emotions
kaomoji	╮( ˘_˘ )╭	indifference	emotions
kaomoji	┐(￣ヮ￣)┌	indifference	emotions
kaomoji	┐(シ)┌	indifference	emotions
kaomoji	(￢ ￢)	doubt	emotions
kaomoji	(¬_¬ )	doubt	emotions
kaomoji	(←_←)	doubt	emotions
kaomoji	(¬ ¬ )	doubt	emotions
kaomoji	(↼_↼)	doubt	emotions
kaomoji	(⇀_⇀)	doubt	emotions
kaomoji	(ᓀ ᓀ)	doubt	emotions
kaomoji	┏○	bowing down	emotions, bowing, actions
kaomoji	￣|○	bowing down	emotions, bowing, actions
kaomoji	(__)	bowing down	emotions, bowing, actions
kaomoji	( ^^)／▽	cheers up	emotions, cheers, actions
kaomoji	(￣ー￣)/C□	cheers up	emotions, cheers, actions
kaomoji	(*￣0￣*)ノ口	cheers up	emotions, cheers, actions
kaomoji	( ^^)Y☆Y(^^ )	cheers up	emotions, cheers, actions
kaomoji	(￣∇￣ﾉﾉ"	clapping hands	emotions, clapping, actions
kaomoji	(ﾟ∀ﾟﾉﾉﾞ	clapping hands	emotions, clapping, actions
kaomoji	(･ω･ﾉﾉﾞ	clapping hands	emotions, clapping, actions
kaomoji	(≧▽≦ﾉﾉﾞ☆	clapping hands	emotions, clapping, actions
kaomoji	( ﾟ∀ﾟﾉﾉﾞ	clapping hands	emotions, clapping, actions
kaomoji	(*´∀`p〃q	clapping hands	emotions, clapping, actions
kaomoji	(*゜▽゜ノノ☆	clapping hands	emotions, clapping, actions
kaomoji	(*ˊᗜˋﾉﾉ*	clapping hands	emotions, clapping, actions
kaomoji	∵ゞ(＞д＜)	cough	emotions, coughing, actions
kaomoji	ε=(≧ｏ≦*)	cough	emotions, coughing, actions
kaomoji	(*>Д<)≪∴	cough	emotions, coughing, actions
kaomoji	･∵.Σ(ﾟД´	cough	emotions, coughing, actions
kaomoji	(；≧∇≦)=3	cough	emotions, coughing, actions
kaomoji	｀;･o(ﾛ≦〃)	cough	emotions, coughing, actions
kaomoji	(　>д<)､;'.	cough	emotions, coughing, actions
kaomoji	ヽ(o⌣oヾ)	dab	emotions, dabbing, actions
kaomoji	└|∵┌|	dancing man	emotions, dance man, dancing, actions, dance
kaomoji	|┐∵|┘	dancing man	emotions, dance man, dancing, actions, dance
kaomoji	(ノ‥)ノ	dancing man	emotions, sorry, dance man, dancing, actions, dance, so sorry
kaomoji	|o∵|o	dancing man	emotions, dance man, dancing, actions, dance
kaomoji	ح˚௰˚づ	dancing man	emotions, dance man, dancing, actions, dance
kaomoji	o|∵o|	dancing man	emotions, dance man, dancing, actions, dance
kaomoji	(/・・)ノ	dancing man	emotions, dance man, dancing, actions, dance
kaomoji	ヾ(^ ^ゞ	dancing man	emotions, dance man, dancing, actions, dance
kaomoji	(o^^)o	dancing man	emotions, dance man, dancing, actions, dance
kaomoji	o(^^o)	dancing man	emotions, dance man, dancing, actions, dance
kaomoji	ʕ✖﹏✖ʔ	drunk	emotions, drunk man, actions
kaomoji	|*‿*)	drunk	emotions, drunk man, actions
kaomoji	(*￣ー￣)ノ	drunk	emotions, drunk man, actions
kaomoji	ヽ(￣_￣*)	drunk	emotions, drunk man, actions
kaomoji	(งᓀ‸ᓂ)ง	fighting me	emotions, fighting, actions
kaomoji	(ง`_´)ง	fighting me	emotions, fighting, actions
kaomoji	ผ(o.Oผ)	fighting me	emotions, fighting, actions
kaomoji	Q(*_*Q)	fighting me	emotions, fighting, actions
kaomoji	(ง'̀-'́)ง	fighting me	emotions, fighting, actions
kaomoji	(ง ͠ಥ_ಥ)ง	fighting me	emotions, fighting, actions
kaomoji	ρ(^ ^ρ)	gaming	emotions, gaming man, actions
kaomoji	┏(^ ^┏)	gaming	emotions, gaming man, actions
kaomoji	ヘ(^ ^ヘ)	gaming	emotions, gaming man, actions
kaomoji	(m^ ^)m	gaming	emotions, gaming man, actions
kaomoji	ヘ(^_^ヘ)	two hands up	emotions, hands up, actions
kaomoji	(╯°▽°)╯	two hands up	emotions, hands up, actions
kaomoji	(੭ˊᵕˋ)੭	two hands up	emotions, hands up, actions
kaomoji	٩(^▿^)۶	two hands up	emotions, hands up, actions
kaomoji	(*◕ᗜ◕)ﾉ	two hands up	emotions, hands up, actions
kaomoji	(ノ>_<)ノ	two hands up	emotions, hands up, actions
kaomoji	ヾ(‘ω’)ﾉ	two hands up	emotions, hands up, actions
kaomoji	ƪ(•◡•ƪ)	two hands up	emotions, hands up, actions
kaomoji	＼(^_^)／	two hands up	emotions, hands up, actions
kaomoji	(T_T)/	hello	emotions, hello hi, actions
kaomoji	ヾ(＾∇＾)	hello	emotions, hello hi, actions
kaomoji	＼(￣O￣)	hello	emotions, hello hi, actions
kaomoji	(¬_¬)ﾉ	hello	emotions, hello hi, actions
kaomoji	(ノ^∇^)	hello	emotions, hello hi, actions
kaomoji	ヾ(☆▽☆)	hello	emotions, hello hi, actions
kaomoji	(/・0・)	hello	emotions, hello hi, actions
kaomoji	(^o^)/	hello	emotions, hello hi, actions
kaomoji	(￣▽￣)ノ	hello	emotions, hello hi, actions
kaomoji	(≧∇≦)/	hello	emotions, hello hi, actions
kaomoji	＼(-o- )	hello	emotions, hello hi, actions
kaomoji	(。･∀･)ﾉ	hello	emotions, hello hi, actions
kaomoji	＼(°o°；）	hello	emotions, hello hi, actions
kaomoji	川o･-･)ﾉ	hello	emotions, hello hi, actions
kaomoji	( ・_・)ノ	hello	emotions, hello hi, actions
kaomoji	( ･ω･)ﾉ	hello	emotions, hello hi, actions
kaomoji	( ^_^)／	hello	emotions, hello hi, actions
kaomoji	（ ゜ρ゜)ノ	hello	emotions, hello hi, actions
kaomoji	( ﾟ▽ﾟ)/	hello	emotions, hello hi, actions
kaomoji	(;-_-)ノ	hello	emotions, hello hi, actions
kaomoji	(。-ω-)ﾉ	hello	emotions, hello hi, actions
kaomoji	(。^_・)ノ	hello	emotions, hello hi, actions
kaomoji	(｡´∀｀)ﾉ	hello	emotions, hello hi, actions
kaomoji	(*＾▽＾)／	hello	emotions, hello hi, actions
kaomoji	(*￣Ｏ￣)ノ	hello	emotions, hello hi, actions
kaomoji	ヾ(＾-＾)ノ	hello	emotions, hello hi, actions
kaomoji	(^-^*)/	hello	emotions, hello hi, actions
kaomoji	＼(-_- )	hello	emotions, hello hi, actions
kaomoji	ヾ(´￢｀)ﾉ	hello	emotions, hello hi, actions
kaomoji	ヾ(・ω・ｏ)	hello	emotions, hello hi, actions
kaomoji	(=ﾟωﾟ)ﾉ	hello	emotions, hello hi, actions
kaomoji	|д･)	hiding	emotions, hide, hiding you, actions
kaomoji	|ω・)	hiding	emotions, hiding you, actions
kaomoji	｜。・)	hiding	emotions, hiding you, actions
kaomoji	｜ｏ゜)	hiding	emotions, hiding you, actions
kaomoji	|ω`)	hiding	emotions, hide, hiding you, actions
kaomoji	|ｮз☆)	hiding	emotions, hide, hiding you, actions
kaomoji	|⁰⊖⁰)	hiding	emotions, hide, hiding you, actions
kaomoji	(っ^_^)っ	hugging	emotions, hugging me, actions
kaomoji	(つﾟ⊿ﾟ)つ	hugging	emotions, hugging me, actions
kaomoji	⊂(♡⌂♡)⊃	hugging	emotions, hugging me, actions
kaomoji	(꒪ཀ꒪)	nosebleed	emotions, nosebleed nose, actions
kaomoji	(￣Γ￣)	nosebleed	emotions, nosebleed nose, actions
kaomoji	(＾〃＾)	nosebleed	emotions, nosebleed nose, actions
kaomoji	|་།￣)	nosebleed	emotions, nosebleed nose, actions
kaomoji	(＾་།＾)	nosebleed	emotions, nosebleed nose, actions
kaomoji	(￣TT￣)	nosebleed	emotions, nosebleed nose, actions
kaomoji	(´ii｀)	nosebleed	emotions, nosebleed nose, actions
kaomoji	(´〃｀＊)	nosebleed	emotions, nosebleed nose, actions
kaomoji	ᶘ○་།○ᶅ	nosebleed	emotions, nosebleed nose, actions
kaomoji	(´ノi｀)	nosebleed	emotions, nosebleed nose, actions
kaomoji	orZ	orz	emotions, orz me, special
kaomoji	OTz	orz	emotions, orz me, special
kaomoji	⊙rz	orz	emotions, orz me, special
kaomoji	●rz	orz	emotions, orz me, special
kaomoji	Xrz	orz	emotions, orz me, special
kaomoji	6rz	orz	emotions, orz me, special
kaomoji	(T人T)	praying	emotions, praying hands, actions
kaomoji	(-∧-)	praying	emotions, praying hands, actions
kaomoji	(ㅅ˘˘)	praying	emotions, praying hands, actions
kaomoji	(>人<；)	praying	emotions, praying hands, actions
kaomoji	(*>人<)	praying	emotions, praying hands, actions
kaomoji	(人>U<)	praying	emotions, praying hands, actions
kaomoji	(●≧艸≦	puking	emotions, vomitings, vomiting, actions
kaomoji	Σ⊂(☉ω☉∩ )	punching	emotions, punching man, actions
kaomoji	┗(＾0＾)┓	running person	emotions, run, running, actions
kaomoji	ᕕ┌◕ᗜ◕┐ᕗ	running person	emotions, run, running, actions
kaomoji	┏┃*･д┃┛	running person	emotions, run, running, actions
kaomoji	ᕕ(ಥʖ̯ಥ)ᕗ	running person	emotions, run, running, actions
kaomoji	ᕕ( ಠ‿ಠ)ᕗ	running person	emotions, run, running, actions
kaomoji	ᕕ༼✪ل͜✪༽ᕗ	running person	emotions, run, running, actions
kaomoji	┌( ಠ‿ಠ)┘	running person	emotions, run, running, actions
kaomoji	ღ(◔ڼ◔ღ)ミ	running person	emotions, run, running, actions
kaomoji	ᕕ( ◎_◎)ᕗ	running person	emotions, run, running, actions
kaomoji	(｀∇´ゞ	saluting	emotions, salute hand, salute, actions
kaomoji	(´∀｀ゞ	saluting	emotions, salute hand, salute, actions
kaomoji	(￣^￣ゞ	saluting	emotions
kaomoji	(￣ー￣)ゞ	saluting	emotions, salute hand, salute, actions
kaomoji	く(＠Д＠)	saluting	emotions
kaomoji	(‾-ƪ‾)	saluting	emotions, salute hand, salute, actions
kaomoji	【:εω	sleeping man	emotions, sleep, sleeping, actions
kaomoji	(冫༵、)	sleeping man	emotions, sleep, sleeping, actions
kaomoji	(ᴗ˳ᴗ)	sleeping man	emotions, sleep, sleeping, actions
kaomoji	(´～`)	sleeping man	emotions, sleep, sleeping, actions
kaomoji	( ˘ω˘)	sleeping man	emotions, sleeping, actions
kaomoji	( ⓥωⓥ)	sleeping man	emotions, sleep, sleeping, actions
kaomoji	(:˒[￣]	sleeping man	emotions, sleep, sleeping, actions
kaomoji	(≧≦)	sorry	emotions, so sorry, actions
kaomoji	(＞人＜)	sorry	emotions, so sorry, actions
kaomoji	(^∧^)	sorry	emotions, so sorry, actions
kaomoji	(ﾉ´д｀)	sorry	emotions, so sorry, actions
kaomoji	(ToT)ゞ	sorry	emotions, so sorry, actions
kaomoji	(＞＜；；)	sorry	emotions, so sorry, actions
kaomoji	( ´Д⊂ヽ	sorry	emotions, so sorry, actions
kaomoji	OW<	suggestive	emotions, winking, wink me, actions, suggestives, special
kaomoji	(－ｏ⌒)	suggestive	emotions, winking, wink me, actions, suggestives, special
kaomoji	(＾＿－)	suggestive	emotions, winking, wink me, actions, suggestives, special
kaomoji	(＾_-)	suggestive	emotions, suggestives, special
kaomoji	(රڡර人)	tongue	emotions, tongues, actions
kaomoji	(๑╹ڡ╹)	tongue	emotions, tongues, actions
kaomoji	(*´ڡ`●)	tongue	emotions, tongues, actions
kaomoji	(ˆ ڡ ˆ)	tongue	emotions, tongues, actions
kaomoji	ʕっ˘ڡ˘ςʔ	tongue	emotions, tongues, actions
kaomoji	(๑╹ڡ╹๑)	tongue	emotions, tongues, actions
kaomoji	(∩❛ڡ❛∩)	tongue	emotions, tongues, actions
kaomoji	((´д｀))	trembling	emotions, tremble, trembles, actions, trembling man
kaomoji	((；ﾟДﾟ)	trembling	emotions, tremble, trembles, actions, trembling man
kaomoji	((;ﾟДﾟ))	trembling	emotions, tremble, trembles, actions, trembling man
kaomoji	(llФｗФ｀)	trembling	emotions, tremble, trembles, actions, trembling man
kaomoji	((ﾟДﾟ；))	trembling	emotions, tremble, trembles, actions, trembling man
kaomoji	((；ﾟェﾟ；))	trembling	emotions, tremble, trembles, actions, trembling man
kaomoji	:(´◦ω◦｀):	trembling	emotions, tremble, trembles, actions, trembling man
kaomoji	(((＾ω＾)))	trembling	emotions, tremble, trembles, actions, trembling man
kaomoji	((((゜д゜)))	trembling	emotions, trembling man, actions
kaomoji	(((゜Д゜；)))	trembling	emotions, trembling man, actions
kaomoji	☡	warnings	emotions, warning, special
kaomoji	⚠	warnings	emotions, warning, special
kaomoji	φ(．．)	write	emotions, writing, actions
kaomoji	σ(ൈ)φ	write	emotions, writing, actions
kaomoji	ψ(。。)	write	emotions, writing, actions
kaomoji	〆(　　))	write	emotions, writing, actions
kaomoji	φ(．．;)	write	emotions, writing, actions
kaomoji	φ(◎◎ヘ)	write	emotions, writing, actions
kaomoji	φ(._.)	write	emotions, writing, actions
kaomoji	φ(◎◎へ)	write	emotions, writing, actions
kaomoji	＿〆(。。)	write	emotions, writing, actions
kaomoji	〆(Д<)))	write	emotions, writing, actions
kaomoji	(-_-)zzz	zzz	emotions, sleeping, actions
kaomoji	(᎑ ᎑).zzZ	zzz	emotions, sleeping, actions
kaomoji	(。-ω-)zzz	zzz	emotions, sleeping, actions
kaomoji	(－_－) zzZ	zzz	emotions, sleeping, actions
kaomoji	(－ω－) zzZ	zzz	emotions, sleeping, actions
kaomoji	(￣o￣) zzZ	zzz	emotions, sleeping, actions
kaomoji	(｡-ω-)zzz	zzz	emotions, sleeping, actions
kaomoji	⡱(᎑ ᎑).zzZ	zzz	emotions, sleeping, actions
kaomoji	・㉨・	bear	emotions, bears, animals
kaomoji	ˁ˙˟˙ˀ	bear	emotions, bears, animals
kaomoji	ʕ　·ᴥʔ	bear	emotions, bears, animals
kaomoji	ʕᴥ·　ʔ	bear	emotions, bears, animals
kaomoji	(๏㉨๏)	bear	emotions, bears, animals
kaomoji	(ó㉨ò)	bear	emotions, bears, animals
kaomoji	ʢᵕᴗᵕʡ	bear	emotions, bears, animals
kaomoji	ʕ◉ᴥ◉ʔ	bear	emotions, bears, animals
kaomoji	ʕᴥ• ʔ	bear	emotions, bears, animals
kaomoji	ʕ≧ᴥ≦ʔ	bear	emotions, bears, animals
kaomoji	ʕ•㉨•ʔ	bear	emotions, bears, animals
kaomoji	ʕ≧㉨≦ʔ	bear	emotions, bears, animals
kaomoji	(✪㉨✪)	bear	emotions, bears, animals
kaomoji	ʕ∙ჲ∙ʔ	bear	emotions, bears, animals
kaomoji	ʕʽɞʼʔ	bear	emotions, bears, animals
kaomoji	[｡◉㉨◉]	bear	emotions, bears, animals
kaomoji	ʕº̫͡ºʔ	bear	emotions, bears, animals
kaomoji	ʕ*̫͡*ʔ	bear	emotions, bears, animals
kaomoji	ʕ•̮͡•ʔ	bear	emotions, bears, animals
kaomoji	ᶘ ᵒᴥᵒᶅ	bear	emotions, bears, animals
kaomoji	ʕ•̠͡•ʔ	bear	emotions, bears, animals
kaomoji	|ｴ)･)⊃	bear	emotions, hide, hiding you, actions, bears, animals
kaomoji	ὃ⍜ὅ	cat	emotions, cats, animals
kaomoji	ㅇㅅㅇ	cat	emotions, cats, animals
kaomoji	ऴिाी	cat	emotions, cats, animals
kaomoji	(ꀄꀾꀄ)	cat	emotions, cats, animals
kaomoji	ฅ•ω•ฅ	cat	emotions, cats, animals
kaomoji	(ꅈꇅꅈ)	cat	emotions, cats, animals
kaomoji	(ꀂǒꀂ)	cat	emotions, cats, animals
kaomoji	(ꃪꄳꃪ)	cat	emotions, cats, animals
kaomoji	=ටᆼට=	cat	emotions, cats, animals
kaomoji	ʘ̥ꀾʘ̥	cat	emotions, cats, animals
kaomoji	=ộ⍛ộ=	cat	emotions, cats, animals
kaomoji	(ΦωΦ)	cat	emotions, cats, animals
kaomoji	ミ๏ｖ๏彡	cat	emotions, cats, animals
kaomoji	ि०॰०ॢी	cat	emotions, cats, animals
kaomoji	(ฅ'ω'ฅ)	cat	emotions, cats, animals
kaomoji	(=ↀωↀ=)	cat	emotions, cats, animals
kaomoji	=^∇^*=	cat	emotions, cats, animals
kaomoji	(⁎˃ᆺ˂)	cat	emotions, cats, animals, rabbit
kaomoji	(ㅇㅅㅇ❀)	cat	emotions, cats, animals, rabbit
kaomoji	ฅ(≚ᄌ≚)	cat	emotions, cats, animals
kaomoji	(^･ｪ･^)	cat	emotions, cats, animals
kaomoji	§ꊘ⃑٥ꊘ⃐§	cat	emotions, cats, animals
kaomoji	(=‘ｘ‘=)	cat	emotions, cats, animals, rabbit
kaomoji	(^-人-^)	cat	emotions, cats, animals
kaomoji	(=①ω①=)	cat	emotions, cats, animals
kaomoji	(=ＴェＴ=)	cat	emotions, cats, animals
kaomoji	(=ｘェｘ=)	cat	emotions, cats, animals
kaomoji	ヾ(^^ゞ)	dance man	emotions, dance, actions
kaomoji	(ノ・・)ノ	dance man	emotions, dance, actions
kaomoji	(ノ^o^)ノ	dance man	emotions, dance, actions
kaomoji	(ノ￣ー￣)ノ	dance man	emotions, dance, actions
kaomoji	(ノ￣ω￣)ノ	dance man	emotions, dance, actions
kaomoji	⌎⌈╹우╹⌉⌍	dance man	emotions, dance, actions
kaomoji	(ﾉ･o･)ﾉ	dance man	emotions, dance, actions
kaomoji	┌(☆o★)┘	dance man	emotions, dance, actions
kaomoji	└|ﾟεﾟ|┐	dance man	emotions, dance, actions
kaomoji	(ﾉ≧∀≦)ﾉ	dance man	emotions, dance, actions, musics, other
kaomoji	(ﾉﾟ▽ﾟ)ﾉ	dance man	emotions, dance, actions
kaomoji	┌|ﾟзﾟ|┘	dance man	emotions, dancing, actions, dance
kaomoji	（〜^∇^)〜	dance man	emotions, dance, actions
kaomoji	⌌⌈╹므╹⌉⌏	dance man	emotions, dance, actions
kaomoji	＼(^ω^＼)	dance man	emotions, dance, actions
kaomoji	१|˚–˚|५	dance man	emotions, dance, actions
kaomoji	(〜￣△￣)〜	dance man	emotions, dance, actions, musics, other
kaomoji	〜(꒪꒳꒪)〜	dance man	emotions, dance, actions
kaomoji	―●○◎-	eat	emotions, eating, actions
kaomoji	―⊂ZZZ⊃	eat	emotions, eating, actions
kaomoji	（￣ｗ￣）Ψ	eat	emotions, eating, actions
kaomoji	◥█̆̈◤࿉∥	eat	emotions, eating, actions
kaomoji	(＾-＾)＿日	eat	emotions, eating, actions
kaomoji	(。・・)_且	eat	emotions, eating, actions
kaomoji	(＃´ー´)旦	eat	emotions, eating, actions
kaomoji	且_(・_・ )	eat	emotions, eating, actions
kaomoji	(　ﾟДﾟ)⊃旦	eat	emotions, eating, actions
kaomoji	( -_-)旦~	eat	emotions, eating, actions
kaomoji	(*^◇^)_旦	eat	emotions, eating, actions
kaomoji	(*･∀･)_Ω~	eat	emotions, eating, actions
kaomoji	~旦_(^O^ )	eat	emotions, eating, actions
kaomoji	(　 ゜Д゜)⊃旦	eat	emotions, eating, actions
kaomoji	~~旦⊂(･∀･ )	eat	emotions, eating, actions
kaomoji	ｰ( ￣▽)_皿~~	eat	emotions, eating, actions
kaomoji	(*｀▽´)_旦~~	eat	emotions, eating, actions
kaomoji	~~旦_(･o･;)	eat	emotions, eating, actions
kaomoji	~(=^‥^)_旦~	eat	emotions, eating, actions
kaomoji	且_(ﾟ◇ﾟ；)ノﾞ	eat	emotions, eating, actions
kaomoji	(*´ｪ｀*)っ旦~	eat	emotions, eating, actions
kaomoji	( ・・)つ-●●●	eat	emotions, eating, actions, food, other
kaomoji	( ^-^)_旦””	eat	emotions, eating, actions
kaomoji	((((´∀｀)＿旦～	eat	emotions, eating, actions
kaomoji	( ´･ω･`)_且~	eat	emotions, eating, actions
kaomoji	(*´-ω)o旦~┏┓	eat	emotions, eating, actions
kaomoji	(*´・ω)o旦~┏┓	eat	emotions, eating, actions
kaomoji	~~匸Pヽ(･ω･｀)	eat	emotions, eating, actions
kaomoji	(○^ω^)_旦~~♪	eat	emotions, eating, actions
kaomoji	~~旦_(-ω-｀｡)	eat	emotions, eating, actions
kaomoji	ξ"(￣ *)	feces	emotions, feces one, special
kaomoji	( ж)..ξ	feces	emotions, feces one, special
kaomoji	Σo(TξT)o	feces	emotions, feces one, special
kaomoji	ヽ( ・∀・)ノ●	feces	emotions, feces one, special
kaomoji	●ヽ(ﾟ∀ﾟ)ﾉ●	feces	emotions, feces one, special
kaomoji	(･･*)ﾉ ⌒ξ	feces	emotions, feces one, special
kaomoji	(・・*)ノ ⌒ξ	feces	emotions, feces one, special
kaomoji	-=≡~ξ-＿-*)	feces	emotions, feces one, special
kaomoji	(゜д゜(：＊：)=з	feces	emotions, feces one, special
kaomoji	~ξヾ( ^-x-^)	feces	emotions, feces one, special
kaomoji	●ヽ(´･д･`)ﾉ●	feces	emotions, feces one, special
kaomoji	（ﾉ･∀･）ﾉ = ●	feces	emotions, feces one, special
kaomoji	(;￣y￣)-----cξ~~	feces	emotions, feces one, special
kaomoji	( ･∀･)つ＝≡≡ξ)Д`)	feces	emotions, feces one, special
kaomoji	ヽ(･∀･)ﾉヽ(･∀･)ﾉ●●	feces	emotions, feces one, special
kaomoji	(￣y￣)o――――――∞Cξ~	feces	emotions, feces one, special
kaomoji	~ξ.．・((ヾ( ^-x-^)	feces	emotions, feces one, special
kaomoji	●_(ﾟ∀ﾟ )≡　ヽ(Ａ`)ﾉ≡	feces	emotions, feces one, special
kaomoji	●ヽ(ﾟ∀ﾟヽ)♪♪(ノﾟ∀ﾟ)ノ●	feces	emotions, feces one, special
kaomoji	( ;・_・)ﾉＸＸＸＸＸＸＸＸ=Cξ	feces	emotions, feces one, special
kaomoji	━━━━━━━ ~~~ξ-＼ξ(･_＼)	feces	emotions, feces one, special
kaomoji	ξ━‥・・・☆＼_(゜▽゜*彡*゜ー゜)_/	feces	emotions, feces one, special
kaomoji	ξ━‥･･･☆＼_(ﾟ▽ﾟ*彡*ﾟｰﾟ)_/	feces	emotions, feces one, special
kaomoji	／ー￣)/D・・・・・------ξ゜⊿゜)	feces	emotions, feces one, special
kaomoji	ξ＼(ﾟｰﾟ*)(*ﾟ▽ﾟ)ﾉ⌒ξﾟДﾟ)ﾉﾉ	feces	emotions, feces one, special
kaomoji	／ｰ￣)/D・・・・・------ξﾟ⊿ﾟ)ﾉ	feces	emotions, feces one, special
kaomoji	ξ＼(゜ー゜*)(*゜▽゜)ノ⌒ξ゜Д゜)ノノ	feces	emotions, feces one, special
kaomoji	~ξ(*--)(*･･)ﾉ v⌒v⌒v⌒v⌒ξ~	feces	emotions, feces one, special
kaomoji	ヽ(･∀･)ﾉ●ヽ(･∀･)ﾉ●ヽ(･∀･)ﾉ●	feces	emotions, feces one, special
kaomoji	(￣~￣;)ξ~ (((( ￣∇￣)_ξﾟ□ﾟ)	feces	emotions, feces one, special
kaomoji	|ω・）	hide	emotions, hiding you, actions
kaomoji	｜。・）	hide	emotions, hiding you, actions
kaomoji	｜ｏ゜）	hide	emotions, hiding you, actions
kaomoji	|ｮдﾟ)	hide	emotions, hiding you, actions
kaomoji	┃(・ω┃	hide	emotions, hiding you, actions
kaomoji	|_-｡)	hide	emotions, hiding you, actions
kaomoji	|Д´)/	hide	emotions, hiding you, actions
kaomoji	ﾍ(･_|	hide	emotions, hiding you, actions
kaomoji	|Д｀|┛	hide	emotions, hiding you, actions
kaomoji	)ु੭ु⁾	hide	emotions, hiding you, actions
kaomoji	|∀･)ジ	hide	emotions, hiding you, actions
kaomoji	｜−・;）	hide	emotions, hiding you, actions
kaomoji	|x･`)	hide	emotions, hiding you, actions
kaomoji	|д꒪ͧ)…	hide	emotions, hiding you, actions
kaomoji	|ʘ‿ʘ)╯	hide	emotions, hiding you, actions
kaomoji	|･ω･｀)	hide	emotions, hiding you, actions
kaomoji	|ω´･;)	hide	emotions, hiding you, actions
kaomoji	|･x･`)	hide	emotions, hiding you, actions
kaomoji	|ω-o)ﾟ	hide	emotions, hiding you, actions
kaomoji	|ω・｀)ノ	hide	emotions, hiding you, actions
kaomoji	⊆◍益◍⊇	monkey	emotions, monkeys, animals
kaomoji	@・ꈊ・@	monkey	emotions, monkeys, animals
kaomoji	₢ຈ▿ຈꀣ	monkey	emotions, monkeys, animals
kaomoji	☾ठ ੁठ☽	monkey	emotions, monkeys, animals
kaomoji	⊆（⌒◎⌒）⊇	monkey	emotions, monkeys, animals
kaomoji	@(・●・)@	monkey	emotions, monkeys, animals
kaomoji	Ⴚტ◕‿◕ტჂ	monkey	emotions, monkeys, animals
kaomoji	₢⦿͡㍕⦿͡ꀣ	monkey	emotions, monkeys, animals
kaomoji	@(･-･)@	monkey	emotions, monkeys, animals
kaomoji	⊆ಠ ω ಠ⊇	monkey	emotions, monkeys, animals
kaomoji	@(･o･)@	monkey	emotions, monkeys, animals
kaomoji	@(ᵕ.ᵕ)@	monkey	emotions, monkeys, animals
kaomoji	@(･ェ･)@	monkey	emotions, monkeys, animals
kaomoji	└@(･ｪ･)@┐	monkey	emotions, monkeys, animals
kaomoji	@( o･ｪ･)@	monkey	emotions, monkeys, animals
kaomoji	@( o･ꎴ･)@	monkey	emotions, monkeys, animals
kaomoji	⊂((・⊥・))⊃	monkey	emotions, monkeys, animals
kaomoji	@( oóꎴò)@	monkey	emotions, monkeys, animals
kaomoji	⊂((υ⊥υ))⊃	monkey	emotions, monkeys, animals
kaomoji	⊂((*＞⊥σ))⊃	monkey	emotions, monkeys, animals
kaomoji	⊂((。・o・))⊃	monkey	emotions, monkeys, animals
kaomoji	⊂((≧⊥≦))⊃	monkey	emotions, monkeys, animals
kaomoji	₢⦿͡ ˒̫̮ ⦿͡ꀣ	monkey	emotions, monkeys, animals
kaomoji	Ϛ⃘๑•͡ .̫•๑꒜	monkey	emotions, monkeys, animals
kaomoji	Ϛ⃘๑•͡ .̫•๑꒜	monkey	emotions, monkeys, animals
kaomoji	○Ｏo。.@(-ェ-)@ノ	monkey	emotions, monkeys, animals
kaomoji	✧.*◌·͡˔·ོ◌*·✧	monkey	emotions, monkeys, animals
kaomoji	Ϛ⃘๑•͡ .̫•๑꒜ღ⃛	monkey	emotions, monkeys, animals
kaomoji	Ϛ⃘๑•͡ .̫•๑꒜♬♫	monkey	emotions, monkeys, animals
kaomoji	⸉ᘓ◎⃝ᆺ◎⃝ᘐ⸊	monkey	emotions, monkeys, animals
kaomoji	ᕕ(╯°□°)ᕗ	run	emotions, running, actions
kaomoji	｢(◔ω◔「)三	run	emotions, running, actions
kaomoji	┌( ಠ_ಠ)┘	run	emotions, running, actions
kaomoji	٩(•౪•٩)三	run	emotions, running, actions
kaomoji	ᕕ༼ຈل͜ຈ༽ᕗ	run	emotions, running, actions
kaomoji	ᕕ(◉Д◉ )ᕗ	run	emotions, running, actions
kaomoji	ᕕ( ◔3◔)ᕗ	run	emotions, running, actions
kaomoji	┗(^o^　)┓三	run	emotions, running, actions
kaomoji	┌（・Σ・）┘≡З	run	emotions, running, actions
kaomoji	｡｡゛(ﾉ><)ﾉ	run	emotions, running, actions
kaomoji	ε＝（ﾉﾟдﾟ）ﾉ	run	emotions, running, actions
kaomoji	｢(⑅◔ω◔「)三	run	emotions, running, actions
kaomoji	┏( ゜)ਊ゜)┛	run	emotions, running, actions
kaomoji	ε＝┏(･ω･)┛	run	emotions, running, actions
kaomoji	ᕕ(⌐□ل͜□)ᕗ	run	emotions, running, actions
kaomoji	⊂(ﾟДﾟ;⊂⌒`つ	run	emotions, running, actions
kaomoji	ᕕ༼✿•̀︿•́༽ᕗ	run	emotions, running, actions
kaomoji	ε=٩(●❛ö❛)۶	run	emotions, running, actions
kaomoji	ε≡(ノ´＿ゝ｀）ノ	run	emotions, running, actions
kaomoji	ε=(｡ﾉ･ω･)ﾉ	run	emotions, running, actions
kaomoji	く（＠Д＠）	salute hand	emotions, salute, actions
kaomoji	(‘-‘*ゞ	salute hand	emotions, salute, actions
kaomoji	∠(´д｀)	salute hand	emotions, salute, actions
kaomoji	(＞Д＜)ゝ	salute hand	emotions, salute, actions
kaomoji	(｀д´)ゝ	salute hand	emotions, salute, actions
kaomoji	(￣^￣)ゞ	salute hand	emotions, salute, actions, misc, special
kaomoji	（・д・ゝ）	salute hand	emotions, salute, actions
kaomoji	∠(^ー^)	salute hand	emotions, salute, actions
kaomoji	(￣▽￣)ゞ	salute hand	emotions, salute, actions
kaomoji	(゜◇゜)ゞ	salute hand	emotions, salute, actions
kaomoji	(＞ロ＜)ゝ	salute hand	emotions, salute, actions
kaomoji	(^-^)ゝ	salute hand	emotions, salute, actions
kaomoji	(‘∀`)ゞ	salute hand	emotions, salute, actions
kaomoji	（─∀─）ゞ	salute hand	emotions, salute, actions
kaomoji	('-'*ゞ	salute hand	emotions, salute, actions
kaomoji	（＾∀＾）ゞ	salute hand	emotions, salute, actions
kaomoji	（・∀・）ゞ	salute hand	emotions, salute, actions
kaomoji	（’◇’）ゞ	salute hand	emotions, salute, actions
kaomoji	ヾ(≧∇≦)ゞ	salute hand	emotions, salute, actions
kaomoji	ヽ|･◇･|ゞ	salute hand	emotions, salute, actions
kaomoji	Ꮚ⌀ꈊ⍉Ꮚ	sheep	emotions, sheeps, animals
kaomoji	@^ェ^@	sheep	emotions, sheeps, animals
kaomoji	Ꮚ⁰ꈊ⁰Ꮚ	sheep	emotions, sheeps, animals
kaomoji	（・ｴ・@	sheep	emotions, sheeps, animals
kaomoji	Ꮚ｀ꈊ´Ꮚ	sheep	emotions, sheeps, animals
kaomoji	§・ω・§	sheep	emotions, sheeps, animals
kaomoji	Ꮚ’ꈊ’Ꮚ	sheep	emotions, sheeps, animals
kaomoji	＠・＊・＠	sheep	emotions, sheeps, animals
kaomoji	Ꮚ`ꈊ´Ꮚ	sheep	emotions, sheeps, animals
kaomoji	ᏊˊꈊˋᏊ	sheep	emotions, sheeps, animals
kaomoji	Ꮚ⁼ꈊ⁼Ꮚ	sheep	emotions, sheeps, animals
kaomoji	Ꮚ˟ꈊ˟Ꮚ	sheep	emotions, sheeps, animals
kaomoji	＠・ω・＠	sheep	emotions, sheeps, animals
kaomoji	@・ェ・@	sheep	emotions, sheeps, animals
kaomoji	Ꮚ^ꈊ^Ꮚ	sheep	emotions, sheeps, animals
kaomoji	Ꮚ❛ꈊ❛Ꮚ	sheep	emotions, sheeps, animals
kaomoji	ᏊᵋꈊᵋᏊ	sheep	emotions, sheeps, animals
kaomoji	ᏊꈍꈊꈍᏊ	sheep	emotions, sheeps, animals
kaomoji	Ꮚ˘ꍓ˘Ꮚ	sheep	emotions, sheeps, animals
kaomoji	Ꮚ•ꈊ•Ꮚ	sheep	emotions, sheeps, animals
kaomoji	{ @ˊꈊˋ@ }	sheep	emotions, sheeps, animals
kaomoji	{ @⁼ꈊ⁼@ }	sheep	emotions, sheeps, animals
kaomoji	{ @ᵕꈊᵕ@ }	sheep	emotions, sheeps, animals
kaomoji	Ꮚᵒ̴̶̷ꈊ˂̤Ꮚ	sheep	emotions, sheeps, animals
kaomoji	{ @˟ꈊ˟@ }	sheep	emotions, sheeps, animals
kaomoji	{ @⁰ꈊ⁰@ }	sheep	emotions, sheeps, animals
kaomoji	{ @^ꈊ^@ }	sheep	emotions, sheeps, animals
kaomoji	{ @❛ꈊ❛@ }	sheep	emotions, sheeps, animals
kaomoji	{ @｀ꈊ´@ }	sheep	emotions, sheeps, animals
kaomoji	{ @’ꈊ’@ }	sheep	emotions, sheeps, animals
kaomoji	(︶｡︶✽)	sleep	emotions, sleeping, actions
kaomoji	(:3ぅ　)	sleep	emotions, sleeping, actions
kaomoji	(¦ꒉ[▓▓]	sleep	emotions, sleeping, actions
kaomoji	(¦ꀦ[▓▓]	sleep	emotions, sleeping, actions
kaomoji	⌈▓͟⌉ꆟ)ꍞ	sleep	emotions, sleeping, actions
kaomoji	（;´_ヘ;）	sleep	emotions, sleeping, actions
kaomoji	（´○｀）～ゝ	sleep	emotions, sleeping, actions
kaomoji	(¦ꃎ[▓▓]	sleep	emotions, sleeping, actions
kaomoji	(¦ꎌ[▓▓]	sleep	emotions, sleeping, actions
kaomoji	(¦ꃆ[▓▓]	sleep	emotions, sleeping, actions
kaomoji	(¦ꄰ[▓▓]	sleep	emotions, sleeping, actions
kaomoji	⌈▒͟⌉ꅼ)ꍞ	sleep	emotions, sleeping, actions
kaomoji	＼（´Ｏ｀）／	sleep	emotions, sleeping, actions
kaomoji	（◎´〇｀◎）	sleep	emotions, sleeping, actions
kaomoji	(´-εヾ )	sleep	emotions, sleeping, actions
kaomoji	(｡し_し｡)	sleep	emotions, sleeping, actions
kaomoji	(｡´-д-)	sleep	emotions, sleeping, actions
kaomoji	(*´ο`*)	sleep	emotions, sleeping, actions
kaomoji	川｡μ_μ)σ	sleep	emotions, sleeping, actions
kaomoji	(｡v_v｡)	sleep	emotions, sleeping, actions
kaomoji	(๑ᵕ⌓ᵕ̤)	sleep	emotions, sleeping, actions
kaomoji	(¦ꃩ[▓▓]	sleep	emotions, sleeping, actions
kaomoji	꒰◍ᐡᐤᐡ◍꒱	sleep	emotions, sleeping, actions
kaomoji	(　・ω)(　・)(　)(・　)(ω・　)(・ω・)	spins	emotions, spin, special
kaomoji	(･∀･)( ･∀)( ･)( )(･ )(∀･ )(･∀･)	spins	emotions, spin, special
kaomoji	(･▽･)( ･▽)(　･)(　　)(･　)(▽･ )(･▽･)	spins	emotions, spin, special
kaomoji	(^▽^)( ^▽)(　^)(　　)(^　)(▽^ )(^▽^)	spins	emotions, spin, special
kaomoji	(^◇^)( ^◇)(　^)(　　)(^　)(◇^ )(^◇^)	spins	emotions, spin, special
kaomoji	(^ー^)( ^ー)(　^)(　　)(^　)(ー^ )(^ー^)	spins	emotions, spin, special
kaomoji	(^＿^)( ^_)(　^)(　　)(^　)(_^ )(^＿^)	spins	emotions, spin, special
kaomoji	(ﾟーﾟ)( ﾟー)(　ﾟ)(　　)(ﾟ　)(ーﾟ )(ﾟーﾟ)	spins	emotions, spin, special
kaomoji	(^_^)( ^_)(　^)(　　)(^　)(_^ )(^_^)	spins	emotions, spin, special
kaomoji	(･_･)( ･_)(　･)(　　)(･　)(_･ )(･_･)	spins	emotions, spin, special
kaomoji	(^∇^)( ^∇)(　^)(　　)(^　)(∇^ )(^∇^)	spins	emotions, spin, special
kaomoji	(･∀･)( ･∀)(　･)(　　)(･　)(∀･ )(･∀･)	spins	emotions, spin, special
kaomoji	(ﾟ◇ﾟ)( ﾟ◇)(　ﾟ)(　　)(ﾟ　)(◇ﾟ )(ﾟ◇ﾟ)	spins	emotions, spin, special
kaomoji	(^∀^)( ^∀)(　^)(　　)(^　)(∀^ )(^∀^)	spins	emotions, spin, special
kaomoji	(･◇･)( ･◇)(　･)(　　)(･　)(◇･ )(･◇･)	spins	emotions, spin, special
kaomoji	(ﾟ▽ﾟ)( ﾟ▽)(　ﾟ)(　　)(ﾟ　)(▽ﾟ )(ﾟ▽ﾟ)	spins	emotions, spin, special
kaomoji	(ﾟ∇ﾟ)( ﾟ∇)(　ﾟ)(　　)(ﾟ　)(∇ﾟ )(ﾟ∇ﾟ)	spins	emotions, spin, special
kaomoji	(ﾟ∀ﾟ)( ﾟ∀)(　ﾟ)(　　)(ﾟ　)(∀ﾟ )(ﾟ∀ﾟ)	spins	emotions, spin, special
kaomoji	(ﾟ＿ﾟ)( ﾟ_)(　ﾟ)(　　)(ﾟ　)(_ﾟ )(ﾟ＿ﾟ)	spins	emotions, spin, special
kaomoji	(ﾟ_ﾟ)( ﾟ_)(　ﾟ)(　　)(ﾟ　)(_ﾟ )(ﾟ_ﾟ) 　	spins	emotions, spin, special
kaomoji	(･∇･)( ･∇)(　･)(　　)(･　)(∇･ )(･∇･) 　	spins	emotions, spin, special
kaomoji	(･＿･)( ･_)(　･)(　　)(･　)(_･ )(･＿･) 　	spins	emotions, spin, special
kaomoji	‹‹\(´ω` )/››‹‹\( 　´)/››‹‹\( ´ω`)/››	spins	emotions, spin, special
kaomoji	‹‹ヽ( ･ω･ )/››‹‹ヽ( ･)/›› ‹‹ヽ( ･ω･ )/››	spins	emotions, spin, special
kaomoji	ヽ(･∀･)ﾉ━(∀･ﾉ)━(･ﾉ )━ヽ( )ﾉ━( ヽ･)━(ヽ･∀)━ヽ(･∀･)ﾉ	spins	emotions, spin, special
kaomoji	⊂⌒~⊃｡Д｡）⊃━⊂⌒O｡Д｡）⊃━O（｡Д｡）O━⊂（｡Д｡O⌒⊃━⊂（｡Д｡⊂~⌒⊃	spins	emotions, spin, special
kaomoji	(=ﾟωﾟ)ﾉ━( =ﾟω)━( 　=ﾟ)━(　　)━(ﾟ= ﾉ )━(ωﾟ=ﾉ)━(=ﾟωﾟ)ﾉ	spins	emotions, spin, special
kaomoji	<丶｀∀´>━<丶｀∀>━<　丶｀>━<　　丶>━<　　　>━<´　　　>━<∀´　　>━<丶｀∀´>	spins	emotions, spin, special
kaomoji	(´･ω･`)━( ´･ω･)━( 　´･ω)━( 　　)━( 　　)━(ω･´　)━(･ω･´)━(｀･ω･´)	spins	emotions, spin, special
kaomoji	（（（゜Д゜；）））	tremble	emotions, trembles, actions
kaomoji	（（（・×・；）））	tremble	emotions, trembles, actions
kaomoji	(((･Α･川)))	tremble	emotions, trembles, actions
kaomoji	((( ；ﾟДﾟ)))	tremble	emotions, trembles, actions
kaomoji	((,,´Θ`,,))	tremble	emotions, trembles, actions
kaomoji	((o(´∀｀)o))	tremble	emotions, trembles, actions
kaomoji	《《(ﾟc_ﾟ；)》》	tremble	emotions, trembles, actions
kaomoji	:;(∩´﹏`∩);:	tremble	emotions, trembles, actions
kaomoji	((((；ﾟДﾟ)))	tremble	emotions, trembles, actions
kaomoji	||lll´Д｀)))	tremble	emotions, trembles, actions
kaomoji	((((；ﾟДﾟ))))	tremble	emotions, trembles, actions
kaomoji	((ﾟﾟ((Д))ﾟﾟ))	tremble	emotions, trembles, actions
kaomoji	((((;´･ω･`)))	tremble	emotions, trembles, actions
kaomoji	(((( ˙-˙ ))))	tremble	emotions, trembles, actions
kaomoji	(･(･(･∀･)･)･)	tremble	emotions, trembles, actions
kaomoji	(((;ﾟ;Д;ﾟ;)))	tremble	emotions, trembles, actions
kaomoji	(((ﾟДﾟДﾟДﾟ)))	tremble	emotions, trembles, actions
kaomoji	（|||´□｀；）))))	tremble	emotions, trembles, actions
kaomoji	(((ﾉ)ﾟДﾟ(ヽ))))	tremble	emotions, trembles, actions
kaomoji	(((（´・ω・；`）)))	tremble	emotions, trembles, actions
kaomoji	((-ω-｡)(｡-ω-))	tremble	emotions, trembles, actions
kaomoji	(((((；＾ω＾)))))	tremble	emotions, trembles, actions
kaomoji	（´＊｀）	vomit	emotions, vomiting, actions
kaomoji	（≧ｍ≦）	vomit	emotions, vomiting, actions
kaomoji	（＾～＾）	vomit	emotions, vomiting, actions
kaomoji	（＊Л＊）	vomit	emotions, vomiting, actions
kaomoji	（●≧艸≦	vomit	emotions, vomiting, actions
kaomoji	（>３<）三	vomit	emotions, vomiting, actions
kaomoji	( -.-)	vomit	emotions, vomiting, actions
kaomoji	(￣x￣;)	vomit	emotions, vomiting, actions
kaomoji	( ×m×)	vomit	emotions, vomiting, actions
kaomoji	（･□･）川	vomit	emotions, vomiting, actions
kaomoji	（´艸｀＊）	vomit	emotions, vomiting, actions
kaomoji	＿|￣|○､;	vomit	emotions, vomiting, actions
kaomoji	（。－<>ー。）	vomit	emotions, vomiting, actions
kaomoji	(　´З｀)＝３	vomit	emotions, vomiting, actions
kaomoji	（～Д～）＊＊＊	vomit	emotions, vomiting, actions
kaomoji	σ(　'　┰￣)	vomit	emotions, vomiting, actions
kaomoji	( ﾟ ３ﾟ)≡@	vomit	emotions, vomiting, actions
kaomoji	（（（○∀○）））	vomit	emotions, vomiting, actions
kaomoji	(；－з-)＝゜。	vomit	emotions, vomiting, actions
kaomoji	((〇<*`_、′	vomit	emotions, vomiting, actions
kaomoji	ΣΣΣΣΣ（０＜）	vomit	emotions, vomiting, actions
kaomoji	（;ﾟ;艸;ﾟ;）	vomit	emotions, vomiting, actions
kaomoji	｀．゜∵(゜∀゜)	vomit	emotions, vomiting, actions
kaomoji	_(´ཀ`」 ∠)_	vomit	emotions, vomiting, actions
kaomoji	(*●艸ЗU$)◆◇	vomit	emotions, vomiting, actions
kaomoji	(o'ｪﾟ):;*.	vomit	emotions, vomiting, actions
kaomoji	╰( ^o^)╮╰( ^o^)╮	dancing	actions
kaomoji	₍₍ ◝(・ω・)◟ ⁾⁾	dancing	actions
kaomoji	（〜 ^∇^ )〜	dancing	actions
kaomoji	ヾ(*´ ∇ `)ﾉ	dancing	actions
kaomoji	♪♪＼(^ω^＼)( /^ω^)/♪♪	dancing	actions
kaomoji	(._.) ƪ(‘-‘ ƪ)(ʃ ‘-‘)ʃ (/._.)/	dancing	actions
kaomoji	˺⁽ˆ⁰ˆ˺ ⁾˺	dancing	actions
kaomoji	ヾ(´▽｀;)ゝ	dancing	actions
kaomoji	＼(ﾟｰﾟ＼)	dancing	actions
kaomoji	ᕕ(⌐■_■)ᕗ ♪♬	dancing	actions
kaomoji	( ノ・・)ノ	dancing	actions
kaomoji	(o^^)o(^^o)	dancing	actions
kaomoji	१ |˚–˚| ५	dancing	actions
kaomoji	（〜^∇^ )〜	dancing	actions
kaomoji	( ﾉ･ｪ･ )ﾉ	dancing	actions
kaomoji	( ﾉ･o･ )ﾉ	dancing	actions
kaomoji	ヾ( ^^ゞ)	dancing	actions
kaomoji	( /・・)ノ	dancing	actions
kaomoji	ح˚ ௰˚ づ	dancing	actions
kaomoji	| o∵ |o	dancing	actions
kaomoji	⌌⌈ ╹므╹⌉⌏	dancing	actions
kaomoji	⌎⌈c╹우╹ ⌉⌍	dancing	actions
kaomoji	( /・・ ) ノ	dancing	actions
kaomoji	( ノ ^o^)ノ	dancing	actions
kaomoji	( ノ・・ )ノ	dancing	actions
kaomoji	o|∵ o|	dancing	actions
kaomoji	~( ‘.’~)	dancing	actions
kaomoji	~( ˘▾˘~)	dancing	actions
kaomoji	＼(ﾟ ｰﾟ＼)	dancing	actions
kaomoji	(〜^∇^)〜	dancing	actions
kaomoji	(*・ω・)ﾉ	hello hi	actions
kaomoji	(°▽°)/	hello hi	actions
kaomoji	( ´ ∀ ` )ﾉ	hello hi	actions
kaomoji	(＠´ー`)ﾉﾞ	hello hi	actions
kaomoji	(´• ω •`)ﾉ	hello hi	actions
kaomoji	( ° ∀ ° )ﾉﾞ	hello hi	actions
kaomoji	ヾ(*'▽'*)	hello hi	actions
kaomoji	＼(⌒▽⌒)	hello hi	actions
kaomoji	( ´ ▽ ` )ﾉ	hello hi	actions
kaomoji	(^０^)ノ	hello hi	actions
kaomoji	~ヾ(・ω・)	hello hi	actions
kaomoji	(・∀・)ノ	hello hi	actions
kaomoji	ヾ(・ω・*)	hello hi	actions
kaomoji	(*°ｰ°)ﾉ	hello hi	actions
kaomoji	(・_・)ノ	hello hi	actions
kaomoji	(o´ω`o)ﾉ	hello hi	actions
kaomoji	( ´ ▽ ` )/	hello hi	actions
kaomoji	(￣ω￣)/	hello hi	actions
kaomoji	( ´ ω ` )ノﾞ	hello hi	actions
kaomoji	(⌒ω⌒)ﾉ	hello hi	actions
kaomoji	(o^ ^o)/	hello hi	actions
kaomoji	(≧▽≦)/	hello hi	actions
kaomoji	(✧∀✧)/	hello hi	actions
kaomoji	(o´▽`o)ﾉ	hello hi	actions
kaomoji	(￣▽￣)/	hello hi	actions
kaomoji	(つ≧▽≦)つ	hugging me	actions
kaomoji	(つ✧ω✧)つ	hugging me	actions
kaomoji	(づ ◕‿◕ )づ	hugging me	actions
kaomoji	(⊃｡•́‿•̀｡)⊃	hugging me	actions
kaomoji	(つ . •́ _ʖ •̀ .)つ	hugging me	actions
kaomoji	(づ◡﹏◡)づ	hugging me	actions
kaomoji	⊂(´• ω •`⊂)	hugging me	actions
kaomoji	⊂(￣▽￣)⊃	hugging me	actions
kaomoji	⊂( ´ ▽ ` )⊃	hugging me	actions
kaomoji	( ~*-*)~	hugging me	actions
kaomoji	(｡•̀ᴗ-)✧	hugging me	actions
kaomoji	(^_~)	wink me	actions
kaomoji	( ﾟｏ⌒)	wink me	actions
kaomoji	(^_-)≡☆	wink me	actions
kaomoji	(^ω~)	wink me	actions
kaomoji	(>ω^)	wink me	actions
kaomoji	(~人^)	wink me	actions
kaomoji	( -_・)	wink me	actions
kaomoji	(^_<)〜☆	wink me	actions
kaomoji	(^人<)〜☆	wink me	actions
kaomoji	☆⌒(≧▽​° )	wink me	actions
kaomoji	☆⌒(ゝ。∂)	wink me	actions
kaomoji	(^_<)	wink me	actions
kaomoji	(^.~)☆	wink me	actions
kaomoji	(^.~)	wink me	actions
kaomoji	(>ᴗ•)	wink me	actions
kaomoji	m(. .)m	so sorry	actions
kaomoji	人(_ _*)	so sorry	actions
kaomoji	(*_ _)人	so sorry	actions
kaomoji	m(_ _;m)	so sorry	actions
kaomoji	(m;_ _)m	so sorry	actions
kaomoji	(シ. .)シ	so sorry	actions
kaomoji	(*￣ii￣)	nosebleed nose	actions
kaomoji	(￣ﾊ￣*)	nosebleed nose	actions
kaomoji	(￣ﾊ￣)	nosebleed nose	actions
kaomoji	(￣ ¨ヽ￣)	nosebleed nose	actions
kaomoji	(￣ ;￣)	nosebleed nose	actions
kaomoji	(￣ ;;￣)	nosebleed nose	actions
kaomoji	|･ω･)	hiding you	actions
kaomoji	|ω･)ﾉ	hiding you	actions
kaomoji	ヾ(･|	hiding you	actions
kaomoji	|_￣))	hiding you	actions
kaomoji	|▽)	hiding you	actions
kaomoji	┬┴┬┴┤(･_├┬┴┬┴	hiding you	actions
kaomoji	┬┴┬┴┤･ω･)ﾉ	hiding you	actions
kaomoji	┬┴┬┴┤( ͡° ͜ʖ├┬┴┬┴	hiding you	actions
kaomoji	|_・)	hiding you	actions
kaomoji	|･д･)ﾉ	hiding you	actions
kaomoji	__φ(．．)	writing	actions
kaomoji	( ￣ー￣)φ__	writing	actions
kaomoji	__φ(。。)	writing	actions
kaomoji	__φ(．．;)	writing	actions
kaomoji	ヾ( `ー´)シφ__	writing	actions
kaomoji	__〆(￣ー￣ )	writing	actions
kaomoji	....φ(・∀・*)	writing	actions
kaomoji	___〆(・∀・)	writing	actions
kaomoji	( ^▽^)ψ__	writing	actions
kaomoji	....φ(︶▽︶)φ....	writing	actions
kaomoji	( . .)φ__	writing	actions
kaomoji	__φ(◎◎ヘ)	writing	actions
kaomoji	☆ﾐ(o*･ω･)ﾉ	running	actions
kaomoji	C= C= C= C= C=┌(;・ω・)┘	running	actions
kaomoji	─=≡Σ((( つ＞＜)つ	running	actions
kaomoji	ε=ε=ε=ε=┌(;￣▽￣)┘	running	actions
kaomoji	ε=ε=┌( >_<)┘	running	actions
kaomoji	C= C= C= C=┌( `ー´)┘	running	actions
kaomoji	ε===(っ≧ω≦)っ	running	actions
kaomoji	ヽ(￣д￣;)ノ=3=3=3	running	actions
kaomoji	。。。ミヽ(。＞＜)ノ	running	actions
kaomoji	[(－－)]..zzZ	sleeping	actions
kaomoji	(∪｡∪)｡｡｡zzZ	sleeping	actions
kaomoji	(￣o￣) zzZZzzZZ	sleeping	actions
kaomoji	(( _ _ ))..zzzZZ	sleeping	actions
kaomoji	(￣ρ￣)..zzZZ	sleeping	actions
kaomoji	(－.－)...zzz	sleeping	actions
kaomoji	(＿ ＿*) Z z z	sleeping	actions
kaomoji	(x . x) ~~zzZ	sleeping	actions
kaomoji	^._.^= ∫	cats	animals
kaomoji	=^._.^= ∫	cats	animals
kaomoji	ฅ(＾・ω・＾ฅ)	cats	animals
kaomoji	（＾・ω・＾✿）	cats	animals
kaomoji	(^・x・^)	cats	animals
kaomoji	(=^･ｪ･^=))ﾉ彡☆	cats	animals
kaomoji	(=´∇｀=)	cats	animals
kaomoji	Σ(;Φ ω Φ)	cats	animals
kaomoji	(Φ ᆺ Φ)	cats	animals
kaomoji	(ﾐⓛᆽⓛﾐ)✧	cats	animals
kaomoji	(=^･ω･^=)	cats	animals
kaomoji	(=^･ｪ･^=)	cats	animals
kaomoji	( =ω=)..nyaa	cats	animals
kaomoji	(= ; ｪ ; =)	cats	animals
kaomoji	(=`ω´=)	cats	animals
kaomoji	(=^‥^=)	cats	animals
kaomoji	( =ノωヽ=)	cats	animals
kaomoji	(=⌒‿‿⌒=)	cats	animals
kaomoji	(=^ ◡ ^=)	cats	animals
kaomoji	(=^-ω-^=)	cats	animals
kaomoji	ヾ(=`ω´=)ノ”	cats	animals
kaomoji	(＾• ω •＾)	cats	animals
kaomoji	(/ =ω=)/	cats	animals
kaomoji	ฅ(•ㅅ•❀)ฅ	cats	animals
kaomoji	ฅ(• ɪ •)ฅ	cats	animals
kaomoji	ଲ(ⓛ ω ⓛ)ଲ	cats	animals
kaomoji	(^=◕ᴥ◕=^)	cats	animals
kaomoji	( =ω= )	cats	animals
kaomoji	(^˵◕ω◕˵^)	cats	animals
kaomoji	(^◔ᴥ◔^)	cats	animals
kaomoji	(^◕ᴥ◕^)	cats	animals
kaomoji	ต(=ω=)ต	cats	animals
kaomoji	( Φ ω Φ )	cats	animals
kaomoji	ฅ(^◕ᴥ◕^)ฅ	cats	animals
kaomoji	( ´(ｴ)ˋ )	bears	animals
kaomoji	(*￣(ｴ)￣*)	bears	animals
kaomoji	ヽ(￣(ｴ)￣)ﾉ	bears	animals
kaomoji	(／￣(ｴ)￣)／	bears	animals
kaomoji	(￣(ｴ)￣)	bears	animals
kaomoji	ヽ( ˋ(ｴ)´ )ﾉ	bears	animals
kaomoji	⊂(￣(ｴ)￣)⊃	bears	animals
kaomoji	(／(ｴ)＼)	bears	animals
kaomoji	⊂(´(ェ)ˋ)⊃	bears	animals
kaomoji	(/-(ｴ)-＼)	bears	animals
kaomoji	(/°(ｴ)°)/	bears	animals
kaomoji	ʕ ᵔᴥᵔ ʔ	bears	animals
kaomoji	ʕ •ᴥ• ʔ	bears	animals
kaomoji	ʕ •̀ ω •́ ʔ	bears	animals
kaomoji	ʕ •̀ o •́ ʔ	bears	animals
kaomoji	ʕಠᴥಠʔ	bears	animals
kaomoji	∪＾ェ＾∪	dog	animals
kaomoji	∪･ω･∪	dog	animals
kaomoji	∪￣-￣∪	dog	animals
kaomoji	∪･ｪ･∪	dog	animals
kaomoji	ＵＴｪＴＵ	dog	animals
kaomoji	U^ｪ^U	dog	animals
kaomoji	U・ᴥ・U	dog	animals
kaomoji	／(≧ x ≦)＼	rabbit	animals
kaomoji	／(･ × ･)＼	rabbit	animals
kaomoji	／(=´x`=)＼	rabbit	animals
kaomoji	／(^ x ^)＼	rabbit	animals
kaomoji	／(=･ x ･=)＼	rabbit	animals
kaomoji	／(^ × ^)＼	rabbit	animals
kaomoji	／(＞×＜)＼	rabbit	animals
kaomoji	／(˃ᆺ˂)\＼	rabbit	animals
kaomoji	(′⅄‵)	rabbit	animals
kaomoji	U・x・U	rabbit	animals
kaomoji	(•ㅅ•)	rabbit	animals
kaomoji	( ･×･)	rabbit	animals
kaomoji	（ ÒㅅÓ)	rabbit	animals
kaomoji	(๏ᆺ๏υ)	rabbit	animals
kaomoji	(๑╹ᆺ╹)	rabbit	animals
kaomoji	／(・x・)＼	rabbit	animals
kaomoji	⌒(・x・)⌒	rabbit	animals
kaomoji	U｡･.･｡U	rabbit	animals
kaomoji	U╹ x ╹U	rabbit	animals
kaomoji	／(=∵=)＼	rabbit	animals
kaomoji	U(•ㅅ•)U	rabbit	animals
kaomoji	(´・×・｀)	rabbit	animals
kaomoji	○(･x･)○	rabbit	animals
kaomoji	⁽˙̄˟˙̄⁾	rabbit	animals
kaomoji	(๑òᆺó๑)	rabbit	animals
kaomoji	⁽⁽˙˟˙⁾⁾	rabbit	animals
kaomoji	(´･×･`)	rabbit	animals
kaomoji	⌒(•ㅅ•)⌒	rabbit	animals
kaomoji	(乂☉ｪ☉=)	rabbit	animals
kaomoji	(╹ૅ×╹ૅ)	rabbit	animals
kaomoji	￣(•ㅅ•)￣	rabbit	animals
kaomoji	⌒(=∵=)⌒	rabbit	animals
kaomoji	/(•ㅅ•)\	rabbit	animals
kaomoji	U(ㅇㅅㅇ❀)U	rabbit	animals
kaomoji	／(˃ᆺ˂)＼	rabbit	animals
kaomoji	( ´(00)ˋ )	pig	animals
kaomoji	(￣(ω)￣)	pig	animals
kaomoji	ヽ( ˋ(00)´ )ノ	pig	animals
kaomoji	( ´(oo)ˋ )	pig	animals
kaomoji	＼(￣(oo)￣)／	pig	animals
kaomoji	｡ﾟ(ﾟ´(00)`ﾟ)ﾟ｡	pig	animals
kaomoji	(￣(00)￣)	pig	animals
kaomoji	(ˆ(oo)ˆ)	pig	animals
kaomoji	(￣Θ￣)	bird	animals
kaomoji	(`･Θ･´)	bird	animals
kaomoji	( ˋ Θ ´ )	bird	animals
kaomoji	(◉Θ◉)	bird	animals
kaomoji	＼( ˋ Θ ´ )／	bird	animals
kaomoji	(･θ･)	bird	animals
kaomoji	(・Θ・)	bird	animals
kaomoji	ヾ(￣◇￣)ノ〃	bird	animals
kaomoji	(･Θ･)	bird	animals
kaomoji	(°)#))<<	fish	animals
kaomoji	<・ )))><<	fish	animals
kaomoji	ζ°)))彡	fish	animals
kaomoji	>°))))彡	fish	animals
kaomoji	(°))<<	fish	animals
kaomoji	>^)))<～～	fish	animals
kaomoji	≧( ° ° )≦	fish	animals
kaomoji	╲\╭(ఠఠ益ఠఠ)╮\╱\	spider	animals
kaomoji	╲\╭(ರರ⌓ರರ)╮\╱\	spider	animals
kaomoji	╲\╭༼ ººل͟ºº ༽╮\╱\	spider	animals
kaomoji	╲\╭( ͡°͡° ͜ʖ ͡°͡°)╮\╱\	spider	animals
kaomoji	╲\╭[ ᴼᴼ ౪ ᴼᴼ]╮\╱\	spider	animals
kaomoji	╲\( •̀ ω •́ )\╱\	spider	animals
kaomoji	╲\╭[☉﹏☉]╮\╱\	spider	animals
kaomoji	╲╭(ఠఠ益ఠఠ)╮╱	spider	animals
kaomoji	╲╭(ರರ⌓ರರ)╮╱	spider	animals
kaomoji	╲╭༼ ººل͟ºº ༽╮╱	spider	animals
kaomoji	╲╭( ͡°͡° ͜ʖ ͡°͡°)╮╱	spider	animals
kaomoji	╲╭[ ᴼᴼ ౪ ᴼᴼ]╮╱	spider	animals
kaomoji	╲( •̀ ω •́ )╱	spider	animals
kaomoji	╲╭[☉﹏☉]╮╱	spider	animals
kaomoji	(✖╭╮✖)	dead	other
kaomoji	ヽ༼xل͜x༽ﾉ	dead	other
kaomoji	(×_×;）	dead	other
kaomoji	(✖´╹‸╹`✖)	dead	other
kaomoji	(X_X)	dead	other
kaomoji	☜(◉▂◉)	dead	other
kaomoji	(×_×#	dead	other
kaomoji	〓■●＿～□○0	dead	other
kaomoji	0(:3	dead	other
kaomoji	)～	dead	other
kaomoji	=͟͟͞͞(’､3)_ヽ)＿	dead	other
kaomoji	・・・・・～～～～～～～(m￣ー￣)m	dead	other
kaomoji	ー=≡Σ[▓▓]ε¦)	dead	other
kaomoji	ー=≡Σ(	dead	other
kaomoji	ε¦)0	dead	other
kaomoji	⎧ᴿᴵᴾ⎫◟◟◟◟◟◟◟◟❀◟(óò,)	dead	other
kaomoji	m(ﾟДﾟm)～【†】～(m´ρ`)m	dead	other
kaomoji	~~(m´□｀)/ﾟ･:*†┏┛呪┗┓†*:･ﾟ＼(´□｀m)~~	dead	other
kaomoji	(u_u)	dead	other
kaomoji	(ヘ。ヘ)	dead	other
kaomoji	彡(-_-;)彡	dead	other
kaomoji	(｡≍ฺ‿ฺ≍ฺ)	dead	other
kaomoji	（Ω_Ω）	dead	other
kaomoji	(º_º)	dead	other
kaomoji	Σ(๑+⌓	dead	other
kaomoji	o｡)シ	dead	other
kaomoji	(o_-)	dead	other
kaomoji	(＊0＊;)	dead	other
kaomoji	（x_x；）	dead	other
kaomoji	╭✖⊆✖╮	dead	other
kaomoji	(´×д×`三꒪д꒪;)	dead	other
kaomoji	१|✘`皿′✘|५	dead	other
kaomoji	꒰ლ✘ㅿ✘ლ꒱	dead	other
kaomoji	(⁎×ㅂ×⁎)༘	dead	other
kaomoji	(((＼（✘෴✘）／)))	dead	other
kaomoji	✖‿✖	dead	other
kaomoji	¿ⓧ_ⓧﮌ	dead	other
kaomoji	⊆✕ڡ✕⊇	dead	other
kaomoji	(✖ਊ✖)	dead	other
kaomoji	･ﾟﾟ･(×_×)･ﾟﾟ･｡	dead	other
kaomoji	c༽✖﹏✖༼ᓄ	dead	other
kaomoji	٩(×̯×)۶	dead	other
kaomoji	Ｕ×Å×Ｕ	dead	other
kaomoji	⁽͑˙˟́˙̭˟̀˙⁾̉	dead	other
kaomoji	ヾ(××)ﾂ	dead	other
kaomoji	(×m×）	dead	other
kaomoji	╭(✖_✖)╮	dead	other
kaomoji	ヽ༼,͡X͜ʖ͡X,༽ﾉ	dead	other
kaomoji	┌╏✖_✖╏┘	dead	other
kaomoji	୧|✖﹏✖|୨	dead	other
kaomoji	(✖﹏✖)	dead	other
kaomoji	(✖︿✖)	dead	other
kaomoji	（*ｘ＿ｘ）	dead	other
kaomoji	(x~x)	dead	other
kaomoji	╰▐✖〜✖▐╯	dead	other
kaomoji	¯_|✖〜✖|_/¯	dead	other
kaomoji	Σ(×_×;)!	dead	other
kaomoji	(ꀻꎁꀻ)	dead	other
kaomoji	∑(✘Д✘๑)	dead	other
kaomoji	║:xل͜x:║	dead	other
kaomoji	(×□×；)	dead	other
kaomoji	໒(”x͟ʖx	dead	other
kaomoji	”७	dead	other
kaomoji	（×ω×）	dead	other
kaomoji	꒰⁎×﹏×⁎꒱	dead	other
kaomoji	༘ؓ	dead	other
kaomoji	ँั๊ྃ	dead	other
kaomoji	┌▒⊗▃⊗▒┐	dead	other
kaomoji	(#+_+)	dead	other
kaomoji	(+_+)	dead	other
kaomoji	ゞ(++)	dead	other
kaomoji	シ(+o+)	dead	other
kaomoji	Σ(＋Θ＋);	dead	other
kaomoji	༼+ل͟+༽	dead	other
kaomoji	(´+ω+｀)	dead	other
kaomoji	(｡´✚ฺω✚ฺ｀｡)	dead	other
kaomoji	〓■●～～=□○0	dead	other
kaomoji	m(~ー~m)～	dead	other
kaomoji	～(m~ー~)m	dead	other
kaomoji	(-Ω-メ)	dead	other
kaomoji	(　◕‿◕✿)	flower face	other
kaomoji	(◕ ﺮ ◕✿)	flower face	other
kaomoji	(◕ ˬ ◕✿)	flower face	other
kaomoji	(◕ˇ ◕✿)	flower face	other
kaomoji	(◕◡◕✿)	flower face	other
kaomoji	(◔◡◔✿)	flower face	other
kaomoji	(◕ ω ◕✿)	flower face	other
kaomoji	(◕ܫ◕✿)	flower face	other
kaomoji	(◕ ワ ◕✿)	flower face	other
kaomoji	(◕▽◕✿)	flower face	other
kaomoji	(◕ ɔ ◕✿)	flower face	other
kaomoji	(◕∇◕✿)	flower face	other
kaomoji	♡(◕ᗜ◕✿)	flower face	other
kaomoji	(◕˽ ◕ ✿)	flower face	other
kaomoji	(✿◕ 𐤿◕)	flower face	other
kaomoji	(◕∀◕✿)	flower face	other
kaomoji	(◕ っ ◕✿)	flower face	other
kaomoji	(◕ᥧ ◕✿)	flower face	other
kaomoji	(◕ᥲ ◕✿)	flower face	other
kaomoji	(◕ᱛ ◕✿)	flower face	other
kaomoji	(◕ﬦ ◕✿)	flower face	other
kaomoji	(◕ ᄋ ◕✿)	flower face	other
kaomoji	(◕ ꒳ ◕✿)	flower face	other
kaomoji	(◕ .̫ ◕✿)	flower face	other
kaomoji	(´ ꒳ ` ✿)	flower face	other
kaomoji	(ᅌ ˇ ᅌ✿)	flower face	other
kaomoji	(ᅌᴗᅌ✿)	flower face	other
kaomoji	(ᅌʊᅌ✿)	flower face	other
kaomoji	(╹ っ ╹✿)	flower face	other
kaomoji	（＾－＾✿）	flower face	other
kaomoji	(・ω ・✿)	flower face	other
kaomoji	(❦ ᴗ ❦ ✿)	flower face	other
kaomoji	(ó ꒳ ò✿)	flower face	other
kaomoji	(´ ᴗ｀✿)	flower face	other
kaomoji	(///∇///✿)	flower face	other
kaomoji	(///ˬ///✿)	flower face	other
kaomoji	(///ˉ///✿)	flower face	other
kaomoji	(///꒳///✿)	flower face	other
kaomoji	(✿˵◕‿◕˵)	flower face	other
kaomoji	(˵◕ ɔ ◕˵✿)	flower face	other
kaomoji	(✿˵◕ ɜ◕˵)	flower face	other
kaomoji	(˵◕ ɛ ◕˵✿)	flower face	other
kaomoji	(˵◕ ʚ ◕˵✿)	flower face	other
kaomoji	(｡◕‿◕｡✿)	flower face	other
kaomoji	(⁄ ⁄　◕⁄　⁄‿⁄　◕⁄ ⁄✿)	flower face	other
kaomoji	(⁄ ⁄◕⁄ω⁄◕⁄ ⁄✿)	flower face	other
kaomoji	(⁄ ⁄◕⁄‿⁄◕⁄ ⁄✿)	flower face	other
kaomoji	(ꈍ ꒳ ꈍ✿)	flower face	other
kaomoji	(ꈍ ˬ ꈍ✿)	flower face	other
kaomoji	(ꈍ ᴗ ꈍ✿)	flower face	other
kaomoji	‧⁺✧(˶´⚰︎`˵✿)⁺‧	flower face	other
kaomoji	̑̑ෆ(⸝⸝⸝◉⸝ ｡ ⸝◉⸝✿⸝⸝)	flower face	other
kaomoji	(◕ ᥥ ◕✿)	flower face	other
kaomoji	(◕ˉ◕✿)	flower face	other
kaomoji	(◕_ゝ ◕✿)	flower face	other
kaomoji	(◕‸ ◕✿) *pout*	flower face	other
kaomoji	(இ__இ✿)	flower face	other
kaomoji	(இ ˆ இ✿)	flower face	other
kaomoji	( ᵒ̴̶̷̥ ‸ ᵒ̴̶̷̣̥ ✿)	flower face	other
kaomoji	(ﹷ _ ﹷ✿)	flower face	other
kaomoji	｡:ﾟ(｡ﹷ ‸ ﹷ ✿)	flower face	other
kaomoji	(இ ‸ இ✿)	flower face	other
kaomoji	( ˃̣̣̥﹏˂̣̣̥ ✿)	flower face	other
kaomoji	( ˃̣̣̥__◕✿)	flower face	other
kaomoji	(つ﹏◕✿)･ﾟ｡	flower face	other
kaomoji	( ´•̥̥̥ω•̥̥̥` )	flower face	other
kaomoji	(´•̥̥̥ ‸ •̥̥̥`✿)	flower face	other
kaomoji	(´• ᴗ •̥`✿)	flower face	other
kaomoji	(ᵕ̣̣̣̣̣ ہ ᵕ̣̣̣̣̣̣ ✿)	flower face	other
kaomoji	(ꈍ ‸ ꈍ✿)	flower face	other
kaomoji	˚‧º·( 。ᗒ ‸ ◕✿)	flower face	other
kaomoji	(´◕ ᵔ ◕`✿)*ᶜʳᶦᵉˢ*	flower face	other
kaomoji	(´◕︵◕`✿)	flower face	other
kaomoji	(≖ ︿ ≖ ✿)	flower face	other
kaomoji	(≖ ︿ ≖ ✿)ꐦꐦ	flower face	other
kaomoji	(≖ ‸ ≖ ✿)	flower face	other
kaomoji	(≖ ˆ ≖ ✿)	flower face	other
kaomoji	(≖ Δ ≖ ✿)	flower face	other
kaomoji	ꉂ `≖ o ≖´ ✿ )	flower face	other
kaomoji	(ಸ ︿ ಸ ✿)	flower face	other
kaomoji	ヾ(・ω・)メ(・ω・)ノ	friends	other
kaomoji	ヽ(∀° )人( °∀)ノ	friends	other
kaomoji	ヽ( ⌒o⌒)人(⌒-⌒ )ﾉ	friends	other
kaomoji	(*^ω^)八(⌒▽⌒)八(-‿‿- )ヽ	friends	other
kaomoji	＼(＾∀＾)メ(＾∀＾)ノ	friends	other
kaomoji	ヾ(￣ー￣(≧ω≦*)ゝ	friends	other
kaomoji	ヽ( ⌒ω⌒)人(=^‥^= )ﾉ	friends	other
kaomoji	ヽ(≧◡≦)八(o^ ^o)ノ	friends	other
kaomoji	(*・∀・)爻(・∀・*)	friends	other
kaomoji	｡*:☆(・ω・人・ω・)｡:゜☆｡	friends	other
kaomoji	o(^^o)(o^^o)(o^^o)(o^^)o	friends	other
kaomoji	(((￣(￣(￣▽￣)￣)￣)))	friends	other
kaomoji	(°(°ω(°ω°(☆ω☆)°ω°)ω°)°)	friends	other
kaomoji	ヾ(・ω・`)ノヾ(´・ω・)ノ゛	friends	other
kaomoji	Ψ( `∀)(∀´ )Ψ	friends	other
kaomoji	(っ˘▽˘)(˘▽˘)˘▽˘ς)	friends	other
kaomoji	(((*°▽°*)八(*°▽°*)))	friends	other
kaomoji	☆ヾ(*´・∀・)ﾉヾ(・∀・`*)ﾉ☆	friends	other
kaomoji	(*＾ω＾)人(＾ω＾*)	friends	other
kaomoji	٩(๑･ิᴗ･ิ)۶٩(･ิᴗ･ิ๑)۶	friends	other
kaomoji	(☞°ヮ°)☞ ☜(°ヮ°☜)	friends	other
kaomoji	＼(▽￣ \ (￣▽￣) / ￣▽)／	friends	other
kaomoji	\( ˙▿˙ )/\( ˙▿˙ )/	friends	other
kaomoji	(▽￣  (￣▽￣) / ￣▽)	friends	other
kaomoji	( ˙▿˙ )/( ˙▿˙ )/	friends	other
kaomoji	ヽ( ･∀･)ﾉ_θ彡☆Σ(ノ `Д´)ノ	enemies	other
kaomoji	(*´∇`)┌θ☆(ﾉ>_<)ﾉ	enemies	other
kaomoji	( ￣ω￣)ノﾞ⌒☆ﾐ(o _ _)o	enemies	other
kaomoji	(*`0´)θ☆(メ°皿°)ﾉ	enemies	other
kaomoji	(o¬‿¬o )...☆ﾐ(*x_x)	enemies	other
kaomoji	(╬￣皿￣)=○＃(￣#)３￣)	enemies	other
kaomoji	(; -_-)――――――C<―_-)	enemies	other
kaomoji	＜( ￣︿￣)︵θ︵θ︵☆(＞口＜－)	enemies	other
kaomoji	(￣ε(#￣)☆╰╮o(￣▽￣///)	enemies	other
kaomoji	ヽ(>_<ヽ) ―⊂|=0ヘ(^‿^ )	enemies	other
kaomoji	ヘ(>_<ヘ) ￢o(￣‿￣ﾒ)	enemies	other
kaomoji	,,((( ￣□)_／ ＼_(○￣ ))),,	enemies	other
kaomoji	(҂` ﾛ ´)︻デ═一 ＼(º □ º l|l)/	enemies	other
kaomoji	(╯°Д°)╯︵ /(.□ . ＼)	enemies	other
kaomoji	(¬_¬'')ԅ(￣ε￣ԅ)	enemies	other
kaomoji	/( .□.)＼ ︵╰(°益°)╯︵ /(.□. /)	enemies	other
kaomoji	(ﾉ-.-)ﾉ….((((((((((((●~* ( >_<)	enemies	other
kaomoji	!!(ﾒ￣ ￣)_θ☆°0°)/	enemies	other
kaomoji	(`⌒*)O-(`⌒´Q)	enemies	other
kaomoji	(((ง’ω’)و三 ง’ω’)ڡ≡　☆⌒ﾐ((x_x)	enemies	other
kaomoji	(งಠ_ಠ)ง　σ( •̀ ω •́ σ)	enemies	other
kaomoji	(っ•﹏•)っ ✴==≡눈٩(`皿´҂)ง	enemies	other
kaomoji	(｢• ω •)｢ (⌒ω⌒`)	enemies	other
kaomoji	( °ᴗ°)~ð (/❛o❛)	enemies	other
kaomoji	( ・∀・)・・・--------☆	weapons	other
kaomoji	(/-_・)/D・・・・・------ →	weapons	other
kaomoji	(^ω^)ノﾞ(((((((((●～*	weapons	other
kaomoji	( -ω-)／占~~~~~	weapons	other
kaomoji	(/・・)ノ　　 (( く ((へ	weapons	other
kaomoji	―⊂|=0ヘ(^^ )	weapons	other
kaomoji	○∞∞∞∞ヽ(^ー^ )	weapons	other
kaomoji	(; ・_・)――――C	weapons	other
kaomoji	(ಠ o ಠ)¤=[]:::::>	weapons	other
kaomoji	(*＾＾)/~~~~~~~~~~◎	weapons	other
kaomoji	￢o(￣-￣ﾒ)	weapons	other
kaomoji	―(T_T)→	weapons	other
kaomoji	((( ￣□)_／	weapons	other
kaomoji	(ﾒ` ﾛ ´)︻デ═一	weapons	other
kaomoji	( ´-ω･)︻┻┳══━一	weapons	other
kaomoji	(ﾒ￣▽￣)︻┳═一	weapons	other
kaomoji	✴==≡눈٩(`皿´҂)ง	weapons	other
kaomoji	Q(`⌒´Q)	weapons	other
kaomoji	ノ ˘_˘)ノ　ζ|||ζ　ζ|||ζ　ζ|||ζ	magics	other
kaomoji	(ﾉ≧∀≦)ﾉ ‥…━━━★	magics	other
kaomoji	(ﾉ>ω<)ﾉ :｡･:*:･ﾟ’★,｡･:*:･ﾟ’☆	magics	other
kaomoji	(ノ°∀°)ノ⌒･*:.｡. .｡.:*･゜ﾟ･*☆	magics	other
kaomoji	(＃￣□￣)o━∈・・━━━━☆	magics	other
kaomoji	(⊃｡•́‿•̀｡)⊃━✿✿✿✿✿✿	magics	other
kaomoji	(∩ᄑ_ᄑ)⊃━☆ﾟ*･｡*･:≡( ε:)	magics	other
kaomoji	(/￣ー￣)/~~☆’.･.･:★’.･.･:☆	magics	other
kaomoji	(∩` ﾛ ´)⊃━炎炎炎炎炎	magics	other
kaomoji	(っ˘ڡ˘ς)	food	other
kaomoji	( o˘◡˘o) ┌iii┐	food	other
kaomoji	(　’ω’)旦~~	food	other
kaomoji	( ˘▽˘)っ♨	food	other
kaomoji	♨o(>_<)o♨	food	other
kaomoji	( ・ω・)o-{{[〃]}}	food	other
kaomoji	(　・ω・)⊃-[二二]	food	other
kaomoji	( ・・)つ―{}@{}@{}-	food	other
kaomoji	(*´ー`)旦 旦(￣ω￣*)	food	other
kaomoji	(*´з`)口ﾟ｡ﾟ口(・∀・ )	food	other
kaomoji	( o^ ^o)且 且(´ω`*)	food	other
kaomoji	( ￣▽￣)[] [](≧▽≦ )	food	other
kaomoji	( *^^)o∀*∀o(^^* )	food	other
kaomoji	( ^^)_旦~~　 ~~U_(^^ )	food	other
kaomoji	(*￣▽￣)旦 且(´∀`*)	food	other
kaomoji	-●●●-ｃ(・・ )	food	other
kaomoji	( ・・)つ―●○◎-	food	other
kaomoji	ヾ(´〇`)ﾉ♪♪♪	musics	other
kaomoji	ヘ(￣ω￣ヘ)	musics	other
kaomoji	(〜￣▽￣)〜	musics	other
kaomoji	〜(￣▽￣〜)	musics	other
kaomoji	ヽ(o´∀`)ﾉ♪♬	musics	other
kaomoji	♪ヽ(^^ヽ)♪	musics	other
kaomoji	♪(/_ _ )/♪	musics	other
kaomoji	♪♬((d⌒ω⌒b))♬♪	musics	other
kaomoji	└(￣-￣└))	musics	other
kaomoji	((┘￣ω￣)┘	musics	other
kaomoji	√(￣‥￣√)	musics	other
kaomoji	└(＾＾)┐	musics	other
kaomoji	┌(＾＾)┘	musics	other
kaomoji	＼(￣▽￣)＼	musics	other
kaomoji	／(￣▽￣)／	musics	other
kaomoji	(￣▽￣)/♫•*¨*•.¸¸♪	musics	other
kaomoji	(~˘▽˘)~	musics	other
kaomoji	~(˘▽˘~)	musics	other
kaomoji	ヾ(⌐■_■)ノ♪	musics	other
kaomoji	(~‾▽‾)~	musics	other
kaomoji	~(˘▽˘)~	musics	other
kaomoji	乁( • ω •乁)	musics	other
kaomoji	(｢• ω •)｢	musics	other
kaomoji	⁽⁽◝( • ω • )◜⁾⁾	musics	other
kaomoji	✺◟( • ω • )◞✺	musics	other
kaomoji	♬♫♪◖(● o ●)◗♪♫♬	musics	other
kaomoji	( ˘ ɜ˘) ♬♪♫	musics	other
kaomoji	♪♪♪ ヽ(ˇ∀ˇ )ゞ	musics	other
kaomoji	(ˇ▽ˇ)ノ♪♬♫	musics	other
kaomoji	^^)p_____|_o____q(^^ )	games	other
kaomoji	(／o^)/ °⊥ ＼(^o＼)	games	other
kaomoji	!(;ﾟoﾟ)o/￣￣￣￣￣￣￣~ >ﾟ))))彡	games	other
kaomoji	ヽ(^o^)ρ┳┻┳°σ(^o^)ノ	games	other
kaomoji	(／_^)／　　●　＼(^_＼)	games	other
kaomoji	"( (≡|≡))_／ ＼_((≡|≡) )"	games	other
kaomoji	( ノ-_-)ノﾞ_□ VS □_ヾ(^-^ヽ)	games	other
kaomoji	ヽ(；^ ^)ノﾞ ．．．...___〇	games	other
kaomoji	(=O*_*)=O Q(*_*Q)	games	other
kaomoji	Ю　○三　＼(￣^￣＼)	games	other
kaomoji	(˙ω˙)🎮(˙∀˙)🎮	games	other
kaomoji	٩(ˊ〇ˋ*)و	misc	special
kaomoji	(╯°益°)╯彡┻━┻	misc	special
kaomoji	(╮°-°)╮┳━━┳ ( ╯°□°)╯ ┻━━┻	misc	special
kaomoji	┬─┬ノ( º _ ºノ)	misc	special
kaomoji	(oT-T)尸	misc	special
kaomoji	[̲̅$̲̅(̲̅ ͡° ͜ʖ ͡°̲̅)̲̅$̲̅]	misc	special
kaomoji	(ಠ_ಠ)	misc	special
kaomoji	౦０o ｡ (‾́。‾́ )y~~	misc	special
kaomoji	(x(x_(x_x(O_o)x_x)_x)x)	misc	special
kaomoji	(　･ω･)☞	misc	special
kaomoji	(　￣.)o-　　【　TV　】	misc	special
kaomoji	｀、ヽ｀ヽ｀、ヽ(ノ＞＜)ノ ｀、ヽ｀☂ヽ｀、ヽ	misc	special
kaomoji	‿︵‿︵‿︵‿ヽ(°□° )ノ︵‿︵‿︵‿︵	misc	special
kaomoji	( • )( • )ԅ(≖‿≖ԅ)	misc	special
kaomoji	( ＾▽＾)っ✂╰⋃╯	misc	special
kaomoji	〜〜(／￣▽)／　〜ф	misc	special
kaomoji	ଘ(੭ˊᵕˋ)੭* ੈ✩‧₊˚	misc	special
kaomoji	ଘ(੭ˊ꒳​ˋ)੭✧	misc	special
kaomoji	_(:3 」∠)_	misc	special
kaomoji	∠( ᐛ 」∠)_	misc	special
